time,open,high,low,close,volume,adj_close
2020-10-08 09:30:00,116.25,116.4000015258789,114.58999633789062,114.97000122070312,83477200,111.42176818847656
2020-10-09 09:30:00,115.27999877929688,117.0,114.91999816894531,116.97000122070312,100506900,113.36005401611328
2020-10-12 09:30:00,120.05999755859375,125.18000030517578,119.27999877929688,124.4000015258789,240226800,120.56075286865234
2020-10-13 09:30:00,125.2699966430664,125.38999938964844,119.6500015258789,121.0999984741211,262330500,117.36258697509766
2020-10-14 09:30:00,121.0,123.02999877929688,119.62000274658203,121.19000244140625,150712000,117.44982147216797
2020-10-15 09:30:00,118.72000122070312,121.19999694824219,118.1500015258789,120.70999908447266,112559200,116.984619140625
2020-10-16 09:30:00,121.27999877929688,121.55000305175781,118.80999755859375,119.0199966430664,115393800,115.34678649902344
2020-10-19 09:30:00,119.95999908447266,120.41999816894531,115.66000366210938,115.9800033569336,120639300,112.40060424804688
2020-10-20 09:30:00,116.19999694824219,118.9800033569336,115.62999725341797,117.51000213623047,124423700,113.88337707519531
2020-10-21 09:30:00,116.66999816894531,118.70999908447266,116.44999694824219,116.87000274658203,89946000,113.26314544677734
2020-10-22 09:30:00,117.44999694824219,118.04000091552734,114.58999633789062,115.75,101988000,112.17770385742188
2020-10-23 09:30:00,116.38999938964844,116.55000305175781,114.27999877929688,115.04000091552734,82572600,111.4896011352539
2020-10-26 09:30:00,114.01000213623047,116.55000305175781,112.87999725341797,115.05000305175781,111850700,111.49931335449219
2020-10-27 09:30:00,115.48999786376953,117.27999877929688,114.54000091552734,116.5999984741211,92276800,113.00147247314453
2020-10-28 09:30:00,115.05000305175781,115.43000030517578,111.0999984741211,111.19999694824219,143937800,107.76814270019531
2020-10-29 09:30:00,112.37000274658203,116.93000030517578,112.19999694824219,115.31999969482422,146129200,111.76097869873047
2020-10-30 09:30:00,111.05999755859375,111.98999786376953,107.72000122070312,108.86000061035156,190272600,105.50033569335938
2020-11-02 09:30:00,109.11000061035156,110.68000030517578,107.31999969482422,108.7699966430664,122866900,105.41312408447266
2020-11-03 09:30:00,109.66000366210938,111.48999786376953,108.7300033569336,110.44000244140625,107624400,107.03157806396484
2020-11-04 09:30:00,114.13999938964844,115.58999633789062,112.3499984741211,114.94999694824219,138235500,111.40238189697266
2020-11-05 09:30:00,117.94999694824219,119.62000274658203,116.87000274658203,119.02999877929688,126387100,115.35648345947266
2020-11-06 09:30:00,118.31999969482422,119.19999694824219,116.12999725341797,118.69000244140625,114457900,115.22542572021484
2020-11-09 09:30:00,120.5,121.98999786376953,116.05000305175781,116.31999969482422,154515300,112.9245834350586
2020-11-10 09:30:00,115.55000305175781,117.58999633789062,114.12999725341797,115.97000122070312,138023400,112.5848159790039
2020-11-11 09:30:00,117.19000244140625,119.62999725341797,116.44000244140625,119.48999786376953,112295000,116.0020751953125
2020-11-12 09:30:00,119.62000274658203,120.52999877929688,118.56999969482422,119.20999908447266,103162300,115.730224609375
2020-11-13 09:30:00,119.44000244140625,119.66999816894531,117.87000274658203,119.26000213623047,81581900,115.77877044677734
2020-11-16 09:30:00,118.91999816894531,120.98999786376953,118.1500015258789,120.30000305175781,91183000,116.78841400146484
2020-11-17 09:30:00,119.55000305175781,120.66999816894531,118.95999908447266,119.38999938964844,74271000,115.90497589111328
2020-11-18 09:30:00,118.61000061035156,119.81999969482422,118.0,118.02999877929688,76322100,114.58468627929688
2020-11-19 09:30:00,117.58999633789062,119.05999755859375,116.80999755859375,118.63999938964844,74113000,115.17687225341797
2020-11-20 09:30:00,118.63999938964844,118.7699966430664,117.29000091552734,117.33999633789062,73604300,113.91483306884766
2020-11-23 09:30:00,117.18000030517578,117.62000274658203,113.75,113.8499984741211,127959300,110.52668762207031
2020-11-24 09:30:00,113.91000366210938,115.8499984741211,112.58999633789062,115.16999816894531,113874200,111.80816650390625
2020-11-25 09:30:00,115.55000305175781,116.75,115.16999816894531,116.02999877929688,76499200,112.64307403564453
2020-11-27 09:30:00,116.56999969482422,117.48999786376953,116.22000122070312,116.58999633789062,46691300,113.18671417236328
2020-11-30 09:30:00,116.97000122070312,120.97000122070312,116.80999755859375,119.05000305175781,169410200,115.5749282836914
2020-12-01 09:30:00,121.01000213623047,123.47000122070312,120.01000213623047,122.72000122070312,127728200,119.13777160644531
2020-12-02 09:30:00,122.0199966430664,123.37000274658203,120.88999938964844,123.08000183105469,89004200,119.48725891113281
2020-12-03 09:30:00,123.5199966430664,123.77999877929688,122.20999908447266,122.94000244140625,78967600,119.35136413574219
2020-12-04 09:30:00,122.5999984741211,122.86000061035156,121.5199966430664,122.25,78260400,118.68150329589844
2020-12-07 09:30:00,122.30999755859375,124.56999969482422,122.25,123.75,86712000,120.1377182006836
2020-12-08 09:30:00,124.37000274658203,124.9800033569336,123.08999633789062,124.37999725341797,82225500,120.74934387207031
2020-12-09 09:30:00,124.52999877929688,125.94999694824219,121.0,121.77999877929688,115089200,118.2252197265625
2020-12-10 09:30:00,120.5,123.87000274658203,120.1500015258789,123.23999786376953,81312200,119.64258575439453
2020-12-11 09:30:00,122.43000030517578,122.76000213623047,120.55000305175781,122.41000366210938,86939800,118.83683013916016
2020-12-14 09:30:00,122.5999984741211,123.3499984741211,121.54000091552734,121.77999877929688,79184500,118.2252197265625
2020-12-15 09:30:00,124.33999633789062,127.9000015258789,124.12999725341797,127.87999725341797,157243700,124.14716339111328
2020-12-16 09:30:00,127.41000366210938,128.3699951171875,126.55999755859375,127.80999755859375,98208600,124.07920837402344
2020-12-17 09:30:00,128.89999389648438,129.5800018310547,128.0399932861328,128.6999969482422,94359800,124.94320678710938
2020-12-18 09:30:00,128.9600067138672,129.10000610351562,126.12000274658203,126.66000366210938,192541500,122.96278381347656
2020-12-21 09:30:00,125.0199966430664,128.30999755859375,123.44999694824219,128.22999572753906,121251600,124.48693084716797
2020-12-22 09:30:00,131.61000061035156,134.41000366210938,129.64999389648438,131.8800048828125,168904800,128.03041076660156
2020-12-23 09:30:00,132.16000366210938,132.42999267578125,130.77999877929688,130.9600067138672,88223700,127.13726806640625
2020-12-24 09:30:00,131.32000732421875,133.4600067138672,131.10000610351562,131.97000122070312,54930100,128.1177520751953
2020-12-28 09:30:00,133.99000549316406,137.33999633789062,133.50999450683594,136.69000244140625,124486200,132.69998168945312
2020-12-29 09:30:00,138.0500030517578,138.7899932861328,134.33999633789062,134.8699951171875,121047300,130.93316650390625
2020-12-30 09:30:00,135.5800018310547,135.99000549316406,133.39999389648438,133.72000122070312,96452100,129.81671142578125
2020-12-31 09:30:00,134.0800018310547,134.74000549316406,131.72000122070312,132.69000244140625,99116600,128.8167266845703
2021-01-04 09:30:00,133.52000427246094,133.61000061035156,126.76000213623047,129.41000366210938,143301900,125.63249969482422
2021-01-05 09:30:00,128.88999938964844,131.74000549316406,128.42999267578125,131.00999450683594,97664900,127.1857681274414
2021-01-06 09:30:00,127.72000122070312,131.0500030517578,126.37999725341797,126.5999984741211,155088000,122.90451049804688
2021-01-07 09:30:00,128.36000061035156,131.6300048828125,127.86000061035156,130.9199981689453,109578200,127.09844207763672
2021-01-08 09:30:00,132.42999267578125,132.6300048828125,130.22999572753906,132.0500030517578,105158200,128.19544982910156
2021-01-11 09:30:00,129.19000244140625,130.1699981689453,128.5,128.97999572753906,100384500,125.2150650024414
2021-01-12 09:30:00,128.5,129.69000244140625,126.86000061035156,128.8000030517578,91951100,125.04029846191406
2021-01-13 09:30:00,128.75999450683594,131.4499969482422,128.49000549316406,130.88999938964844,88636800,127.06930541992188
2021-01-14 09:30:00,130.8000030517578,131.0,128.75999450683594,128.91000366210938,90221800,125.14712524414062
2021-01-15 09:30:00,128.77999877929688,130.22000122070312,127.0,127.13999938964844,111598500,123.42877960205078
2021-01-19 09:30:00,127.77999877929688,128.7100067138672,126.94000244140625,127.83000183105469,90757300,124.09862518310547
2021-01-20 09:30:00,128.66000366210938,132.49000549316406,128.5500030517578,132.02999877929688,104319500,128.176025390625
2021-01-21 09:30:00,133.8000030517578,139.6699981689453,133.58999633789062,136.8699951171875,120150900,132.87474060058594
2021-01-22 09:30:00,136.27999877929688,139.85000610351562,135.02000427246094,139.07000732421875,114459400,135.01052856445312
2021-01-25 09:30:00,143.07000732421875,145.08999633789062,136.5399932861328,142.9199981689453,157611700,138.74818420410156
2021-01-26 09:30:00,143.60000610351562,144.3000030517578,141.3699951171875,143.16000366210938,98390600,138.98109436035156
2021-01-27 09:30:00,143.42999267578125,144.3000030517578,140.41000366210938,142.05999755859375,140843800,137.91323852539062
2021-01-28 09:30:00,139.52000427246094,141.99000549316406,136.6999969482422,137.08999633789062,142621100,133.0883026123047
2021-01-29 09:30:00,135.8300018310547,136.74000549316406,130.2100067138672,131.9600067138672,177523800,128.10804748535156
2021-02-01 09:30:00,133.75,135.3800048828125,130.92999267578125,134.13999938964844,106239800,130.2244110107422
2021-02-02 09:30:00,135.72999572753906,136.30999755859375,134.61000061035156,134.99000549316406,83305400,131.04962158203125
2021-02-03 09:30:00,135.75999450683594,135.77000427246094,133.61000061035156,133.94000244140625,89880900,130.03025817871094
2021-02-04 09:30:00,136.3000030517578,137.39999389648438,134.58999633789062,137.38999938964844,84183100,133.37954711914062
2021-02-05 09:30:00,137.35000610351562,137.4199981689453,135.86000061035156,136.75999450683594,75693800,132.96632385253906
2021-02-08 09:30:00,136.02999877929688,136.9600067138672,134.9199981689453,136.91000366210938,71297200,133.11221313476562
2021-02-09 09:30:00,136.6199951171875,137.8800048828125,135.85000610351562,136.00999450683594,76774200,132.23715209960938
2021-02-10 09:30:00,136.47999572753906,136.99000549316406,134.39999389648438,135.38999938964844,73046600,131.63433837890625
2021-02-11 09:30:00,135.89999389648438,136.38999938964844,133.77000427246094,135.1300048828125,64280000,131.38157653808594
2021-02-12 09:30:00,134.35000610351562,135.52999877929688,133.69000244140625,135.3699951171875,60145100,131.6149139404297
2021-02-16 09:30:00,135.49000549316406,136.00999450683594,132.7899932861328,133.19000244140625,80576300,129.495361328125
2021-02-17 09:30:00,131.25,132.22000122070312,129.47000122070312,130.83999633789062,97918500,127.2105484008789
2021-02-18 09:30:00,129.1999969482422,130.0,127.41000366210938,129.7100067138672,96856700,126.1119155883789
2021-02-19 09:30:00,130.24000549316406,130.7100067138672,128.8000030517578,129.8699951171875,87668800,126.26748657226562
2021-02-22 09:30:00,128.00999450683594,129.72000122070312,125.5999984741211,126.0,103916400,122.50482177734375
2021-02-23 09:30:00,123.76000213623047,126.70999908447266,118.38999938964844,125.86000061035156,158273000,122.36869812011719
2021-02-24 09:30:00,124.94000244140625,125.55999755859375,122.2300033569336,125.3499984741211,111039900,121.87284088134766
2021-02-25 09:30:00,124.68000030517578,126.45999908447266,120.54000091552734,120.98999786376953,148199500,117.63381958007812
2021-02-26 09:30:00,122.58999633789062,124.8499984741211,121.19999694824219,121.26000213623047,164560400,117.89630126953125
2021-03-01 09:30:00,123.75,127.93000030517578,122.79000091552734,127.79000091552734,116307900,124.24516296386719
2021-03-02 09:30:00,128.41000366210938,128.72000122070312,125.01000213623047,125.12000274658203,102260900,121.64923858642578
2021-03-03 09:30:00,124.80999755859375,125.70999908447266,121.83999633789062,122.05999755859375,112966300,118.67411804199219
2021-03-04 09:30:00,121.75,123.5999984741211,118.62000274658203,120.12999725341797,178155000,116.79765319824219
2021-03-05 09:30:00,120.9800033569336,121.94000244140625,117.56999969482422,121.41999816894531,153766600,118.0518569946289
2021-03-08 09:30:00,120.93000030517578,121.0,116.20999908447266,116.36000061035156,154376600,113.13224029541016
2021-03-09 09:30:00,119.02999877929688,122.05999755859375,118.79000091552734,121.08999633789062,129525800,117.73102569580078
2021-03-10 09:30:00,121.69000244140625,122.16999816894531,119.44999694824219,119.9800033569336,111943300,116.65184020996094
2021-03-11 09:30:00,122.54000091552734,123.20999908447266,121.26000213623047,121.95999908447266,103026500,118.5768814086914
2021-03-12 09:30:00,120.4000015258789,121.16999816894531,119.16000366210938,121.02999877929688,88105100,117.67269134521484
2021-03-15 09:30:00,121.41000366210938,124.0,120.41999816894531,123.98999786376953,92403800,120.55061340332031
2021-03-16 09:30:00,125.69999694824219,127.22000122070312,124.72000122070312,125.56999969482422,115227900,122.08673095703125
2021-03-17 09:30:00,124.05000305175781,125.86000061035156,122.33999633789062,124.76000213623047,111932600,121.2992172241211
2021-03-18 09:30:00,122.87999725341797,123.18000030517578,120.31999969482422,120.52999877929688,121229700,117.18655395507812
2021-03-19 09:30:00,119.9000015258789,121.43000030517578,119.68000030517578,119.98999786376953,185549500,116.66153717041016
2021-03-22 09:30:00,120.33000183105469,123.87000274658203,120.26000213623047,123.38999938964844,111912300,119.96723175048828
2021-03-23 09:30:00,123.33000183105469,124.23999786376953,122.13999938964844,122.54000091552734,95467100,119.14080047607422
2021-03-24 09:30:00,122.81999969482422,122.9000015258789,120.06999969482422,120.08999633789062,88530500,116.75875091552734
2021-03-25 09:30:00,119.54000091552734,121.66000366210938,119.0,120.58999633789062,98844700,117.24488067626953
2021-03-26 09:30:00,120.3499984741211,121.4800033569336,118.91999816894531,121.20999908447266,94071200,117.84769439697266
2021-03-29 09:30:00,121.6500015258789,122.58000183105469,120.7300033569336,121.38999938964844,80819200,118.02272033691406
2021-03-30 09:30:00,120.11000061035156,120.4000015258789,118.86000061035156,119.9000015258789,85671900,116.57402801513672
2021-03-31 09:30:00,121.6500015258789,123.5199966430664,121.1500015258789,122.1500015258789,118323800,118.7616195678711
2021-04-01 09:30:00,123.66000366210938,124.18000030517578,122.48999786376953,123.0,75089100,119.58805084228516
2021-04-05 09:30:00,123.87000274658203,126.16000366210938,123.06999969482422,125.9000015258789,88651200,122.4075927734375
2021-04-06 09:30:00,126.5,127.12999725341797,125.6500015258789,126.20999908447266,80171300,122.70899963378906
2021-04-07 09:30:00,125.83000183105469,127.91999816894531,125.13999938964844,127.9000015258789,83466700,124.35213470458984
2021-04-08 09:30:00,128.9499969482422,130.38999938964844,128.52000427246094,130.36000061035156,88844600,126.743896484375
2021-04-09 09:30:00,129.8000030517578,133.0399932861328,129.47000122070312,133.0,106686700,129.31065368652344
2021-04-12 09:30:00,132.52000427246094,132.85000610351562,130.6300048828125,131.24000549316406,91420000,127.59945678710938
2021-04-13 09:30:00,132.44000244140625,134.66000366210938,131.92999267578125,134.42999267578125,91266500,130.7009735107422
2021-04-14 09:30:00,134.94000244140625,135.0,131.66000366210938,132.02999877929688,87222800,128.3675537109375
2021-04-15 09:30:00,133.82000732421875,135.0,133.63999938964844,134.5,89347100,130.7689971923828
2021-04-16 09:30:00,134.3000030517578,134.6699981689453,133.27999877929688,134.16000366210938,84922400,130.43850708007812
2021-04-19 09:30:00,133.50999450683594,135.47000122070312,133.33999633789062,134.83999633789062,94264200,131.099609375
2021-04-20 09:30:00,135.02000427246094,135.52999877929688,131.80999755859375,133.11000061035156,94812300,129.41758728027344
2021-04-21 09:30:00,132.36000061035156,133.75,131.3000030517578,133.5,68847100,129.7967071533203
2021-04-22 09:30:00,133.0399932861328,134.14999389648438,131.41000366210938,131.94000244140625,84566500,128.280029296875
2021-04-23 09:30:00,132.16000366210938,135.1199951171875,132.16000366210938,134.32000732421875,78657500,130.59400939941406
2021-04-26 09:30:00,134.8300018310547,135.05999755859375,133.55999755859375,134.72000122070312,66905100,130.98292541503906
2021-04-27 09:30:00,135.00999450683594,135.41000366210938,134.11000061035156,134.38999938964844,66015800,130.6620635986328
2021-04-28 09:30:00,134.30999755859375,135.02000427246094,133.0800018310547,133.5800018310547,107760100,129.8745880126953
2021-04-29 09:30:00,136.47000122070312,137.07000732421875,132.4499969482422,133.47999572753906,151101000,129.7772979736328
2021-04-30 09:30:00,131.77999877929688,133.55999755859375,131.07000732421875,131.4600067138672,109839500,127.81333923339844
2021-05-03 09:30:00,132.0399932861328,134.07000732421875,131.8300018310547,132.5399932861328,75135100,128.86338806152344
2021-05-04 09:30:00,131.19000244140625,131.49000549316406,126.69999694824219,127.8499984741211,137564700,124.30349731445312
2021-05-05 09:30:00,129.1999969482422,130.4499969482422,127.97000122070312,128.10000610351562,84000900,124.54656982421875
2021-05-06 09:30:00,127.88999938964844,129.75,127.12999725341797,129.74000549316406,78128300,126.14109802246094
2021-05-07 09:30:00,130.85000610351562,131.25999450683594,129.47999572753906,130.2100067138672,78973300,126.81307220458984
2021-05-10 09:30:00,129.41000366210938,129.5399932861328,126.80999755859375,126.8499984741211,88071200,123.54074096679688
2021-05-11 09:30:00,123.5,126.2699966430664,122.7699966430664,125.91000366210938,126142800,122.62525177001953
2021-05-12 09:30:00,123.4000015258789,124.63999938964844,122.25,122.7699966430664,112172300,119.5671615600586
2021-05-13 09:30:00,124.58000183105469,126.1500015258789,124.26000213623047,124.97000122070312,105861300,121.70977020263672
2021-05-14 09:30:00,126.25,127.88999938964844,125.8499984741211,127.44999694824219,81918000,124.12508392333984
2021-05-17 09:30:00,126.81999969482422,126.93000030517578,125.16999816894531,126.2699966430664,74244600,122.97586822509766
2021-05-18 09:30:00,126.55999755859375,126.98999786376953,124.77999877929688,124.8499984741211,63342900,121.59290313720703
2021-05-19 09:30:00,123.16000366210938,124.91999816894531,122.86000061035156,124.69000244140625,92612000,121.43708038330078
2021-05-20 09:30:00,125.2300033569336,127.72000122070312,125.0999984741211,127.30999755859375,76857100,123.9887466430664
2021-05-21 09:30:00,127.81999969482422,128.0,125.20999908447266,125.43000030517578,79295400,122.15776824951172
2021-05-24 09:30:00,126.01000213623047,127.94000244140625,125.94000244140625,127.0999984741211,63092900,123.78419494628906
2021-05-25 09:30:00,127.81999969482422,128.32000732421875,126.31999969482422,126.9000015258789,72009500,123.58941650390625
2021-05-26 09:30:00,126.95999908447266,127.38999938964844,126.41999816894531,126.8499984741211,56575900,123.54074096679688
2021-05-27 09:30:00,126.44000244140625,127.63999938964844,125.08000183105469,125.27999877929688,94625600,122.01170349121094
2021-05-28 09:30:00,125.56999969482422,125.80000305175781,124.55000305175781,124.61000061035156,71311100,121.35916900634766
2021-06-01 09:30:00,125.08000183105469,125.3499984741211,123.94000244140625,124.27999877929688,67637100,121.03779602050781
2021-06-02 09:30:00,124.27999877929688,125.23999786376953,124.05000305175781,125.05999755859375,59278900,121.79743194580078
2021-06-03 09:30:00,124.68000030517578,124.8499984741211,123.12999725341797,123.54000091552734,76229200,120.31707763671875
2021-06-04 09:30:00,124.06999969482422,126.16000366210938,123.8499984741211,125.88999938964844,75169300,122.60578155517578
2021-06-07 09:30:00,126.16999816894531,126.31999969482422,124.83000183105469,125.9000015258789,71057600,122.61550903320312
2021-06-08 09:30:00,126.5999984741211,128.4600067138672,126.20999908447266,126.73999786376953,74403800,123.43360137939453
2021-06-09 09:30:00,127.20999908447266,127.75,126.5199966430664,127.12999725341797,56877900,123.81341552734375
2021-06-10 09:30:00,127.0199966430664,128.19000244140625,125.94000244140625,126.11000061035156,71186400,122.82005310058594
2021-06-11 09:30:00,126.52999877929688,127.44000244140625,126.0999984741211,127.3499984741211,53522400,124.0276870727539
2021-06-14 09:30:00,127.81999969482422,130.5399932861328,127.06999969482422,130.47999572753906,96906500,127.07599639892578
2021-06-15 09:30:00,129.94000244140625,130.60000610351562,129.38999938964844,129.63999938964844,62746300,126.25792694091797
2021-06-16 09:30:00,130.3699951171875,130.88999938964844,128.4600067138672,130.14999389648438,91815000,126.7546615600586
2021-06-17 09:30:00,129.8000030517578,132.5500030517578,129.64999389648438,131.7899932861328,96721700,128.35186767578125
2021-06-18 09:30:00,130.7100067138672,131.50999450683594,130.24000549316406,130.4600067138672,108953300,127.0565414428711
2021-06-21 09:30:00,130.3000030517578,132.41000366210938,129.2100067138672,132.3000030517578,79663300,128.84857177734375
2021-06-22 09:30:00,132.1300048828125,134.0800018310547,131.6199951171875,133.97999572753906,74783600,130.48472595214844
2021-06-23 09:30:00,133.77000427246094,134.32000732421875,133.22999572753906,133.6999969482422,60214200,130.21205139160156
2021-06-24 09:30:00,134.4499969482422,134.63999938964844,132.92999267578125,133.41000366210938,68711000,129.92959594726562
2021-06-25 09:30:00,133.4600067138672,133.88999938964844,132.80999755859375,133.11000061035156,70783700,129.63743591308594
2021-06-28 09:30:00,133.41000366210938,135.25,133.35000610351562,134.77999877929688,62111300,131.26390075683594
2021-06-29 09:30:00,134.8000030517578,136.49000549316406,134.35000610351562,136.3300018310547,64556100,132.77345275878906
2021-06-30 09:30:00,136.1699981689453,137.41000366210938,135.8699951171875,136.9600067138672,63261400,133.38699340820312
2021-07-01 09:30:00,136.60000610351562,137.3300018310547,135.75999450683594,137.27000427246094,52485800,133.6889190673828
2021-07-02 09:30:00,137.89999389648438,140.0,137.75,139.9600067138672,78852600,136.30873107910156
2021-07-06 09:30:00,140.07000732421875,143.14999389648438,140.07000732421875,142.02000427246094,108181800,138.31497192382812
2021-07-07 09:30:00,143.5399932861328,144.88999938964844,142.66000366210938,144.57000732421875,104911600,140.79847717285156
2021-07-08 09:30:00,141.5800018310547,144.05999755859375,140.6699981689453,143.24000549316406,105575500,139.5031280517578
2021-07-09 09:30:00,142.75,145.64999389648438,142.64999389648438,145.11000061035156,99890800,141.32437133789062
2021-07-12 09:30:00,146.2100067138672,146.32000732421875,144.0,144.5,76299700,140.73025512695312
2021-07-13 09:30:00,144.02999877929688,147.4600067138672,143.6300048828125,145.63999938964844,100827100,141.84054565429688
2021-07-14 09:30:00,148.10000610351562,149.57000732421875,147.67999267578125,149.14999389648438,127050800,145.2589569091797
2021-07-15 09:30:00,149.24000549316406,150.0,147.08999633789062,148.47999572753906,106820300,144.60646057128906
2021-07-16 09:30:00,148.4600067138672,149.75999450683594,145.8800048828125,146.38999938964844,93251400,142.57098388671875
2021-07-19 09:30:00,143.75,144.07000732421875,141.6699981689453,142.4499969482422,121434600,138.73374938964844
2021-07-20 09:30:00,143.4600067138672,147.10000610351562,142.9600067138672,146.14999389648438,96350000,142.33718872070312
2021-07-21 09:30:00,145.52999877929688,146.1300048828125,144.6300048828125,145.39999389648438,74993500,141.60678100585938
2021-07-22 09:30:00,145.94000244140625,148.1999969482422,145.80999755859375,146.8000030517578,77338200,142.97027587890625
2021-07-23 09:30:00,147.5500030517578,148.72000122070312,146.9199981689453,148.55999755859375,71447400,144.68434143066406
2021-07-26 09:30:00,148.27000427246094,149.8300018310547,147.6999969482422,148.99000549316406,72434100,145.1031494140625
2021-07-27 09:30:00,149.1199951171875,149.2100067138672,145.5500030517578,146.77000427246094,104818600,142.9410400390625
2021-07-28 09:30:00,144.80999755859375,146.97000122070312,142.5399932861328,144.97999572753906,118931200,141.19776916503906
2021-07-29 09:30:00,144.69000244140625,146.5500030517578,144.5800018310547,145.63999938964844,56699500,141.84054565429688
2021-07-30 09:30:00,144.3800048828125,146.3300018310547,144.11000061035156,145.86000061035156,70440600,142.05479431152344
2021-08-02 09:30:00,146.36000061035156,146.9499969482422,145.25,145.52000427246094,62880000,141.72364807128906
2021-08-03 09:30:00,145.80999755859375,148.0399932861328,145.17999267578125,147.36000061035156,64786600,143.51568603515625
2021-08-04 09:30:00,147.27000427246094,147.7899932861328,146.27999877929688,146.9499969482422,56368300,143.1163787841797
2021-08-05 09:30:00,146.97999572753906,147.83999633789062,146.1699981689453,147.05999755859375,46397700,143.22349548339844
2021-08-06 09:30:00,146.35000610351562,147.11000061035156,145.6300048828125,146.13999938964844,54126800,142.54074096679688
2021-08-09 09:30:00,146.1999969482422,146.6999969482422,145.52000427246094,146.08999633789062,48908700,142.49197387695312
2021-08-10 09:30:00,146.44000244140625,147.7100067138672,145.3000030517578,145.60000610351562,69023100,142.0140380859375
2021-08-11 09:30:00,146.0500030517578,146.72000122070312,145.52999877929688,145.86000061035156,48493500,142.2676544189453
2021-08-12 09:30:00,146.19000244140625,149.0500030517578,145.83999633789062,148.88999938964844,72282600,145.2230224609375
2021-08-13 09:30:00,148.97000122070312,149.44000244140625,148.27000427246094,149.10000610351562,59375000,145.42784118652344
2021-08-16 09:30:00,148.5399932861328,151.19000244140625,146.47000122070312,151.1199951171875,103296000,147.3980712890625
2021-08-17 09:30:00,150.22999572753906,151.67999267578125,149.08999633789062,150.19000244140625,92229700,146.49102783203125
2021-08-18 09:30:00,149.8000030517578,150.72000122070312,146.14999389648438,146.36000061035156,86326000,142.75535583496094
2021-08-19 09:30:00,145.02999877929688,148.0,144.5,146.6999969482422,86960300,143.08694458007812
2021-08-20 09:30:00,147.44000244140625,148.5,146.77999877929688,148.19000244140625,60549600,144.54022216796875
2021-08-23 09:30:00,148.30999755859375,150.19000244140625,147.88999938964844,149.7100067138672,60131800,146.0227813720703
2021-08-24 09:30:00,149.4499969482422,150.86000061035156,149.14999389648438,149.6199951171875,48606400,145.93502807617188
2021-08-25 09:30:00,149.80999755859375,150.32000732421875,147.8000030517578,148.36000061035156,58991300,144.70603942871094
2021-08-26 09:30:00,148.35000610351562,149.1199951171875,147.50999450683594,147.5399932861328,48597200,143.90625
2021-08-27 09:30:00,147.47999572753906,148.75,146.8300018310547,148.60000610351562,55802400,144.9401397705078
2021-08-30 09:30:00,149.0,153.49000549316406,148.61000061035156,153.1199951171875,90956700,149.34886169433594
2021-08-31 09:30:00,152.66000366210938,152.8000030517578,151.2899932861328,151.8300018310547,86453100,148.09059143066406
2021-09-01 09:30:00,152.8300018310547,154.97999572753906,152.33999633789062,152.50999450683594,80313700,148.7538604736328
2021-09-02 09:30:00,153.8699951171875,154.72000122070312,152.39999389648438,153.64999389648438,71115500,149.86578369140625
2021-09-03 09:30:00,153.75999450683594,154.6300048828125,153.08999633789062,154.3000030517578,57808700,150.49977111816406
2021-09-07 09:30:00,154.97000122070312,157.25999450683594,154.38999938964844,156.69000244140625,82278300,152.8308563232422
2021-09-08 09:30:00,156.97999572753906,157.0399932861328,153.97999572753906,155.11000061035156,74420200,151.28982543945312
2021-09-09 09:30:00,155.49000549316406,156.11000061035156,153.9499969482422,154.07000732421875,57305700,150.27540588378906
2021-09-10 09:30:00,155.0,155.47999572753906,148.6999969482422,148.97000122070312,140893200,145.30105590820312
2021-09-13 09:30:00,150.6300048828125,151.4199981689453,148.75,149.5500030517578,102404300,145.8667755126953
2021-09-14 09:30:00,150.35000610351562,151.07000732421875,146.91000366210938,148.1199951171875,109296300,144.47198486328125
2021-09-15 09:30:00,148.55999755859375,149.44000244140625,146.3699951171875,149.02999877929688,83281300,145.3595733642578
2021-09-16 09:30:00,148.44000244140625,148.97000122070312,147.22000122070312,148.7899932861328,68034100,145.1254425048828
2021-09-17 09:30:00,148.82000732421875,148.82000732421875,145.75999450683594,146.05999755859375,129868800,142.4626922607422
2021-09-20 09:30:00,143.8000030517578,144.83999633789062,141.27000427246094,142.94000244140625,123478900,139.41954040527344
2021-09-21 09:30:00,143.92999267578125,144.60000610351562,142.77999877929688,143.42999267578125,75834000,139.8974609375
2021-09-22 09:30:00,144.4499969482422,146.42999267578125,143.6999969482422,145.85000610351562,76404300,142.2578887939453
2021-09-23 09:30:00,146.64999389648438,147.0800018310547,145.63999938964844,146.8300018310547,64838200,143.21372985839844
2021-09-24 09:30:00,145.66000366210938,147.47000122070312,145.55999755859375,146.9199981689453,53477900,143.301513671875
2021-09-27 09:30:00,145.47000122070312,145.9600067138672,143.82000732421875,145.3699951171875,74150700,141.78968811035156
2021-09-28 09:30:00,143.25,144.75,141.69000244140625,141.91000366210938,108972300,138.41490173339844
2021-09-29 09:30:00,142.47000122070312,144.4499969482422,142.02999877929688,142.8300018310547,74602000,139.31227111816406
2021-09-30 09:30:00,143.66000366210938,144.3800048828125,141.27999877929688,141.5,89056700,138.01498413085938
2021-10-01 09:30:00,141.89999389648438,142.9199981689453,139.11000061035156,142.64999389648438,94639600,139.13670349121094
2021-10-04 09:30:00,141.75999450683594,142.2100067138672,138.27000427246094,139.13999938964844,98322000,135.713134765625
2021-10-05 09:30:00,139.49000549316406,142.24000549316406,139.36000061035156,141.11000061035156,80861100,137.6345977783203
2021-10-06 09:30:00,139.47000122070312,142.14999389648438,138.3699951171875,142.0,83221100,138.50271606445312
2021-10-07 09:30:00,143.05999755859375,144.22000122070312,142.72000122070312,143.2899932861328,61732700,139.76092529296875
2021-10-08 09:30:00,144.02999877929688,144.17999267578125,142.55999755859375,142.89999389648438,58773200,139.3805694580078
2021-10-11 09:30:00,142.27000427246094,144.80999755859375,141.80999755859375,142.80999755859375,64452200,139.292724609375
2021-10-12 09:30:00,143.22999572753906,143.25,141.0399932861328,141.50999450683594,73035900,138.0247802734375
2021-10-13 09:30:00,141.24000549316406,141.39999389648438,139.1999969482422,140.91000366210938,78762700,137.43951416015625
2021-10-14 09:30:00,142.11000061035156,143.8800048828125,141.50999450683594,143.75999450683594,69907100,140.21932983398438
2021-10-15 09:30:00,143.77000427246094,144.89999389648438,143.50999450683594,144.83999633789062,67940300,141.27281188964844
2021-10-18 09:30:00,143.4499969482422,146.83999633789062,143.16000366210938,146.5500030517578,85589200,142.94064331054688
2021-10-19 09:30:00,147.00999450683594,149.1699981689453,146.5500030517578,148.75999450683594,76378900,145.09620666503906
2021-10-20 09:30:00,148.6999969482422,149.75,148.1199951171875,149.25999450683594,58418800,145.5839080810547
2021-10-21 09:30:00,148.80999755859375,149.63999938964844,147.8699951171875,149.47999572753906,61421000,145.79849243164062
2021-10-22 09:30:00,149.69000244140625,150.17999267578125,148.63999938964844,148.69000244140625,58883400,145.0279541015625
2021-10-25 09:30:00,148.67999267578125,149.3699951171875,147.6199951171875,148.63999938964844,50720600,144.97918701171875
2021-10-26 09:30:00,149.3300018310547,150.83999633789062,149.00999450683594,149.32000732421875,60893400,145.6424102783203
2021-10-27 09:30:00,149.36000061035156,149.72999572753906,148.49000549316406,148.85000610351562,56094900,145.18399047851562
2021-10-28 09:30:00,149.82000732421875,153.1699981689453,149.72000122070312,152.57000732421875,100077900,148.81231689453125
2021-10-29 09:30:00,147.22000122070312,149.94000244140625,146.41000366210938,149.8000030517578,124953200,146.11056518554688
2021-11-01 09:30:00,148.99000549316406,149.6999969482422,147.8000030517578,148.9600067138672,74588300,145.29132080078125
2021-11-02 09:30:00,148.66000366210938,151.57000732421875,148.64999389648438,150.02000427246094,69122000,146.32518005371094
2021-11-03 09:30:00,150.38999938964844,151.97000122070312,149.82000732421875,151.49000549316406,54511500,147.75897216796875
2021-11-04 09:30:00,151.5800018310547,152.42999267578125,150.63999938964844,150.9600067138672,60394600,147.24203491210938
2021-11-05 09:30:00,151.88999938964844,152.1999969482422,150.05999755859375,151.27999877929688,65463900,147.7694854736328
2021-11-08 09:30:00,151.41000366210938,151.57000732421875,150.16000366210938,150.44000244140625,55020900,146.94898986816406
2021-11-09 09:30:00,150.1999969482422,151.42999267578125,150.05999755859375,150.80999755859375,56787900,147.3104248046875
2021-11-10 09:30:00,150.02000427246094,150.1300048828125,147.85000610351562,147.9199981689453,65187100,144.48744201660156
2021-11-11 09:30:00,148.9600067138672,149.42999267578125,147.67999267578125,147.8699951171875,41000000,144.43862915039062
2021-11-12 09:30:00,148.42999267578125,150.39999389648438,147.47999572753906,149.99000549316406,63804000,146.50942993164062
2021-11-15 09:30:00,150.3699951171875,151.8800048828125,149.42999267578125,150.0,59222800,146.51919555664062
2021-11-16 09:30:00,149.94000244140625,151.49000549316406,149.33999633789062,151.0,59256200,147.49600219726562
2021-11-17 09:30:00,151.0,155.0,150.99000549316406,153.49000549316406,88807000,149.92819213867188
2021-11-18 09:30:00,153.7100067138672,158.6699981689453,153.0500030517578,157.8699951171875,137827700,154.2065887451172
2021-11-19 09:30:00,157.64999389648438,161.02000427246094,156.52999877929688,160.5500030517578,117305600,156.82440185546875
2021-11-22 09:30:00,161.67999267578125,165.6999969482422,161.0,161.02000427246094,117467900,157.28347778320312
2021-11-23 09:30:00,161.1199951171875,161.8000030517578,159.05999755859375,161.41000366210938,96041900,157.6644287109375
2021-11-24 09:30:00,160.75,162.13999938964844,159.63999938964844,161.94000244140625,69463600,158.18212890625
2021-11-26 09:30:00,159.57000732421875,160.4499969482422,156.36000061035156,156.80999755859375,76959800,153.17117309570312
2021-11-29 09:30:00,159.3699951171875,161.19000244140625,158.7899932861328,160.24000549316406,88748200,156.52157592773438
2021-11-30 09:30:00,159.99000549316406,165.52000427246094,159.9199981689453,165.3000030517578,174048100,161.46417236328125
2021-12-01 09:30:00,167.47999572753906,170.3000030517578,164.52999877929688,164.77000427246094,152052500,160.94644165039062
2021-12-02 09:30:00,158.74000549316406,164.1999969482422,157.8000030517578,163.75999450683594,136739200,159.95989990234375
2021-12-03 09:30:00,164.02000427246094,164.9600067138672,159.72000122070312,161.83999633789062,118023100,158.08441162109375
2021-12-06 09:30:00,164.2899932861328,167.8800048828125,164.27999877929688,165.32000732421875,107497000,161.4837188720703
2021-12-07 09:30:00,169.0800018310547,171.5800018310547,168.33999633789062,171.17999267578125,120405400,167.20773315429688
2021-12-08 09:30:00,172.1300048828125,175.9600067138672,170.6999969482422,175.0800018310547,116998900,171.0172119140625
2021-12-09 09:30:00,174.91000366210938,176.75,173.9199981689453,174.55999755859375,108923700,170.50924682617188
2021-12-10 09:30:00,175.2100067138672,179.6300048828125,174.69000244140625,179.4499969482422,115402700,175.2858123779297
2021-12-13 09:30:00,181.1199951171875,182.1300048828125,175.52999877929688,175.74000549316406,153237000,171.6619110107422
2021-12-14 09:30:00,175.25,177.74000549316406,172.2100067138672,174.3300018310547,139380400,170.2846221923828
2021-12-15 09:30:00,175.11000061035156,179.5,172.30999755859375,179.3000030517578,131063300,175.13926696777344
2021-12-16 09:30:00,179.27999877929688,181.13999938964844,170.75,172.25999450683594,150185800,168.2626495361328
2021-12-17 09:30:00,169.92999267578125,173.47000122070312,169.69000244140625,171.13999938964844,195432700,167.16864013671875
2021-12-20 09:30:00,168.27999877929688,170.5800018310547,167.4600067138672,169.75,107499100,165.81089782714844
2021-12-21 09:30:00,171.55999755859375,173.1999969482422,169.1199951171875,172.99000549316406,91185900,168.97567749023438
2021-12-22 09:30:00,173.0399932861328,175.86000061035156,172.14999389648438,175.63999938964844,92135300,171.56422424316406
2021-12-23 09:30:00,175.85000610351562,176.85000610351562,175.27000427246094,176.27999877929688,68356600,172.1893310546875
2021-12-27 09:30:00,177.08999633789062,180.4199981689453,177.07000732421875,180.3300018310547,74919600,176.14537048339844
2021-12-28 09:30:00,180.16000366210938,181.3300018310547,178.52999877929688,179.2899932861328,79144300,175.1295166015625
2021-12-29 09:30:00,179.3300018310547,180.6300048828125,178.13999938964844,179.3800048828125,62348900,175.2174530029297
2021-12-30 09:30:00,179.47000122070312,180.57000732421875,178.08999633789062,178.1999969482422,59773000,174.06483459472656
2021-12-31 09:30:00,178.08999633789062,179.22999572753906,177.25999450683594,177.57000732421875,64062300,173.44940185546875
2022-01-03 09:30:00,177.8300018310547,182.8800048828125,177.7100067138672,182.00999450683594,104487900,177.786376953125
2022-01-04 09:30:00,182.6300048828125,182.94000244140625,179.1199951171875,179.6999969482422,99310400,175.5299835205078
2022-01-05 09:30:00,179.61000061035156,180.1699981689453,174.63999938964844,174.9199981689453,94537600,170.86090087890625
2022-01-06 09:30:00,172.6999969482422,175.3000030517578,171.63999938964844,172.0,96904000,168.00868225097656
2022-01-07 09:30:00,172.88999938964844,174.13999938964844,171.02999877929688,172.1699981689453,86709100,168.1747283935547
2022-01-10 09:30:00,169.0800018310547,172.5,168.1699981689453,172.19000244140625,106765600,168.1942901611328
2022-01-11 09:30:00,172.32000732421875,175.17999267578125,170.82000732421875,175.0800018310547,76138300,171.0172119140625
2022-01-12 09:30:00,176.1199951171875,177.17999267578125,174.82000732421875,175.52999877929688,74805200,171.45677185058594
2022-01-13 09:30:00,175.77999877929688,176.6199951171875,171.7899932861328,172.19000244140625,84505800,168.1942901611328
2022-01-14 09:30:00,171.33999633789062,173.77999877929688,171.08999633789062,173.07000732421875,80440800,169.05386352539062
2022-01-18 09:30:00,171.50999450683594,172.5399932861328,169.41000366210938,169.8000030517578,90956700,165.85975646972656
2022-01-19 09:30:00,170.0,171.0800018310547,165.94000244140625,166.22999572753906,94815000,162.37258911132812
2022-01-20 09:30:00,166.97999572753906,169.67999267578125,164.17999267578125,164.50999450683594,91420500,160.69248962402344
2022-01-21 09:30:00,164.4199981689453,166.3300018310547,162.3000030517578,162.41000366210938,122848900,158.6412353515625
2022-01-24 09:30:00,160.02000427246094,162.3000030517578,154.6999969482422,161.6199951171875,162294600,157.86953735351562
2022-01-25 09:30:00,158.97999572753906,162.75999450683594,157.02000427246094,159.77999877929688,115798400,156.07223510742188
2022-01-26 09:30:00,163.5,164.38999938964844,157.82000732421875,159.69000244140625,108275300,155.98435974121094
2022-01-27 09:30:00,162.4499969482422,163.83999633789062,158.27999877929688,159.22000122070312,121954600,155.5252685546875
2022-01-28 09:30:00,165.7100067138672,170.35000610351562,162.8000030517578,170.3300018310547,179935700,166.37744140625
2022-01-31 09:30:00,170.16000366210938,175.0,169.50999450683594,174.77999877929688,115541600,170.7241668701172
2022-02-01 09:30:00,174.00999450683594,174.83999633789062,172.30999755859375,174.61000061035156,86213900,170.55813598632812
2022-02-02 09:30:00,174.75,175.8800048828125,173.3300018310547,175.83999633789062,84914300,171.75958251953125
2022-02-03 09:30:00,174.47999572753906,176.24000549316406,172.1199951171875,172.89999389648438,89418100,168.88780212402344
2022-02-04 09:30:00,171.67999267578125,174.10000610351562,170.67999267578125,172.38999938964844,82465400,168.6041717529297
2022-02-07 09:30:00,172.86000061035156,173.9499969482422,170.9499969482422,171.66000366210938,77251200,167.8901824951172
2022-02-08 09:30:00,171.72999572753906,175.35000610351562,171.42999267578125,174.8300018310547,74829200,170.99053955078125
2022-02-09 09:30:00,176.0500030517578,176.64999389648438,174.89999389648438,176.27999877929688,71285000,172.4087677001953
2022-02-10 09:30:00,174.13999938964844,175.47999572753906,171.5500030517578,172.1199951171875,90865900,168.34007263183594
2022-02-11 09:30:00,172.3300018310547,173.0800018310547,168.0399932861328,168.63999938964844,98670700,164.93655395507812
2022-02-14 09:30:00,167.3699951171875,169.5800018310547,166.55999755859375,168.8800048828125,86185500,165.17123413085938
2022-02-15 09:30:00,170.97000122070312,172.9499969482422,170.25,172.7899932861328,62527400,168.99537658691406
2022-02-16 09:30:00,171.85000610351562,173.33999633789062,170.0500030517578,172.5500030517578,61177400,168.7606658935547
2022-02-17 09:30:00,171.02999877929688,171.91000366210938,168.47000122070312,168.8800048828125,69589300,165.17123413085938
2022-02-18 09:30:00,169.82000732421875,170.5399932861328,166.19000244140625,167.3000030517578,82772700,163.62594604492188
2022-02-22 09:30:00,164.97999572753906,166.69000244140625,162.14999389648438,164.32000732421875,91162800,160.71141052246094
2022-02-23 09:30:00,165.5399932861328,166.14999389648438,159.75,160.07000732421875,90009200,156.55474853515625
2022-02-24 09:30:00,152.5800018310547,162.85000610351562,152.0,162.74000549316406,141147500,159.1660919189453
2022-02-25 09:30:00,163.83999633789062,165.1199951171875,160.8699951171875,164.85000610351562,91974200,161.22976684570312
2022-02-28 09:30:00,163.05999755859375,165.4199981689453,162.42999267578125,165.1199951171875,95056600,161.49383544921875
2022-03-01 09:30:00,164.6999969482422,166.60000610351562,161.97000122070312,163.1999969482422,83474400,159.6160125732422
2022-03-02 09:30:00,164.38999938964844,167.36000061035156,162.9499969482422,166.55999755859375,79724800,162.90219116210938
2022-03-03 09:30:00,168.47000122070312,168.91000366210938,165.5500030517578,166.22999572753906,76678400,162.57945251464844
2022-03-04 09:30:00,164.49000549316406,165.5500030517578,162.10000610351562,163.1699981689453,83737200,159.58665466308594
2022-03-07 09:30:00,163.36000061035156,165.02000427246094,159.0399932861328,159.3000030517578,96418800,155.80162048339844
2022-03-08 09:30:00,158.82000732421875,162.8800048828125,155.8000030517578,157.44000244140625,131148300,153.98248291015625
2022-03-09 09:30:00,161.47999572753906,163.41000366210938,159.41000366210938,162.9499969482422,91454900,159.37147521972656
2022-03-10 09:30:00,160.1999969482422,160.38999938964844,155.97999572753906,158.52000427246094,105342000,155.03875732421875
2022-03-11 09:30:00,158.92999267578125,159.27999877929688,154.5,154.72999572753906,96970100,151.3319854736328
2022-03-14 09:30:00,151.4499969482422,154.1199951171875,150.10000610351562,150.6199951171875,108732100,147.31227111816406
2022-03-15 09:30:00,150.89999389648438,155.57000732421875,150.3800048828125,155.08999633789062,92964300,151.68411254882812
2022-03-16 09:30:00,157.0500030517578,160.0,154.4600067138672,159.58999633789062,102300200,156.08526611328125
2022-03-17 09:30:00,158.61000061035156,161.0,157.6300048828125,160.6199951171875,75615400,157.09262084960938
2022-03-18 09:30:00,160.50999450683594,164.47999572753906,159.75999450683594,163.97999572753906,123511700,160.37884521484375
2022-03-21 09:30:00,163.50999450683594,166.35000610351562,163.00999450683594,165.3800048828125,95811400,161.7480926513672
2022-03-22 09:30:00,165.50999450683594,169.4199981689453,164.91000366210938,168.82000732421875,81532000,165.1125946044922
2022-03-23 09:30:00,167.99000549316406,172.63999938964844,167.64999389648438,170.2100067138672,98062700,166.47203063964844
2022-03-24 09:30:00,171.05999755859375,174.13999938964844,170.2100067138672,174.07000732421875,90131400,170.2472686767578
2022-03-25 09:30:00,173.8800048828125,175.27999877929688,172.75,174.72000122070312,80546200,170.8830108642578
2022-03-28 09:30:00,172.1699981689453,175.72999572753906,172.0,175.60000610351562,90371900,171.74368286132812
2022-03-29 09:30:00,176.69000244140625,179.00999450683594,176.33999633789062,178.9600067138672,100589400,175.0299072265625
2022-03-30 09:30:00,178.5500030517578,179.61000061035156,176.6999969482422,177.77000427246094,92633200,173.8660430908203
2022-03-31 09:30:00,177.83999633789062,178.02999877929688,174.39999389648438,174.61000061035156,103049300,170.77542114257812
2022-04-01 09:30:00,174.02999877929688,174.8800048828125,171.94000244140625,174.30999755859375,78751300,170.4820098876953
2022-04-04 09:30:00,174.57000732421875,178.49000549316406,174.44000244140625,178.44000244140625,76468400,174.52130126953125
2022-04-05 09:30:00,177.5,178.3000030517578,174.4199981689453,175.05999755859375,73401800,171.21554565429688
2022-04-06 09:30:00,172.36000061035156,173.6300048828125,170.1300048828125,171.8300018310547,89058800,168.05645751953125
2022-04-07 09:30:00,171.16000366210938,173.36000061035156,169.85000610351562,172.13999938964844,77594700,168.35968017578125
2022-04-08 09:30:00,171.77999877929688,171.77999877929688,169.1999969482422,170.08999633789062,76575500,166.3546905517578
2022-04-11 09:30:00,168.7100067138672,169.02999877929688,165.5,165.75,72246700,162.11000061035156
2022-04-12 09:30:00,168.02000427246094,169.8699951171875,166.63999938964844,167.66000366210938,79265200,163.97808837890625
2022-04-13 09:30:00,167.38999938964844,171.0399932861328,166.77000427246094,170.39999389648438,70618900,166.65786743164062
2022-04-14 09:30:00,170.6199951171875,171.27000427246094,165.0399932861328,165.2899932861328,75329400,161.66006469726562
2022-04-18 09:30:00,163.9199981689453,166.60000610351562,163.57000732421875,165.07000732421875,69023900,161.4449005126953
2022-04-19 09:30:00,165.02000427246094,167.82000732421875,163.91000366210938,167.39999389648438,67723800,163.7237548828125
2022-04-20 09:30:00,168.75999450683594,168.8800048828125,166.10000610351562,167.22999572753906,67929800,163.5574951171875
2022-04-21 09:30:00,168.91000366210938,171.52999877929688,165.91000366210938,166.4199981689453,87227800,162.76527404785156
2022-04-22 09:30:00,166.4600067138672,167.8699951171875,161.5,161.7899932861328,84882400,158.23692321777344
2022-04-25 09:30:00,161.1199951171875,163.1699981689453,158.4600067138672,162.8800048828125,96046400,159.30300903320312
2022-04-26 09:30:00,162.25,162.33999633789062,156.72000122070312,156.8000030517578,95623200,153.35653686523438
2022-04-27 09:30:00,155.91000366210938,159.7899932861328,155.3800048828125,156.57000732421875,88063200,153.131591796875
2022-04-28 09:30:00,159.25,164.52000427246094,158.92999267578125,163.63999938964844,130216800,160.04632568359375
2022-04-29 09:30:00,161.83999633789062,166.1999969482422,157.25,157.64999389648438,131747600,154.18788146972656
2022-05-02 09:30:00,156.7100067138672,158.22999572753906,153.27000427246094,157.9600067138672,123055300,154.49102783203125
2022-05-03 09:30:00,158.14999389648438,160.7100067138672,156.32000732421875,159.47999572753906,88966500,155.97764587402344
2022-05-04 09:30:00,159.6699981689453,166.47999572753906,159.25999450683594,166.02000427246094,108256500,162.37405395507812
2022-05-05 09:30:00,163.85000610351562,164.0800018310547,154.9499969482422,156.77000427246094,130525300,153.3272247314453
2022-05-06 09:30:00,156.00999450683594,159.44000244140625,154.17999267578125,157.27999877929688,116124600,154.0519561767578
2022-05-09 09:30:00,154.92999267578125,155.8300018310547,151.49000549316406,152.05999755859375,131577900,148.93914794921875
2022-05-10 09:30:00,155.52000427246094,156.74000549316406,152.92999267578125,154.50999450683594,115366700,151.33883666992188
2022-05-11 09:30:00,153.5,155.4499969482422,145.80999755859375,146.5,142689800,143.49325561523438
2022-05-12 09:30:00,142.77000427246094,146.1999969482422,138.8000030517578,142.55999755859375,182602000,139.6341094970703
2022-05-13 09:30:00,144.58999633789062,148.10000610351562,143.11000061035156,147.11000061035156,113990900,144.0907440185547
2022-05-16 09:30:00,145.5500030517578,147.52000427246094,144.17999267578125,145.5399932861328,86643800,142.5529327392578
2022-05-17 09:30:00,148.86000061035156,149.77000427246094,146.67999267578125,149.24000549316406,78336300,146.17703247070312
2022-05-18 09:30:00,146.85000610351562,147.36000061035156,139.89999389648438,140.82000732421875,109742900,137.92982482910156
2022-05-19 09:30:00,139.8800048828125,141.66000366210938,136.60000610351562,137.35000610351562,136095600,134.5310821533203
2022-05-20 09:30:00,139.08999633789062,140.6999969482422,132.61000061035156,137.58999633789062,137426100,134.76609802246094
2022-05-23 09:30:00,137.7899932861328,143.25999450683594,137.64999389648438,143.11000061035156,117726300,140.17282104492188
2022-05-24 09:30:00,140.80999755859375,141.97000122070312,137.3300018310547,140.36000061035156,104132700,137.47923278808594
2022-05-25 09:30:00,138.42999267578125,141.7899932861328,138.33999633789062,140.52000427246094,92482700,137.63597106933594
2022-05-26 09:30:00,137.38999938964844,144.33999633789062,137.13999938964844,143.77999877929688,90601500,140.8290557861328
2022-05-27 09:30:00,145.38999938964844,149.67999267578125,145.25999450683594,149.63999938964844,90978500,146.56881713867188
2022-05-31 09:30:00,149.07000732421875,150.66000366210938,146.83999633789062,148.83999633789062,103718400,145.7852325439453
2022-06-01 09:30:00,149.89999389648438,151.74000549316406,147.67999267578125,148.7100067138672,74286600,145.65789794921875
2022-06-02 09:30:00,147.8300018310547,151.27000427246094,146.86000061035156,151.2100067138672,72348100,148.10659790039062
2022-06-03 09:30:00,146.89999389648438,147.97000122070312,144.4600067138672,145.3800048828125,88570300,142.39625549316406
2022-06-06 09:30:00,147.02999877929688,148.57000732421875,144.89999389648438,146.13999938964844,71598400,143.14064025878906
2022-06-07 09:30:00,144.35000610351562,149.0,144.10000610351562,148.7100067138672,67808200,145.65789794921875
2022-06-08 09:30:00,148.5800018310547,149.8699951171875,147.4600067138672,147.9600067138672,53950200,144.9232940673828
2022-06-09 09:30:00,147.0800018310547,147.9499969482422,142.52999877929688,142.63999938964844,69473000,139.71246337890625
2022-06-10 09:30:00,140.27999877929688,140.75999450683594,137.05999755859375,137.1300048828125,91437900,134.31558227539062
2022-06-13 09:30:00,132.8699951171875,135.1999969482422,131.44000244140625,131.8800048828125,122207100,129.17333984375
2022-06-14 09:30:00,133.1300048828125,133.88999938964844,131.47999572753906,132.75999450683594,84784300,130.03526306152344
2022-06-15 09:30:00,134.2899932861328,137.33999633789062,132.16000366210938,135.42999267578125,91533000,132.6504669189453
2022-06-16 09:30:00,132.0800018310547,132.38999938964844,129.0399932861328,130.05999755859375,108123900,127.39065551757812
2022-06-17 09:30:00,130.07000732421875,133.0800018310547,129.80999755859375,131.55999755859375,134520300,128.85986328125
2022-06-21 09:30:00,133.4199981689453,137.05999755859375,133.32000732421875,135.8699951171875,81000500,133.08140563964844
2022-06-22 09:30:00,134.7899932861328,137.75999450683594,133.91000366210938,135.35000610351562,73409200,132.57211303710938
2022-06-23 09:30:00,136.82000732421875,138.58999633789062,135.6300048828125,138.27000427246094,72433800,135.43215942382812
2022-06-24 09:30:00,139.89999389648438,141.91000366210938,139.77000427246094,141.66000366210938,89116800,138.7525634765625
2022-06-27 09:30:00,142.6999969482422,143.49000549316406,140.97000122070312,141.66000366210938,70207900,138.7525634765625
2022-06-28 09:30:00,142.1300048828125,143.4199981689453,137.32000732421875,137.44000244140625,67083400,134.6192169189453
2022-06-29 09:30:00,137.4600067138672,140.6699981689453,136.6699981689453,139.22999572753906,66242400,136.37245178222656
2022-06-30 09:30:00,137.25,138.3699951171875,133.77000427246094,136.72000122070312,98964500,133.91395568847656
2022-07-01 09:30:00,136.0399932861328,139.0399932861328,135.66000366210938,138.92999267578125,71051600,136.07858276367188
2022-07-05 09:30:00,137.77000427246094,141.61000061035156,136.92999267578125,141.55999755859375,73353800,138.65463256835938
2022-07-06 09:30:00,141.35000610351562,144.1199951171875,141.0800018310547,142.9199981689453,74064300,139.9866943359375
2022-07-07 09:30:00,143.2899932861328,146.5500030517578,143.27999877929688,146.35000610351562,66253700,143.3463592529297
2022-07-08 09:30:00,145.25999450683594,147.5500030517578,145.0,147.0399932861328,64547800,144.02215576171875
2022-07-11 09:30:00,145.6699981689453,146.63999938964844,143.77999877929688,144.8699951171875,63141600,141.89671325683594
2022-07-12 09:30:00,145.75999450683594,148.4499969482422,145.0500030517578,145.86000061035156,77588800,142.86639404296875
2022-07-13 09:30:00,142.99000549316406,146.4499969482422,142.1199951171875,145.49000549316406,71185600,142.50401306152344
2022-07-14 09:30:00,144.0800018310547,148.9499969482422,143.25,148.47000122070312,78140700,145.4228057861328
2022-07-15 09:30:00,149.77999877929688,150.86000061035156,148.1999969482422,150.1699981689453,76259900,147.08792114257812
2022-07-18 09:30:00,150.74000549316406,151.57000732421875,146.6999969482422,147.07000732421875,81420900,144.0515594482422
2022-07-19 09:30:00,147.9199981689453,151.22999572753906,146.91000366210938,151.0,82982400,147.90090942382812
2022-07-20 09:30:00,151.1199951171875,153.72000122070312,150.3699951171875,153.0399932861328,64823400,149.89903259277344
2022-07-21 09:30:00,154.5,155.57000732421875,151.94000244140625,155.35000610351562,65086600,152.16160583496094
2022-07-22 09:30:00,155.38999938964844,156.27999877929688,153.41000366210938,154.08999633789062,66675400,150.92747497558594
2022-07-25 09:30:00,154.00999450683594,155.0399932861328,152.27999877929688,152.9499969482422,53623900,149.8108367919922
2022-07-26 09:30:00,152.25999450683594,153.08999633789062,150.8000030517578,151.60000610351562,55138700,148.48858642578125
2022-07-27 09:30:00,152.5800018310547,157.3300018310547,152.16000366210938,156.7899932861328,78620700,153.57205200195312
2022-07-28 09:30:00,156.97999572753906,157.63999938964844,154.41000366210938,157.35000610351562,81378700,154.1205291748047
2022-07-29 09:30:00,161.24000549316406,163.6300048828125,159.5,162.50999450683594,101786900,159.17465209960938
2022-08-01 09:30:00,161.00999450683594,163.58999633789062,160.88999938964844,161.50999450683594,67829400,158.19520568847656
2022-08-02 09:30:00,160.10000610351562,162.41000366210938,159.6300048828125,160.00999450683594,59907000,156.72598266601562
2022-08-03 09:30:00,160.83999633789062,166.58999633789062,160.75,166.1300048828125,82507500,162.72039794921875
2022-08-04 09:30:00,166.00999450683594,167.19000244140625,164.42999267578125,165.80999755859375,55474100,162.40692138671875
2022-08-05 09:30:00,163.2100067138672,165.85000610351562,163.0,165.35000610351562,56697000,162.1813507080078
2022-08-08 09:30:00,166.3699951171875,167.80999755859375,164.1999969482422,164.8699951171875,60276900,161.7105255126953
2022-08-09 09:30:00,164.02000427246094,165.82000732421875,163.25,164.9199981689453,63135500,161.75958251953125
2022-08-10 09:30:00,167.67999267578125,169.33999633789062,166.89999389648438,169.24000549316406,70170500,165.99684143066406
2022-08-11 09:30:00,170.05999755859375,170.99000549316406,168.19000244140625,168.49000549316406,57149200,165.26116943359375
2022-08-12 09:30:00,169.82000732421875,172.1699981689453,169.39999389648438,172.10000610351562,68039400,168.80201721191406
2022-08-15 09:30:00,171.52000427246094,173.38999938964844,171.35000610351562,173.19000244140625,54091700,169.87110900878906
2022-08-16 09:30:00,172.77999877929688,173.7100067138672,171.66000366210938,173.02999877929688,56377100,169.7141876220703
2022-08-17 09:30:00,172.77000427246094,176.14999389648438,172.57000732421875,174.5500030517578,79542000,171.2050018310547
2022-08-18 09:30:00,173.75,174.89999389648438,173.1199951171875,174.14999389648438,62290100,170.8126983642578
2022-08-19 09:30:00,173.02999877929688,173.74000549316406,171.30999755859375,171.52000427246094,70346300,168.2331085205078
2022-08-22 09:30:00,169.69000244140625,169.86000061035156,167.13999938964844,167.57000732421875,69026800,164.3588104248047
2022-08-23 09:30:00,167.0800018310547,168.7100067138672,166.64999389648438,167.22999572753906,54147100,164.0253143310547
2022-08-24 09:30:00,167.32000732421875,168.11000061035156,166.25,167.52999877929688,53841500,164.31954956054688
2022-08-25 09:30:00,168.77999877929688,170.13999938964844,168.35000610351562,170.02999877929688,51218200,166.7716827392578
2022-08-26 09:30:00,170.57000732421875,171.0500030517578,163.55999755859375,163.6199951171875,78961000,160.48451232910156
2022-08-29 09:30:00,161.14999389648438,162.89999389648438,159.82000732421875,161.3800048828125,73314000,158.28741455078125
2022-08-30 09:30:00,162.1300048828125,162.55999755859375,157.72000122070312,158.91000366210938,77906200,155.86474609375
2022-08-31 09:30:00,160.30999755859375,160.5800018310547,157.13999938964844,157.22000122070312,87991100,154.20718383789062
2022-09-01 09:30:00,156.63999938964844,158.4199981689453,154.6699981689453,157.9600067138672,74229900,154.9329833984375
2022-09-02 09:30:00,159.75,160.36000061035156,154.97000122070312,155.80999755859375,76957800,152.82415771484375
2022-09-06 09:30:00,156.47000122070312,157.08999633789062,153.69000244140625,154.52999877929688,73714800,151.56869506835938
2022-09-07 09:30:00,154.82000732421875,156.6699981689453,153.61000061035156,155.9600067138672,87449600,152.9713134765625
2022-09-08 09:30:00,154.63999938964844,156.36000061035156,152.67999267578125,154.4600067138672,84923800,151.50006103515625
2022-09-09 09:30:00,155.47000122070312,157.82000732421875,154.75,157.3699951171875,68028800,154.35426330566406
2022-09-12 09:30:00,159.58999633789062,164.25999450683594,159.3000030517578,163.42999267578125,104956000,160.2981414794922
2022-09-13 09:30:00,159.89999389648438,160.5399932861328,153.3699951171875,153.83999633789062,122656600,150.8919219970703
2022-09-14 09:30:00,154.7899932861328,157.10000610351562,153.61000061035156,155.30999755859375,87965400,152.333740234375
2022-09-15 09:30:00,154.64999389648438,155.24000549316406,151.3800048828125,152.3699951171875,90481100,149.45008850097656
2022-09-16 09:30:00,151.2100067138672,151.35000610351562,148.3699951171875,150.6999969482422,162278800,147.8121337890625
2022-09-19 09:30:00,149.30999755859375,154.55999755859375,149.10000610351562,154.47999572753906,81474200,151.5196533203125
2022-09-20 09:30:00,153.39999389648438,158.0800018310547,153.0800018310547,156.89999389648438,107689800,153.89329528808594
2022-09-21 09:30:00,157.33999633789062,158.74000549316406,153.60000610351562,153.72000122070312,101696800,150.7742156982422
2022-09-22 09:30:00,152.3800048828125,154.47000122070312,150.91000366210938,152.74000549316406,86652500,149.81295776367188
2022-09-23 09:30:00,151.19000244140625,151.47000122070312,148.55999755859375,150.42999267578125,96029900,147.54725646972656
2022-09-26 09:30:00,149.66000366210938,153.77000427246094,149.63999938964844,150.77000427246094,93339400,147.88076782226562
2022-09-27 09:30:00,152.74000549316406,154.72000122070312,149.9499969482422,151.75999450683594,84442700,148.85179138183594
2022-09-28 09:30:00,147.63999938964844,150.63999938964844,144.83999633789062,149.83999633789062,146691400,146.96856689453125
2022-09-29 09:30:00,146.10000610351562,146.72000122070312,140.67999267578125,142.47999572753906,128138200,139.74960327148438
2022-09-30 09:30:00,141.27999877929688,143.10000610351562,138.0,138.1999969482422,124925300,135.55162048339844
2022-10-03 09:30:00,138.2100067138672,143.07000732421875,137.69000244140625,142.4499969482422,114311700,139.72018432617188
2022-10-04 09:30:00,145.02999877929688,146.22000122070312,144.25999450683594,146.10000610351562,87830100,143.30023193359375
2022-10-05 09:30:00,144.07000732421875,147.3800048828125,143.00999450683594,146.39999389648438,79471000,143.59446716308594
2022-10-06 09:30:00,145.80999755859375,147.5399932861328,145.22000122070312,145.42999267578125,68402200,142.64308166503906
2022-10-07 09:30:00,142.5399932861328,143.10000610351562,139.4499969482422,140.08999633789062,85925600,137.4053955078125
2022-10-10 09:30:00,140.4199981689453,141.88999938964844,138.57000732421875,140.4199981689453,74899000,137.72911071777344
2022-10-11 09:30:00,139.89999389648438,141.35000610351562,138.22000122070312,138.97999572753906,77033700,136.3166961669922
2022-10-12 09:30:00,139.1300048828125,140.36000061035156,138.16000366210938,138.33999633789062,70433700,135.68893432617188
2022-10-13 09:30:00,134.99000549316406,143.58999633789062,134.3699951171875,142.99000549316406,113224000,140.2498321533203
2022-10-14 09:30:00,144.30999755859375,144.52000427246094,138.19000244140625,138.3800048828125,88598000,135.7281951904297
2022-10-17 09:30:00,141.07000732421875,142.89999389648438,140.27000427246094,142.41000366210938,85250900,139.68093872070312
2022-10-18 09:30:00,145.49000549316406,146.6999969482422,140.61000061035156,143.75,99136600,140.99526977539062
2022-10-19 09:30:00,141.69000244140625,144.9499969482422,141.5,143.86000061035156,61758300,141.10316467285156
2022-10-20 09:30:00,143.02000427246094,145.88999938964844,142.64999389648438,143.38999938964844,64522000,140.64219665527344
2022-10-21 09:30:00,142.8699951171875,147.85000610351562,142.64999389648438,147.27000427246094,86548600,144.4478302001953
2022-10-24 09:30:00,147.19000244140625,150.22999572753906,146.0,149.4499969482422,75981900,146.58604431152344
2022-10-25 09:30:00,150.08999633789062,152.49000549316406,149.36000061035156,152.33999633789062,74732300,149.420654296875
2022-10-26 09:30:00,150.9600067138672,151.99000549316406,148.0399932861328,149.35000610351562,88194300,146.48793029785156
2022-10-27 09:30:00,148.07000732421875,149.0500030517578,144.1300048828125,144.8000030517578,109180200,142.025146484375
2022-10-28 09:30:00,148.1999969482422,157.5,147.82000732421875,155.74000549316406,164762400,152.75552368164062
2022-10-31 09:30:00,153.16000366210938,154.24000549316406,151.9199981689453,153.33999633789062,97943200,150.40147399902344
2022-11-01 09:30:00,155.0800018310547,155.4499969482422,149.1300048828125,150.64999389648438,80379300,147.76304626464844
2022-11-02 09:30:00,148.9499969482422,152.1699981689453,145.0,145.02999877929688,93604600,142.25074768066406
2022-11-03 09:30:00,142.05999755859375,142.8000030517578,138.75,138.8800048828125,97918500,136.21859741210938
2022-11-04 09:30:00,142.08999633789062,142.6699981689453,134.3800048828125,138.3800048828125,140814800,135.9533233642578
2022-11-07 09:30:00,137.11000061035156,139.14999389648438,135.6699981689453,138.9199981689453,83374600,136.48385620117188
2022-11-08 09:30:00,140.41000366210938,141.42999267578125,137.49000549316406,139.5,89908500,137.0537109375
2022-11-09 09:30:00,138.5,138.5500030517578,134.58999633789062,134.8699951171875,74917800,132.50486755371094
2022-11-10 09:30:00,141.24000549316406,146.8699951171875,139.5,146.8699951171875,118854000,144.29441833496094
2022-11-11 09:30:00,145.82000732421875,150.00999450683594,144.3699951171875,149.6999969482422,93979700,147.07484436035156
2022-11-14 09:30:00,148.97000122070312,150.27999877929688,147.42999267578125,148.27999877929688,73374100,145.67974853515625
2022-11-15 09:30:00,152.22000122070312,153.58999633789062,148.55999755859375,150.0399932861328,89868300,147.40882873535156
2022-11-16 09:30:00,149.1300048828125,149.8699951171875,147.2899932861328,148.7899932861328,64218300,146.1807861328125
2022-11-17 09:30:00,146.42999267578125,151.47999572753906,146.14999389648438,150.72000122070312,80389400,148.07691955566406
2022-11-18 09:30:00,152.30999755859375,152.6999969482422,149.97000122070312,151.2899932861328,74829600,148.63694763183594
2022-11-21 09:30:00,150.16000366210938,150.3699951171875,147.72000122070312,148.00999450683594,58724100,145.41445922851562
2022-11-22 09:30:00,148.1300048828125,150.4199981689453,146.92999267578125,150.17999267578125,51804100,147.54640197753906
2022-11-23 09:30:00,149.4499969482422,151.8300018310547,149.33999633789062,151.07000732421875,58301400,148.4208221435547
2022-11-25 09:30:00,148.30999755859375,148.8800048828125,147.1199951171875,148.11000061035156,35195900,145.5126953125
2022-11-28 09:30:00,145.13999938964844,146.63999938964844,143.3800048828125,144.22000122070312,69246000,141.69091796875
2022-11-29 09:30:00,144.2899932861328,144.80999755859375,140.35000610351562,141.1699981689453,83763800,138.6944122314453
2022-11-30 09:30:00,141.39999389648438,148.72000122070312,140.5500030517578,148.02999877929688,111380900,145.43411254882812
2022-12-01 09:30:00,148.2100067138672,149.1300048828125,146.61000061035156,148.30999755859375,71250400,145.709228515625
2022-12-02 09:30:00,145.9600067138672,148.0,145.64999389648438,147.80999755859375,65447400,145.21795654296875
2022-12-05 09:30:00,147.77000427246094,150.9199981689453,145.77000427246094,146.6300048828125,68826400,144.05865478515625
2022-12-06 09:30:00,147.07000732421875,147.3000030517578,141.9199981689453,142.91000366210938,64727200,140.40390014648438
2022-12-07 09:30:00,142.19000244140625,143.3699951171875,140.0,140.94000244140625,69721100,138.46844482421875
2022-12-08 09:30:00,142.36000061035156,143.52000427246094,141.10000610351562,142.64999389648438,62128300,140.14846801757812
2022-12-09 09:30:00,142.33999633789062,145.57000732421875,140.89999389648438,142.16000366210938,76097000,139.66708374023438
2022-12-12 09:30:00,142.6999969482422,144.5,141.05999755859375,144.49000549316406,70462700,141.95616149902344
2022-12-13 09:30:00,149.5,149.97000122070312,144.24000549316406,145.47000122070312,93886200,142.9189910888672
2022-12-14 09:30:00,145.35000610351562,146.66000366210938,141.16000366210938,143.2100067138672,82291200,140.6986083984375
2022-12-15 09:30:00,141.11000061035156,141.8000030517578,136.02999877929688,136.5,98931900,134.10630798339844
2022-12-16 09:30:00,136.69000244140625,137.64999389648438,133.72999572753906,134.50999450683594,160156900,132.1511688232422
2022-12-19 09:30:00,135.11000061035156,135.1999969482422,131.32000732421875,132.3699951171875,79592600,130.04872131347656
2022-12-20 09:30:00,131.38999938964844,133.25,129.88999938964844,132.3000030517578,77432800,129.9799346923828
2022-12-21 09:30:00,132.97999572753906,136.80999755859375,132.75,135.4499969482422,85928000,133.07472229003906
2022-12-22 09:30:00,134.35000610351562,134.55999755859375,130.3000030517578,132.22999572753906,77852100,129.91116333007812
2022-12-23 09:30:00,130.9199981689453,132.4199981689453,129.63999938964844,131.86000061035156,63814900,129.5476837158203
2022-12-27 09:30:00,131.3800048828125,131.41000366210938,128.72000122070312,130.02999877929688,69007800,127.749755859375
2022-12-28 09:30:00,129.6699981689453,131.02999877929688,125.87000274658203,126.04000091552734,85438400,123.82975006103516
2022-12-29 09:30:00,127.98999786376953,130.47999572753906,127.7300033569336,129.61000061035156,75703700,127.3371353149414
2022-12-30 09:30:00,128.41000366210938,129.9499969482422,127.43000030517578,129.92999267578125,77034200,127.65150451660156
2023-01-03 09:30:00,130.27999877929688,130.89999389648438,124.16999816894531,125.06999969482422,112117500,122.87675476074219
2023-01-04 09:30:00,126.88999938964844,128.66000366210938,125.08000183105469,126.36000061035156,89113600,124.14411926269531
2023-01-05 09:30:00,127.12999725341797,127.7699966430664,124.76000213623047,125.0199966430664,80962700,122.82762145996094
2023-01-06 09:30:00,126.01000213623047,130.2899932861328,124.88999938964844,129.6199951171875,87754700,127.3469467163086
2023-01-09 09:30:00,130.47000122070312,133.41000366210938,129.88999938964844,130.14999389648438,70790800,127.86763763427734
2023-01-10 09:30:00,130.25999450683594,131.25999450683594,128.1199951171875,130.72999572753906,63896200,128.43751525878906
2023-01-11 09:30:00,131.25,133.50999450683594,130.4600067138672,133.49000549316406,69458900,131.14910888671875
2023-01-12 09:30:00,133.8800048828125,134.25999450683594,131.44000244140625,133.41000366210938,71379600,131.07049560546875
2023-01-13 09:30:00,132.02999877929688,134.9199981689453,131.66000366210938,134.75999450683594,57809700,132.3968048095703
2023-01-17 09:30:00,134.8300018310547,137.2899932861328,134.1300048828125,135.94000244140625,63646600,133.5561065673828
2023-01-18 09:30:00,136.82000732421875,138.61000061035156,135.02999877929688,135.2100067138672,69672800,132.83889770507812
2023-01-19 09:30:00,134.0800018310547,136.25,133.77000427246094,135.27000427246094,58280400,132.89788818359375
2023-01-20 09:30:00,135.27999877929688,138.02000427246094,134.22000122070312,137.8699951171875,80223600,135.45228576660156
2023-01-23 09:30:00,138.1199951171875,143.32000732421875,137.89999389648438,141.11000061035156,81760300,138.63546752929688
2023-01-24 09:30:00,140.30999755859375,143.16000366210938,140.3000030517578,142.52999877929688,66435100,140.03054809570312
2023-01-25 09:30:00,140.88999938964844,142.42999267578125,138.80999755859375,141.86000061035156,65799300,139.37228393554688
2023-01-26 09:30:00,143.1699981689453,144.25,141.89999389648438,143.9600067138672,54105100,141.4355010986328
2023-01-27 09:30:00,143.16000366210938,147.22999572753906,143.0800018310547,145.92999267578125,70555800,143.3709259033203
2023-01-30 09:30:00,144.9600067138672,145.5500030517578,142.85000610351562,143.0,64015300,140.49234008789062
2023-01-31 09:30:00,142.6999969482422,144.33999633789062,142.27999877929688,144.2899932861328,65874500,141.7596893310547
2023-02-01 09:30:00,143.97000122070312,146.61000061035156,141.32000732421875,145.42999267578125,77663600,142.87969970703125
2023-02-02 09:30:00,148.89999389648438,151.17999267578125,148.1699981689453,150.82000732421875,118339000,148.17515563964844
2023-02-03 09:30:00,148.02999877929688,157.3800048828125,147.8300018310547,154.5,154357300,151.7906494140625
2023-02-06 09:30:00,152.57000732421875,153.10000610351562,150.77999877929688,151.72999572753906,69858300,149.06922912597656
2023-02-07 09:30:00,150.63999938964844,155.22999572753906,150.63999938964844,154.64999389648438,83322600,151.93800354003906
2023-02-08 09:30:00,153.8800048828125,154.5800018310547,151.1699981689453,151.9199981689453,64120100,149.25588989257812
2023-02-09 09:30:00,153.77999877929688,154.3300018310547,150.4199981689453,150.8699951171875,56007100,148.2242889404297
2023-02-10 09:30:00,149.4600067138672,151.33999633789062,149.22000122070312,151.00999450683594,57450700,148.58834838867188
2023-02-13 09:30:00,150.9499969482422,154.25999450683594,150.9199981689453,153.85000610351562,62199000,151.38284301757812
2023-02-14 09:30:00,152.1199951171875,153.77000427246094,150.86000061035156,153.1999969482422,61707600,150.74325561523438
2023-02-15 09:30:00,153.11000061035156,155.5,152.8800048828125,155.3300018310547,65573800,152.83909606933594
2023-02-16 09:30:00,153.50999450683594,156.3300018310547,153.35000610351562,153.7100067138672,68167900,151.24508666992188
2023-02-17 09:30:00,152.35000610351562,153.0,150.85000610351562,152.5500030517578,59144100,150.10369873046875
2023-02-21 09:30:00,150.1999969482422,151.3000030517578,148.41000366210938,148.47999572753906,58867200,146.0989227294922
2023-02-22 09:30:00,148.8699951171875,149.9499969482422,147.16000366210938,148.91000366210938,51011300,146.52207946777344
2023-02-23 09:30:00,150.08999633789062,150.33999633789062,147.24000549316406,149.39999389648438,48394200,147.00416564941406
2023-02-24 09:30:00,147.11000061035156,147.19000244140625,145.72000122070312,146.7100067138672,55469600,144.35736083984375
2023-02-27 09:30:00,147.7100067138672,149.1699981689453,147.4499969482422,147.9199981689453,44998500,145.54794311523438
2023-02-28 09:30:00,147.0500030517578,149.0800018310547,146.8300018310547,147.41000366210938,50547000,145.04608154296875
2023-03-01 09:30:00,146.8300018310547,147.22999572753906,145.00999450683594,145.30999755859375,55479000,142.9797821044922
2023-03-02 09:30:00,144.3800048828125,146.7100067138672,143.89999389648438,145.91000366210938,52238100,143.57015991210938
2023-03-03 09:30:00,148.0399932861328,151.11000061035156,147.3300018310547,151.02999877929688,70732300,148.6080322265625
2023-03-06 09:30:00,153.7899932861328,156.3000030517578,153.4600067138672,153.8300018310547,87558000,151.36318969726562
2023-03-07 09:30:00,153.6999969482422,154.02999877929688,151.1300048828125,151.60000610351562,56182000,149.16893005371094
2023-03-08 09:30:00,152.80999755859375,153.47000122070312,151.8300018310547,152.8699951171875,47204800,150.41854858398438
2023-03-09 09:30:00,153.55999755859375,154.5399932861328,150.22999572753906,150.58999633789062,53833600,148.1750946044922
2023-03-10 09:30:00,150.2100067138672,150.94000244140625,147.61000061035156,148.5,68572400,146.11866760253906
2023-03-13 09:30:00,147.80999755859375,153.13999938964844,147.6999969482422,150.47000122070312,84457100,148.05706787109375
2023-03-14 09:30:00,151.27999877929688,153.39999389648438,150.10000610351562,152.58999633789062,73695900,150.14306640625
2023-03-15 09:30:00,151.19000244140625,153.25,149.9199981689453,152.99000549316406,77167900,150.53662109375
2023-03-16 09:30:00,152.16000366210938,156.4600067138672,151.63999938964844,155.85000610351562,76161100,153.3507537841797
2023-03-17 09:30:00,156.0800018310547,156.74000549316406,154.27999877929688,155.0,98944600,152.5143585205078
2023-03-20 09:30:00,155.07000732421875,157.82000732421875,154.14999389648438,157.39999389648438,73641400,154.87591552734375
2023-03-21 09:30:00,157.32000732421875,159.39999389648438,156.5399932861328,159.27999877929688,73938300,156.72576904296875
2023-03-22 09:30:00,159.3000030517578,162.13999938964844,157.80999755859375,157.8300018310547,75701800,155.2990264892578
2023-03-23 09:30:00,158.8300018310547,161.5500030517578,157.67999267578125,158.92999267578125,67622100,156.38137817382812
2023-03-24 09:30:00,158.86000061035156,160.33999633789062,157.85000610351562,160.25,59196500,157.68020629882812
2023-03-27 09:30:00,159.94000244140625,160.77000427246094,157.8699951171875,158.27999877929688,52390300,155.7417755126953
2023-03-28 09:30:00,157.97000122070312,158.49000549316406,155.97999572753906,157.64999389648438,45992200,155.12188720703125
2023-03-29 09:30:00,159.3699951171875,161.0500030517578,159.35000610351562,160.77000427246094,51305700,158.19187927246094
2023-03-30 09:30:00,161.52999877929688,162.47000122070312,161.27000427246094,162.36000061035156,49501700,159.75637817382812
2023-03-31 09:30:00,162.44000244140625,165.0,161.91000366210938,164.89999389648438,68749800,162.25563049316406
2023-04-03 09:30:00,164.27000427246094,166.2899932861328,164.22000122070312,166.1699981689453,56976200,163.50527954101562
2023-04-04 09:30:00,166.60000610351562,166.83999633789062,165.11000061035156,165.6300048828125,46278300,162.97393798828125
2023-04-05 09:30:00,164.74000549316406,165.0500030517578,161.8000030517578,163.75999450683594,51511700,161.1339111328125
2023-04-06 09:30:00,162.42999267578125,164.9600067138672,162.0,164.66000366210938,45390100,162.01947021484375
2023-04-10 09:30:00,161.4199981689453,162.02999877929688,160.0800018310547,162.02999877929688,47716900,159.431640625
2023-04-11 09:30:00,162.35000610351562,162.36000061035156,160.50999450683594,160.8000030517578,47644200,158.2213592529297
2023-04-12 09:30:00,161.22000122070312,162.05999755859375,159.77999877929688,160.10000610351562,50133100,157.53262329101562
2023-04-13 09:30:00,161.6300048828125,165.8000030517578,161.4199981689453,165.55999755859375,68445600,162.90504455566406
2023-04-14 09:30:00,164.58999633789062,166.32000732421875,163.82000732421875,165.2100067138672,49386500,162.56065368652344
2023-04-17 09:30:00,165.08999633789062,165.38999938964844,164.02999877929688,165.22999572753906,41516200,162.580322265625
2023-04-18 09:30:00,166.10000610351562,167.41000366210938,165.64999389648438,166.47000122070312,49923000,163.8004608154297
2023-04-19 09:30:00,165.8000030517578,168.16000366210938,165.5399932861328,167.6300048828125,47720200,164.9418487548828
2023-04-20 09:30:00,166.08999633789062,167.8699951171875,165.55999755859375,166.64999389648438,52456400,163.97756958007812
2023-04-21 09:30:00,165.0500030517578,166.4499969482422,164.49000549316406,165.02000427246094,58337300,162.3737335205078
2023-04-24 09:30:00,165.0,165.60000610351562,163.88999938964844,165.3300018310547,41949600,162.67874145507812
2023-04-25 09:30:00,165.19000244140625,166.30999755859375,163.72999572753906,163.77000427246094,48714100,161.1437530517578
2023-04-26 09:30:00,163.05999755859375,165.27999877929688,162.8000030517578,163.75999450683594,45498800,161.1339111328125
2023-04-27 09:30:00,165.19000244140625,168.55999755859375,165.19000244140625,168.41000366210938,64902300,165.7093505859375
2023-04-28 09:30:00,168.49000549316406,169.85000610351562,167.8800048828125,169.67999267578125,55275900,166.958984375
2023-05-01 09:30:00,169.27999877929688,170.4499969482422,168.63999938964844,169.58999633789062,52472900,166.87042236328125
2023-05-02 09:30:00,170.08999633789062,170.35000610351562,167.5399932861328,168.5399932861328,48425700,165.83724975585938
2023-05-03 09:30:00,169.5,170.9199981689453,167.16000366210938,167.4499969482422,65136000,164.76475524902344
2023-05-04 09:30:00,164.88999938964844,167.0399932861328,164.30999755859375,165.7899932861328,81235400,163.13136291503906
2023-05-05 09:30:00,170.97999572753906,174.3000030517578,170.75999450683594,173.57000732421875,113453200,170.78662109375
2023-05-08 09:30:00,172.47999572753906,173.85000610351562,172.11000061035156,173.5,55962800,170.7177276611328
2023-05-09 09:30:00,173.0500030517578,173.5399932861328,171.60000610351562,171.77000427246094,45326900,169.0154571533203
2023-05-10 09:30:00,173.02000427246094,174.02999877929688,171.89999389648438,173.55999755859375,53724500,170.77676391601562
2023-05-11 09:30:00,173.85000610351562,174.58999633789062,172.1699981689453,173.75,49514700,170.96372985839844
2023-05-12 09:30:00,173.6199951171875,174.05999755859375,171.0,172.57000732421875,45533100,170.0375213623047
2023-05-15 09:30:00,173.16000366210938,173.2100067138672,171.47000122070312,172.07000732421875,37266700,169.54486083984375
2023-05-16 09:30:00,171.99000549316406,173.13999938964844,171.8000030517578,172.07000732421875,42110300,169.54486083984375
2023-05-17 09:30:00,171.7100067138672,172.92999267578125,170.4199981689453,172.69000244140625,57951600,170.15573120117188
2023-05-18 09:30:00,173.0,175.24000549316406,172.5800018310547,175.0500030517578,65496700,172.48109436035156
2023-05-19 09:30:00,176.38999938964844,176.38999938964844,174.94000244140625,175.16000366210938,55809500,172.5894775390625
2023-05-22 09:30:00,173.97999572753906,174.7100067138672,173.4499969482422,174.1999969482422,43570900,171.6436004638672
2023-05-23 09:30:00,173.1300048828125,173.3800048828125,171.27999877929688,171.55999755859375,50747300,169.0423126220703
2023-05-24 09:30:00,171.08999633789062,172.4199981689453,170.52000427246094,171.83999633789062,45143500,169.31822204589844
2023-05-25 09:30:00,172.41000366210938,173.89999389648438,171.69000244140625,172.99000549316406,56058300,170.45135498046875
2023-05-26 09:30:00,173.32000732421875,175.77000427246094,173.11000061035156,175.42999267578125,54835000,172.8555145263672
2023-05-30 09:30:00,176.9600067138672,178.99000549316406,176.57000732421875,177.3000030517578,55964400,174.6981201171875
2023-05-31 09:30:00,177.3300018310547,179.35000610351562,176.75999450683594,177.25,99625300,174.64881896972656
2023-06-01 09:30:00,177.6999969482422,180.1199951171875,176.92999267578125,180.08999633789062,68901800,177.44715881347656
2023-06-02 09:30:00,181.02999877929688,181.77999877929688,179.25999450683594,180.9499969482422,61996900,178.29452514648438
2023-06-05 09:30:00,182.6300048828125,184.9499969482422,178.0399932861328,179.5800018310547,121946500,176.9446258544922
2023-06-06 09:30:00,179.97000122070312,180.1199951171875,177.42999267578125,179.2100067138672,64848400,176.58006286621094
2023-06-07 09:30:00,178.44000244140625,181.2100067138672,177.32000732421875,177.82000732421875,61944600,175.2104949951172
2023-06-08 09:30:00,177.89999389648438,180.83999633789062,177.4600067138672,180.57000732421875,50214900,177.9200897216797
2023-06-09 09:30:00,181.5,182.22999572753906,180.6300048828125,180.9600067138672,48900000,178.30438232421875
2023-06-12 09:30:00,181.27000427246094,183.88999938964844,180.97000122070312,183.7899932861328,54274900,181.09286499023438
2023-06-13 09:30:00,182.8000030517578,184.14999389648438,182.44000244140625,183.30999755859375,54929100,180.619873046875
2023-06-14 09:30:00,183.3699951171875,184.38999938964844,182.02000427246094,183.9499969482422,57462900,181.25047302246094
2023-06-15 09:30:00,183.9600067138672,186.52000427246094,183.77999877929688,186.00999450683594,65433200,183.2802734375
2023-06-16 09:30:00,186.72999572753906,186.99000549316406,184.27000427246094,184.9199981689453,101256200,182.20628356933594
2023-06-20 09:30:00,184.41000366210938,186.10000610351562,184.41000366210938,185.00999450683594,49799100,182.29493713378906
2023-06-21 09:30:00,184.89999389648438,185.41000366210938,182.58999633789062,183.9600067138672,49515700,181.2603759765625
2023-06-22 09:30:00,183.74000549316406,187.0500030517578,183.6699981689453,187.0,51245300,184.2557373046875
2023-06-23 09:30:00,185.5500030517578,187.55999755859375,185.00999450683594,186.67999267578125,53117000,183.94039916992188
2023-06-26 09:30:00,186.8300018310547,188.0500030517578,185.22999572753906,185.27000427246094,48088700,182.55113220214844
2023-06-27 09:30:00,185.88999938964844,188.38999938964844,185.6699981689453,188.05999755859375,50730800,185.30018615722656
2023-06-28 09:30:00,187.92999267578125,189.89999389648438,187.60000610351562,189.25,51216800,186.47271728515625
2023-06-29 09:30:00,189.0800018310547,190.07000732421875,188.94000244140625,189.58999633789062,46347300,186.80770874023438
2023-06-30 09:30:00,191.6300048828125,194.47999572753906,191.25999450683594,193.97000122070312,85213200,191.1234588623047
2023-07-03 09:30:00,193.77999877929688,193.8800048828125,191.75999450683594,192.4600067138672,31458200,189.6356201171875
2023-07-05 09:30:00,191.57000732421875,192.97999572753906,190.6199951171875,191.3300018310547,46920300,188.52220153808594
2023-07-06 09:30:00,189.83999633789062,192.02000427246094,189.1999969482422,191.80999755859375,45094300,188.9951629638672
2023-07-07 09:30:00,191.41000366210938,192.6699981689453,190.24000549316406,190.67999267578125,46815000,187.88172912597656
2023-07-10 09:30:00,189.25999450683594,189.99000549316406,187.0399932861328,188.61000061035156,59922200,185.84213256835938
2023-07-11 09:30:00,189.16000366210938,189.3000030517578,186.60000610351562,188.0800018310547,46638100,185.3199005126953
2023-07-12 09:30:00,189.67999267578125,191.6999969482422,188.47000122070312,189.77000427246094,60750200,186.98512268066406
2023-07-13 09:30:00,190.5,191.19000244140625,189.77999877929688,190.5399932861328,41342300,187.74378967285156
2023-07-14 09:30:00,190.22999572753906,191.17999267578125,189.6300048828125,190.69000244140625,41616200,187.89157104492188
2023-07-17 09:30:00,191.89999389648438,194.32000732421875,191.80999755859375,193.99000549316406,50520200,191.14317321777344
2023-07-18 09:30:00,193.35000610351562,194.3300018310547,192.4199981689453,193.72999572753906,48288200,190.88699340820312
2023-07-19 09:30:00,193.10000610351562,198.22999572753906,192.64999389648438,195.10000610351562,80507300,192.23687744140625
2023-07-20 09:30:00,195.08999633789062,196.47000122070312,192.5,193.1300048828125,59581200,190.2957763671875
2023-07-21 09:30:00,194.10000610351562,194.97000122070312,191.22999572753906,191.94000244140625,71951700,189.1232452392578
2023-07-24 09:30:00,193.41000366210938,194.91000366210938,192.25,192.75,45377800,189.92137145996094
2023-07-25 09:30:00,193.3300018310547,194.44000244140625,192.9199981689453,193.6199951171875,37283200,190.77859497070312
2023-07-26 09:30:00,193.6699981689453,195.63999938964844,193.32000732421875,194.5,47471900,191.6456756591797
2023-07-27 09:30:00,196.02000427246094,197.1999969482422,192.5500030517578,193.22000122070312,47460200,190.38446044921875
2023-07-28 09:30:00,194.6699981689453,196.6300048828125,194.13999938964844,195.8300018310547,48291400,192.95616149902344
2023-07-31 09:30:00,196.05999755859375,196.49000549316406,195.25999450683594,196.4499969482422,38824100,193.5670623779297
2023-08-01 09:30:00,196.24000549316406,196.72999572753906,195.27999877929688,195.61000061035156,35175100,192.73941040039062
2023-08-02 09:30:00,195.0399932861328,195.17999267578125,191.85000610351562,192.5800018310547,50389300,189.75387573242188
2023-08-03 09:30:00,191.57000732421875,192.3699951171875,190.69000244140625,191.1699981689453,61235200,188.3645477294922
2023-08-04 09:30:00,185.52000427246094,187.3800048828125,181.9199981689453,181.99000549316406,115956800,179.3192596435547
2023-08-07 09:30:00,182.1300048828125,183.1300048828125,177.35000610351562,178.85000610351562,97576100,176.22537231445312
2023-08-08 09:30:00,179.69000244140625,180.27000427246094,177.5800018310547,179.8000030517578,67823000,177.16139221191406
2023-08-09 09:30:00,180.8699951171875,180.92999267578125,177.00999450683594,178.19000244140625,60378500,175.5750274658203
2023-08-10 09:30:00,179.47999572753906,180.75,177.60000610351562,177.97000122070312,54686900,175.35826110839844
2023-08-11 09:30:00,177.32000732421875,178.6199951171875,176.5500030517578,177.7899932861328,52036700,175.41746520996094
2023-08-14 09:30:00,177.97000122070312,179.69000244140625,177.30999755859375,179.4600067138672,43675600,177.065185546875
2023-08-15 09:30:00,178.8800048828125,179.47999572753906,177.0500030517578,177.4499969482422,43622600,175.08197021484375
2023-08-16 09:30:00,177.1300048828125,178.5399932861328,176.5,176.57000732421875,46964900,174.21376037597656
2023-08-17 09:30:00,177.13999938964844,177.50999450683594,173.47999572753906,174.0,66062900,171.6780548095703
2023-08-18 09:30:00,172.3000030517578,175.10000610351562,171.9600067138672,174.49000549316406,61172200,172.16151428222656
2023-08-21 09:30:00,175.07000732421875,176.1300048828125,173.74000549316406,175.83999633789062,46311900,173.49351501464844
2023-08-22 09:30:00,177.05999755859375,177.67999267578125,176.25,177.22999572753906,42038900,174.86495971679688
2023-08-23 09:30:00,178.52000427246094,181.5500030517578,178.3300018310547,181.1199951171875,52722800,178.70298767089844
2023-08-24 09:30:00,180.6699981689453,181.10000610351562,176.00999450683594,176.3800048828125,54945800,174.02626037597656
2023-08-25 09:30:00,177.3800048828125,179.14999389648438,175.82000732421875,178.61000061035156,51449600,176.22650146484375
2023-08-28 09:30:00,180.08999633789062,180.58999633789062,178.5500030517578,180.19000244140625,43820700,177.78546142578125
2023-08-29 09:30:00,179.6999969482422,184.89999389648438,179.5,184.1199951171875,53003900,181.66299438476562
2023-08-30 09:30:00,184.94000244140625,187.85000610351562,184.74000549316406,187.64999389648438,60813900,185.1458740234375
2023-08-31 09:30:00,187.83999633789062,189.1199951171875,187.47999572753906,187.8699951171875,60794500,185.36293029785156
2023-09-01 09:30:00,189.49000549316406,189.9199981689453,188.27999877929688,189.4600067138672,45766500,186.93173217773438
2023-09-05 09:30:00,188.27999877929688,189.97999572753906,187.61000061035156,189.6999969482422,45280000,187.1685333251953
2023-09-06 09:30:00,188.39999389648438,188.85000610351562,181.47000122070312,182.91000366210938,81755800,180.46913146972656
2023-09-07 09:30:00,175.17999267578125,178.2100067138672,173.5399932861328,177.55999755859375,112488800,175.1905059814453
2023-09-08 09:30:00,178.35000610351562,180.24000549316406,177.7899932861328,178.17999267578125,65551300,175.80226135253906
2023-09-11 09:30:00,180.07000732421875,180.3000030517578,177.33999633789062,179.36000061035156,58953100,176.96649169921875
2023-09-12 09:30:00,179.49000549316406,180.1300048828125,174.82000732421875,176.3000030517578,90370200,173.9473419189453
2023-09-13 09:30:00,176.50999450683594,177.3000030517578,173.97999572753906,174.2100067138672,84267900,171.88523864746094
2023-09-14 09:30:00,174.0,176.10000610351562,173.5800018310547,175.74000549316406,60895800,173.3948211669922
2023-09-15 09:30:00,176.47999572753906,176.5,173.82000732421875,175.00999450683594,109259500,172.67453002929688
2023-09-18 09:30:00,176.47999572753906,179.3800048828125,176.1699981689453,177.97000122070312,67257600,175.5950469970703
2023-09-19 09:30:00,177.52000427246094,179.6300048828125,177.1300048828125,179.07000732421875,51826900,176.6803741455078
2023-09-20 09:30:00,179.25999450683594,179.6999969482422,175.39999389648438,175.49000549316406,58436200,173.14816284179688
2023-09-21 09:30:00,174.5500030517578,176.3000030517578,173.86000061035156,173.92999267578125,63149100,171.60897827148438
2023-09-22 09:30:00,174.6699981689453,177.0800018310547,174.0500030517578,174.7899932861328,56725400,172.45748901367188
2023-09-25 09:30:00,174.1999969482422,176.97000122070312,174.14999389648438,176.0800018310547,46172700,173.730224609375
2023-09-26 09:30:00,174.82000732421875,175.1999969482422,171.66000366210938,171.9600067138672,64588900,169.66526794433594
2023-09-27 09:30:00,172.6199951171875,173.0399932861328,169.0500030517578,170.42999267578125,66921800,168.1556854248047
2023-09-28 09:30:00,169.33999633789062,172.02999877929688,167.6199951171875,170.69000244140625,56294400,168.4121856689453
2023-09-29 09:30:00,172.02000427246094,173.07000732421875,170.33999633789062,171.2100067138672,51861100,168.92529296875
2023-10-02 09:30:00,171.22000122070312,174.3000030517578,170.92999267578125,173.75,52164500,171.43136596679688
2023-10-03 09:30:00,172.25999450683594,173.6300048828125,170.82000732421875,172.39999389648438,49594600,170.09938049316406
2023-10-04 09:30:00,171.08999633789062,174.2100067138672,170.97000122070312,173.66000366210938,53020300,171.3425750732422
2023-10-05 09:30:00,173.7899932861328,175.4499969482422,172.67999267578125,174.91000366210938,48527900,172.57589721679688
2023-10-06 09:30:00,173.8000030517578,177.99000549316406,173.17999267578125,177.49000549316406,57266700,175.1214599609375
2023-10-09 09:30:00,176.80999755859375,179.0500030517578,175.8000030517578,178.99000549316406,42390800,176.60145568847656
2023-10-10 09:30:00,178.10000610351562,179.72000122070312,177.9499969482422,178.38999938964844,43698000,176.00946044921875
2023-10-11 09:30:00,178.1999969482422,179.85000610351562,177.60000610351562,179.8000030517578,47551100,177.40061950683594
2023-10-12 09:30:00,180.07000732421875,182.33999633789062,179.0399932861328,180.7100067138672,56743100,178.29849243164062
2023-10-13 09:30:00,181.4199981689453,181.92999267578125,178.13999938964844,178.85000610351562,51427100,176.46334838867188
2023-10-16 09:30:00,176.75,179.0800018310547,176.50999450683594,178.72000122070312,52517000,176.33505249023438
2023-10-17 09:30:00,176.64999389648438,178.4199981689453,174.8000030517578,177.14999389648438,57549400,174.78598022460938
2023-10-18 09:30:00,175.5800018310547,177.5800018310547,175.11000061035156,175.83999633789062,54764400,173.49351501464844
2023-10-19 09:30:00,176.0399932861328,177.83999633789062,175.19000244140625,175.4600067138672,59302900,173.11854553222656
2023-10-20 09:30:00,175.30999755859375,175.4199981689453,172.63999938964844,172.8800048828125,64244000,170.57298278808594
2023-10-23 09:30:00,170.91000366210938,174.00999450683594,169.92999267578125,173.0,55980100,170.69140625
2023-10-24 09:30:00,173.0500030517578,173.6699981689453,171.4499969482422,173.44000244140625,43816600,171.12551879882812
2023-10-25 09:30:00,171.8800048828125,173.05999755859375,170.64999389648438,171.10000610351562,57157000,168.81674194335938
2023-10-26 09:30:00,170.3699951171875,171.3800048828125,165.6699981689453,166.88999938964844,70625300,164.66290283203125
2023-10-27 09:30:00,166.91000366210938,168.9600067138672,166.8300018310547,168.22000122070312,58499100,165.9751739501953
2023-10-30 09:30:00,169.02000427246094,171.1699981689453,168.8699951171875,170.2899932861328,51131000,168.01754760742188
2023-10-31 09:30:00,169.35000610351562,170.89999389648438,167.89999389648438,170.77000427246094,44846000,168.49114990234375
2023-11-01 09:30:00,171.0,174.22999572753906,170.1199951171875,173.97000122070312,56934900,171.6484375
2023-11-02 09:30:00,175.52000427246094,177.77999877929688,175.4600067138672,177.57000732421875,77334800,175.2003936767578
2023-11-03 09:30:00,174.24000549316406,176.82000732421875,173.35000610351562,176.64999389648438,79829200,174.29266357421875
2023-11-06 09:30:00,176.3800048828125,179.42999267578125,176.2100067138672,179.22999572753906,63841300,176.83824157714844
2023-11-07 09:30:00,179.17999267578125,182.44000244140625,178.97000122070312,181.82000732421875,70530000,179.39369201660156
2023-11-08 09:30:00,182.35000610351562,183.4499969482422,181.58999633789062,182.88999938964844,49340300,180.4493865966797
2023-11-09 09:30:00,182.9600067138672,184.1199951171875,181.80999755859375,182.41000366210938,53763500,179.97579956054688
2023-11-10 09:30:00,183.97000122070312,186.57000732421875,183.52999877929688,186.39999389648438,66133400,184.1548309326172
2023-11-13 09:30:00,185.82000732421875,186.02999877929688,184.2100067138672,184.8000030517578,43627500,182.57411193847656
2023-11-14 09:30:00,187.6999969482422,188.11000061035156,186.3000030517578,187.44000244140625,60108400,185.1823272705078
2023-11-15 09:30:00,187.85000610351562,189.5,187.77999877929688,188.00999450683594,53790500,185.74546813964844
2023-11-16 09:30:00,189.57000732421875,190.9600067138672,188.64999389648438,189.7100067138672,54412900,187.42503356933594
2023-11-17 09:30:00,190.25,190.3800048828125,188.57000732421875,189.69000244140625,50922700,187.40521240234375
2023-11-20 09:30:00,189.88999938964844,191.91000366210938,189.8800048828125,191.4499969482422,46505100,189.14404296875
2023-11-21 09:30:00,191.41000366210938,191.52000427246094,189.74000549316406,190.63999938964844,38134500,188.34376525878906
2023-11-22 09:30:00,191.49000549316406,192.92999267578125,190.8300018310547,191.30999755859375,39617700,189.0057373046875
2023-11-24 09:30:00,190.8699951171875,190.89999389648438,189.25,189.97000122070312,24048300,187.68185424804688
2023-11-27 09:30:00,189.9199981689453,190.6699981689453,188.89999389648438,189.7899932861328,40552600,187.5040283203125
2023-11-28 09:30:00,189.77999877929688,191.0800018310547,189.39999389648438,190.39999389648438,38415400,188.1066436767578
2023-11-29 09:30:00,190.89999389648438,192.08999633789062,188.97000122070312,189.3699951171875,43014200,187.08908081054688
2023-11-30 09:30:00,189.83999633789062,190.32000732421875,188.19000244140625,189.9499969482422,48794400,187.662109375
2023-12-01 09:30:00,190.3300018310547,191.55999755859375,189.22999572753906,191.24000549316406,45704800,188.93655395507812
2023-12-04 09:30:00,189.97999572753906,190.0500030517578,187.4499969482422,189.42999267578125,43389500,187.14834594726562
2023-12-05 09:30:00,190.2100067138672,194.39999389648438,190.17999267578125,193.4199981689453,66628400,191.09030151367188
2023-12-06 09:30:00,194.4499969482422,194.75999450683594,192.11000061035156,192.32000732421875,41089700,190.00355529785156
2023-12-07 09:30:00,193.6300048828125,195.0,193.58999633789062,194.27000427246094,47477700,191.93006896972656
2023-12-08 09:30:00,194.1999969482422,195.99000549316406,193.6699981689453,195.7100067138672,53406400,193.35272216796875
2023-12-11 09:30:00,193.11000061035156,193.49000549316406,191.4199981689453,193.17999267578125,60943700,190.8531951904297
2023-12-12 09:30:00,193.0800018310547,194.72000122070312,191.72000122070312,194.7100067138672,52696900,192.36477661132812
2023-12-13 09:30:00,195.08999633789062,198.0,194.85000610351562,197.9600067138672,70404200,195.57562255859375
2023-12-14 09:30:00,198.02000427246094,199.6199951171875,196.16000366210938,198.11000061035156,66831600,195.7238311767578
2023-12-15 09:30:00,197.52999877929688,198.39999389648438,197.0,197.57000732421875,128538400,195.19032287597656
2023-12-18 09:30:00,196.08999633789062,196.6300048828125,194.38999938964844,195.88999938964844,55751900,193.53054809570312
2023-12-19 09:30:00,196.16000366210938,196.9499969482422,195.88999938964844,196.94000244140625,40714100,194.5679168701172
2023-12-20 09:30:00,196.89999389648438,197.67999267578125,194.8300018310547,194.8300018310547,52242800,192.4833221435547
2023-12-21 09:30:00,196.10000610351562,197.0800018310547,193.5,194.67999267578125,46482500,192.33509826660156
2023-12-22 09:30:00,195.17999267578125,195.41000366210938,192.97000122070312,193.60000610351562,37149600,191.2681427001953
2023-12-26 09:30:00,193.61000061035156,193.88999938964844,192.8300018310547,193.0500030517578,28919300,190.7247772216797
2023-12-27 09:30:00,192.49000549316406,193.5,191.08999633789062,193.14999389648438,48087700,190.82354736328125
2023-12-28 09:30:00,194.13999938964844,194.66000366210938,193.1699981689453,193.5800018310547,34049900,191.24839782714844
2023-12-29 09:30:00,193.89999389648438,194.39999389648438,191.72999572753906,192.52999877929688,42672100,190.21102905273438
2024-01-02 09:30:00,187.14999389648438,188.44000244140625,183.88999938964844,185.63999938964844,82488700,183.40402221679688
2024-01-03 09:30:00,184.22000122070312,185.8800048828125,183.42999267578125,184.25,58414500,182.03074645996094
2024-01-04 09:30:00,182.14999389648438,183.08999633789062,180.8800048828125,181.91000366210938,71983600,179.71896362304688
2024-01-05 09:30:00,181.99000549316406,182.75999450683594,180.1699981689453,181.17999267578125,62379700,178.9977264404297
2024-01-08 09:30:00,182.08999633789062,185.60000610351562,181.5,185.55999755859375,59144500,183.32496643066406
2024-01-09 09:30:00,183.9199981689453,185.14999389648438,182.72999572753906,185.13999938964844,42841800,182.9100341796875
2024-01-10 09:30:00,184.35000610351562,186.39999389648438,183.9199981689453,186.19000244140625,46792900,183.94740295410156
2024-01-11 09:30:00,186.5399932861328,187.0500030517578,183.6199951171875,185.58999633789062,49128400,183.3546142578125
2024-01-12 09:30:00,186.05999755859375,186.74000549316406,185.19000244140625,185.9199981689453,40477800,183.68063354492188
2024-01-16 09:30:00,182.16000366210938,184.25999450683594,180.92999267578125,183.6300048828125,65603000,181.418212890625
2024-01-17 09:30:00,181.27000427246094,182.92999267578125,180.3000030517578,182.67999267578125,47317400,180.47967529296875
2024-01-18 09:30:00,186.08999633789062,189.13999938964844,185.8300018310547,188.6300048828125,78005800,186.35800170898438
2024-01-19 09:30:00,189.3300018310547,191.9499969482422,188.82000732421875,191.55999755859375,68903000,189.252685546875
2024-01-22 09:30:00,192.3000030517578,195.3300018310547,192.25999450683594,193.88999938964844,60133900,191.5546417236328
2024-01-23 09:30:00,195.02000427246094,195.75,193.8300018310547,195.17999267578125,42355600,192.8291015625
2024-01-24 09:30:00,195.4199981689453,196.3800048828125,194.33999633789062,194.5,53631300,192.1572723388672
2024-01-25 09:30:00,195.22000122070312,196.27000427246094,193.11000061035156,194.1699981689453,54822100,191.83128356933594
2024-01-26 09:30:00,194.27000427246094,194.75999450683594,191.94000244140625,192.4199981689453,44594000,190.10235595703125
2024-01-29 09:30:00,192.00999450683594,192.1999969482422,189.5800018310547,191.72999572753906,47145600,189.42066955566406
2024-01-30 09:30:00,190.94000244140625,191.8000030517578,187.47000122070312,188.0399932861328,55859400,185.7751007080078
2024-01-31 09:30:00,187.0399932861328,187.10000610351562,184.35000610351562,184.39999389648438,55467800,182.17893981933594
2024-02-01 09:30:00,183.99000549316406,186.9499969482422,183.82000732421875,186.86000061035156,64885400,184.6093292236328
2024-02-02 09:30:00,179.86000061035156,187.3300018310547,179.25,185.85000610351562,102551700,183.61148071289062
2024-02-05 09:30:00,188.14999389648438,189.25,185.83999633789062,187.67999267578125,69668800,185.41944885253906
2024-02-06 09:30:00,186.86000061035156,189.30999755859375,186.77000427246094,189.3000030517578,43490800,187.01992797851562
2024-02-07 09:30:00,190.63999938964844,191.0500030517578,188.61000061035156,189.41000366210938,53439000,187.12863159179688
2024-02-08 09:30:00,189.38999938964844,189.5399932861328,187.35000610351562,188.32000732421875,40962000,186.05172729492188
2024-02-09 09:30:00,188.64999389648438,189.99000549316406,188.0,188.85000610351562,45155200,186.81344604492188
2024-02-12 09:30:00,188.4199981689453,188.6699981689453,186.7899932861328,187.14999389648438,41781900,185.1317596435547
2024-02-13 09:30:00,185.77000427246094,186.2100067138672,183.50999450683594,185.0399932861328,56529500,183.0445098876953
2024-02-14 09:30:00,185.32000732421875,185.52999877929688,182.44000244140625,184.14999389648438,54630500,182.1641082763672
2024-02-15 09:30:00,183.5500030517578,184.49000549316406,181.35000610351562,183.86000061035156,65434500,181.8772430419922
2024-02-16 09:30:00,183.4199981689453,184.85000610351562,181.6699981689453,182.30999755859375,49752500,180.3439483642578
2024-02-20 09:30:00,181.7899932861328,182.42999267578125,180.0,181.55999755859375,53665600,179.60202026367188
2024-02-21 09:30:00,181.94000244140625,182.88999938964844,180.66000366210938,182.32000732421875,41371400,180.35382080078125
2024-02-22 09:30:00,183.47999572753906,184.9600067138672,182.4600067138672,184.3699951171875,52292200,182.38174438476562
2024-02-23 09:30:00,185.00999450683594,185.0399932861328,182.22999572753906,182.52000427246094,45119700,180.55169677734375
2024-02-26 09:30:00,182.24000549316406,182.75999450683594,180.64999389648438,181.16000366210938,40867400,179.20639038085938
2024-02-27 09:30:00,181.10000610351562,183.9199981689453,179.55999755859375,182.6300048828125,54318900,180.66049194335938
2024-02-28 09:30:00,182.50999450683594,183.1199951171875,180.1300048828125,181.4199981689453,48953900,179.4635467529297
2024-02-29 09:30:00,181.27000427246094,182.57000732421875,179.52999877929688,180.75,136682600,178.80076599121094
2024-03-01 09:30:00,179.5500030517578,180.52999877929688,177.3800048828125,179.66000366210938,73563100,177.72254943847656
2024-03-04 09:30:00,176.14999389648438,176.89999389648438,173.7899932861328,175.10000610351562,81510100,173.2117156982422
2024-03-05 09:30:00,170.75999450683594,172.0399932861328,169.6199951171875,170.1199951171875,95132400,168.285400390625
2024-03-06 09:30:00,171.05999755859375,171.24000549316406,168.67999267578125,169.1199951171875,68587700,167.29617309570312
2024-03-07 09:30:00,169.14999389648438,170.72999572753906,168.49000549316406,169.0,71765100,167.17750549316406
2024-03-08 09:30:00,169.0,173.6999969482422,168.94000244140625,170.72999572753906,76267000,168.8888397216797
2024-03-11 09:30:00,172.94000244140625,174.3800048828125,172.0500030517578,172.75,60139500,170.88706970214844
2024-03-12 09:30:00,173.14999389648438,174.02999877929688,171.00999450683594,173.22999572753906,59825400,171.36187744140625
2024-03-13 09:30:00,172.77000427246094,173.19000244140625,170.75999450683594,171.1300048828125,52488700,169.28451538085938
2024-03-14 09:30:00,172.91000366210938,174.30999755859375,172.0500030517578,173.0,72913500,171.1343536376953
2024-03-15 09:30:00,171.1699981689453,172.6199951171875,170.2899932861328,172.6199951171875,121752700,170.75845336914062
2024-03-18 09:30:00,175.57000732421875,177.7100067138672,173.52000427246094,173.72000122070312,75604200,171.84658813476562
2024-03-19 09:30:00,174.33999633789062,176.61000061035156,173.02999877929688,176.0800018310547,55215200,174.18115234375
2024-03-20 09:30:00,175.72000122070312,178.6699981689453,175.08999633789062,178.6699981689453,53423100,176.7432098388672
2024-03-21 09:30:00,177.0500030517578,177.49000549316406,170.83999633789062,171.3699951171875,106181300,169.52194213867188
2024-03-22 09:30:00,171.75999450683594,173.0500030517578,170.05999755859375,172.27999877929688,71160100,170.42210388183594
2024-03-25 09:30:00,170.57000732421875,171.94000244140625,169.4499969482422,170.85000610351562,54288300,169.00755310058594
2024-03-26 09:30:00,170.0,171.4199981689453,169.5800018310547,169.7100067138672,57388400,167.87982177734375
2024-03-27 09:30:00,170.41000366210938,173.60000610351562,170.11000061035156,173.30999755859375,60273300,171.44100952148438
2024-03-28 09:30:00,171.75,172.22999572753906,170.50999450683594,171.47999572753906,65672700,169.63072204589844
2024-04-01 09:30:00,171.19000244140625,171.25,169.47999572753906,170.02999877929688,46240500,168.19638061523438
2024-04-02 09:30:00,169.0800018310547,169.33999633789062,168.22999572753906,168.83999633789062,49329500,167.0192108154297
2024-04-03 09:30:00,168.7899932861328,170.67999267578125,168.5800018310547,169.64999389648438,47691700,167.82046508789062
2024-04-04 09:30:00,170.2899932861328,171.9199981689453,168.82000732421875,168.82000732421875,53704400,166.99942016601562
2024-04-05 09:30:00,169.58999633789062,170.38999938964844,168.9499969482422,169.5800018310547,42104800,167.75120544433594
2024-04-08 09:30:00,169.02999877929688,169.1999969482422,168.24000549316406,168.4499969482422,37425500,166.63343811035156
2024-04-09 09:30:00,168.6999969482422,170.0800018310547,168.35000610351562,169.6699981689453,42373800,167.84027099609375
2024-04-10 09:30:00,168.8000030517578,169.08999633789062,167.11000061035156,167.77999877929688,49709300,165.9706268310547
2024-04-11 09:30:00,168.33999633789062,175.4600067138672,168.16000366210938,175.0399932861328,91070300,173.15234375
2024-04-12 09:30:00,174.25999450683594,178.36000061035156,174.2100067138672,176.5500030517578,101670900,174.64605712890625
2024-04-15 09:30:00,175.36000061035156,176.6300048828125,172.5,172.69000244140625,73531800,170.8276824951172
2024-04-16 09:30:00,171.75,173.75999450683594,168.27000427246094,169.3800048828125,73711200,167.55340576171875
2024-04-17 09:30:00,169.61000061035156,170.64999389648438,168.0,168.0,50901200,166.1882781982422
2024-04-18 09:30:00,168.02999877929688,168.63999938964844,166.5500030517578,167.0399932861328,43122900,165.23863220214844
2024-04-19 09:30:00,166.2100067138672,166.39999389648438,164.0800018310547,165.0,68149400,163.22061157226562
2024-04-22 09:30:00,165.52000427246094,167.25999450683594,164.77000427246094,165.83999633789062,48116400,164.05157470703125
2024-04-23 09:30:00,165.35000610351562,167.0500030517578,164.9199981689453,166.89999389648438,49537800,165.10012817382812
2024-04-24 09:30:00,166.5399932861328,169.3000030517578,166.2100067138672,169.02000427246094,48251800,167.19728088378906
2024-04-25 09:30:00,169.52999877929688,170.61000061035156,168.14999389648438,169.88999938964844,50558300,168.0579071044922
2024-04-26 09:30:00,169.8800048828125,171.33999633789062,169.17999267578125,169.3000030517578,44838400,167.4742431640625
2024-04-29 09:30:00,173.3699951171875,176.02999877929688,173.10000610351562,173.5,68169400,171.62896728515625
2024-04-30 09:30:00,173.3300018310547,174.99000549316406,170.0,170.3300018310547,65934800,168.49314880371094
2024-05-01 09:30:00,169.5800018310547,172.7100067138672,169.11000061035156,169.3000030517578,50383100,167.4742431640625
2024-05-02 09:30:00,172.50999450683594,173.4199981689453,170.88999938964844,173.02999877929688,94214900,171.16403198242188
2024-05-03 09:30:00,186.64999389648438,187.0,182.66000366210938,183.3800048828125,163224100,181.4023895263672
2024-05-06 09:30:00,182.35000610351562,184.1999969482422,180.4199981689453,181.7100067138672,78569700,179.75042724609375
2024-05-07 09:30:00,183.4499969482422,184.89999389648438,181.32000732421875,182.39999389648438,77305800,180.43296813964844
2024-05-08 09:30:00,182.85000610351562,183.07000732421875,181.4499969482422,182.74000549316406,45057100,180.76931762695312
2024-05-09 09:30:00,182.55999755859375,184.66000366210938,182.11000061035156,184.57000732421875,48983000,182.57960510253906
2024-05-10 09:30:00,184.89999389648438,185.08999633789062,182.1300048828125,183.0500030517578,50759500,181.3215789794922
2024-05-13 09:30:00,185.44000244140625,187.10000610351562,184.6199951171875,186.27999877929688,72044800,184.52105712890625
2024-05-14 09:30:00,187.50999450683594,188.3000030517578,186.2899932861328,187.42999267578125,52393600,185.6602020263672
2024-05-15 09:30:00,187.91000366210938,190.64999389648438,187.3699951171875,189.72000122070312,70400000,187.92861938476562
2024-05-16 09:30:00,190.47000122070312,191.10000610351562,189.66000366210938,189.83999633789062,52845200,188.04745483398438
2024-05-17 09:30:00,189.50999450683594,190.80999755859375,189.17999267578125,189.8699951171875,41282900,188.07717895507812
2024-05-20 09:30:00,189.3300018310547,191.9199981689453,189.00999450683594,191.0399932861328,44361300,189.2361297607422
2024-05-21 09:30:00,191.08999633789062,192.72999572753906,190.9199981689453,192.35000610351562,42309400,190.5337677001953
2024-05-22 09:30:00,192.27000427246094,192.82000732421875,190.27000427246094,190.89999389648438,34648500,189.09744262695312
2024-05-23 09:30:00,190.97999572753906,191.0,186.6300048828125,186.8800048828125,51005900,185.11541748046875
2024-05-24 09:30:00,188.82000732421875,190.5800018310547,188.0399932861328,189.97999572753906,36327000,188.18614196777344
2024-05-28 09:30:00,191.50999450683594,193.0,189.10000610351562,189.99000549316406,52280100,188.19602966308594
2024-05-29 09:30:00,189.61000061035156,192.25,189.50999450683594,190.2899932861328,53068000,188.49319458007812
2024-05-30 09:30:00,190.75999450683594,192.17999267578125,190.6300048828125,191.2899932861328,49889100,189.4837646484375
2024-05-31 09:30:00,191.44000244140625,192.57000732421875,189.91000366210938,192.25,75158300,190.43470764160156
2024-06-03 09:30:00,192.89999389648438,194.99000549316406,192.52000427246094,194.02999877929688,50080500,192.1979217529297
2024-06-04 09:30:00,194.63999938964844,195.32000732421875,193.02999877929688,194.35000610351562,47471400,192.514892578125
2024-06-05 09:30:00,195.39999389648438,196.89999389648438,194.8699951171875,195.8699951171875,54156800,194.0205078125
2024-06-06 09:30:00,195.69000244140625,196.5,194.1699981689453,194.47999572753906,41181800,192.6436309814453
2024-06-07 09:30:00,194.64999389648438,196.94000244140625,194.13999938964844,196.88999938964844,53103900,195.0308837890625
2024-06-10 09:30:00,196.89999389648438,197.3000030517578,192.14999389648438,193.1199951171875,97010200,191.29647827148438
2024-06-11 09:30:00,193.64999389648438,207.16000366210938,193.6300048828125,207.14999389648438,172373300,205.19398498535156
2024-06-12 09:30:00,207.3699951171875,220.1999969482422,206.89999389648438,213.07000732421875,198134300,211.05813598632812
2024-06-13 09:30:00,214.74000549316406,216.75,211.60000610351562,214.24000549316406,97862700,212.2170867919922
2024-06-14 09:30:00,213.85000610351562,215.1699981689453,211.3000030517578,212.49000549316406,70122700,210.48361206054688
2024-06-17 09:30:00,213.3699951171875,218.9499969482422,212.72000122070312,216.6699981689453,93728300,214.62413024902344
2024-06-18 09:30:00,217.58999633789062,218.6300048828125,213.0,214.2899932861328,79943300,212.2666015625
2024-06-20 09:30:00,213.92999267578125,214.24000549316406,208.85000610351562,209.67999267578125,86172500,207.70013427734375
2024-06-21 09:30:00,210.38999938964844,211.88999938964844,207.11000061035156,207.49000549316406,241805100,205.53079223632812
2024-06-24 09:30:00,207.72000122070312,212.6999969482422,206.58999633789062,208.13999938964844,80727000,206.1746826171875
2024-06-25 09:30:00,209.14999389648438,211.3800048828125,208.61000061035156,209.07000732421875,55549700,207.0958709716797
2024-06-26 09:30:00,211.5,214.86000061035156,210.63999938964844,213.25,66213200,211.23641967773438
2024-06-27 09:30:00,214.69000244140625,215.74000549316406,212.35000610351562,214.10000610351562,49772700,212.0784149169922
2024-06-28 09:30:00,215.77000427246094,216.07000732421875,210.3000030517578,210.6199951171875,82542700,208.63125610351562
2024-07-01 09:30:00,212.08999633789062,217.50999450683594,211.9199981689453,216.75,60402900,214.703369140625
2024-07-02 09:30:00,216.14999389648438,220.3800048828125,215.10000610351562,220.27000427246094,58046200,218.19012451171875
2024-07-03 09:30:00,220.0,221.5500030517578,219.02999877929688,221.5500030517578,37369800,219.45802307128906
2024-07-05 09:30:00,221.64999389648438,226.4499969482422,221.64999389648438,226.33999633789062,60412400,224.2028045654297
2024-07-08 09:30:00,227.08999633789062,227.85000610351562,223.25,227.82000732421875,59085900,225.66885375976562
2024-07-09 09:30:00,227.92999267578125,229.39999389648438,226.3699951171875,228.67999267578125,48076100,226.5207061767578
2024-07-10 09:30:00,229.3000030517578,233.0800018310547,229.25,232.97999572753906,62627700,230.78009033203125
2024-07-11 09:30:00,231.38999938964844,232.38999938964844,225.77000427246094,227.57000732421875,64710600,225.42123413085938
2024-07-12 09:30:00,228.9199981689453,232.63999938964844,228.67999267578125,230.5399932861328,53046500,228.36317443847656
2024-07-15 09:30:00,236.47999572753906,237.22999572753906,233.08999633789062,234.39999389648438,62631300,232.1866912841797
2024-07-16 09:30:00,235.0,236.27000427246094,232.3300018310547,234.82000732421875,43234300,232.6027374267578
2024-07-17 09:30:00,229.4499969482422,231.4600067138672,226.63999938964844,228.8800048828125,57345900,226.71884155273438
2024-07-18 09:30:00,230.27999877929688,230.44000244140625,222.27000427246094,224.17999267578125,66034600,222.06320190429688
2024-07-19 09:30:00,224.82000732421875,226.8000030517578,223.27999877929688,224.30999755859375,49151500,222.1919708251953
2024-07-22 09:30:00,227.00999450683594,227.77999877929688,223.08999633789062,223.9600067138672,48201800,221.84530639648438
2024-07-23 09:30:00,224.3699951171875,226.94000244140625,222.67999267578125,225.00999450683594,39960300,222.88536071777344
2024-07-24 09:30:00,224.0,224.8000030517578,217.1300048828125,218.5399932861328,61777600,216.47647094726562
2024-07-25 09:30:00,218.92999267578125,220.85000610351562,214.6199951171875,217.49000549316406,51391200,215.43638610839844
2024-07-26 09:30:00,218.6999969482422,219.49000549316406,216.00999450683594,217.9600067138672,41601300,215.90194702148438
2024-07-29 09:30:00,216.9600067138672,219.3000030517578,215.75,218.24000549316406,36311800,216.17930603027344
2024-07-30 09:30:00,219.19000244140625,220.3300018310547,216.1199951171875,218.8000030517578,41643800,216.73399353027344
2024-07-31 09:30:00,221.44000244140625,223.82000732421875,220.6300048828125,222.0800018310547,50036300,219.98304748535156
2024-08-01 09:30:00,224.3699951171875,224.47999572753906,217.02000427246094,218.36000061035156,62501000,216.2981719970703
2024-08-02 09:30:00,219.14999389648438,225.60000610351562,217.7100067138672,219.86000061035156,105568600,217.7840118408203
2024-08-05 09:30:00,199.08999633789062,213.5,196.0,209.27000427246094,119548600,207.29400634765625
2024-08-06 09:30:00,205.3000030517578,209.99000549316406,201.07000732421875,207.22999572753906,69660500,205.2732696533203
2024-08-07 09:30:00,206.89999389648438,213.63999938964844,206.38999938964844,209.82000732421875,63516400,207.83880615234375
2024-08-08 09:30:00,213.11000061035156,214.1999969482422,208.8300018310547,213.30999755859375,47161100,211.29586791992188
2024-08-09 09:30:00,212.10000610351562,216.77999877929688,211.97000122070312,216.24000549316406,42201600,214.19818115234375
2024-08-12 09:30:00,216.07000732421875,219.50999450683594,215.60000610351562,217.52999877929688,38028100,215.72540283203125
2024-08-13 09:30:00,219.00999450683594,221.88999938964844,219.00999450683594,221.27000427246094,44155300,219.43438720703125
2024-08-14 09:30:00,220.57000732421875,223.02999877929688,219.6999969482422,221.72000122070312,41960600,219.88064575195312
2024-08-15 09:30:00,224.60000610351562,225.35000610351562,222.75999450683594,224.72000122070312,46414000,222.8557586669922
2024-08-16 09:30:00,223.9199981689453,226.8300018310547,223.64999389648438,226.0500030517578,44340200,224.1747589111328
2024-08-19 09:30:00,225.72000122070312,225.99000549316406,223.0399932861328,225.88999938964844,40687800,224.01605224609375
2024-08-20 09:30:00,225.77000427246094,227.1699981689453,225.4499969482422,226.50999450683594,30299000,224.63092041015625
2024-08-21 09:30:00,226.52000427246094,227.97999572753906,225.0500030517578,226.39999389648438,34765500,224.5218505859375
2024-08-22 09:30:00,227.7899932861328,228.33999633789062,223.89999389648438,224.52999877929688,43695300,222.6673583984375
2024-08-23 09:30:00,225.66000366210938,228.22000122070312,224.3300018310547,226.83999633789062,38677300,224.9581756591797
2024-08-26 09:30:00,226.75999450683594,227.27999877929688,223.88999938964844,227.17999267578125,30602200,225.29534912109375
2024-08-27 09:30:00,226.0,228.85000610351562,224.88999938964844,228.02999877929688,35934600,226.13829040527344
2024-08-28 09:30:00,227.9199981689453,229.86000061035156,225.67999267578125,226.49000549316406,38052200,224.611083984375
2024-08-29 09:30:00,230.10000610351562,232.9199981689453,228.8800048828125,229.7899932861328,51906300,227.8837127685547
2024-08-30 09:30:00,230.19000244140625,230.39999389648438,227.47999572753906,229.0,52990800,227.1002655029297
2024-09-03 09:30:00,228.5500030517578,229.0,221.1699981689453,222.77000427246094,50190600,220.9219207763672
2024-09-04 09:30:00,221.66000366210938,221.77999877929688,217.47999572753906,220.85000610351562,43840200,219.0178680419922
2024-09-05 09:30:00,221.6300048828125,225.47999572753906,221.52000427246094,222.3800048828125,36615400,220.53517150878906
2024-09-06 09:30:00,223.9499969482422,225.24000549316406,219.77000427246094,220.82000732421875,48423000,218.98814392089844
2024-09-09 09:30:00,220.82000732421875,221.27000427246094,216.7100067138672,220.91000366210938,67180000,219.07737731933594
2024-09-10 09:30:00,218.9199981689453,221.47999572753906,216.72999572753906,220.11000061035156,51591000,218.2840118408203
2024-09-11 09:30:00,221.4600067138672,223.08999633789062,217.88999938964844,222.66000366210938,44587100,220.81283569335938
2024-09-12 09:30:00,222.5,223.5500030517578,219.82000732421875,222.77000427246094,37455600,220.9219207763672
2024-09-13 09:30:00,223.5800018310547,224.0399932861328,221.91000366210938,222.5,36766600,220.6541748046875
2024-09-16 09:30:00,216.5399932861328,217.22000122070312,213.9199981689453,216.32000732421875,59357400,214.5254669189453
2024-09-17 09:30:00,215.75,216.89999389648438,214.5,216.7899932861328,45519300,214.99154663085938
2024-09-18 09:30:00,217.5500030517578,222.7100067138672,217.5399932861328,220.69000244140625,59894900,218.8592071533203
2024-09-19 09:30:00,224.99000549316406,229.82000732421875,224.6300048828125,228.8699951171875,66781300,226.97132873535156
2024-09-20 09:30:00,229.97000122070312,233.08999633789062,227.6199951171875,228.1999969482422,318679900,226.30690002441406
2024-09-23 09:30:00,227.33999633789062,229.4499969482422,225.80999755859375,226.47000122070312,54146000,224.59124755859375
2024-09-24 09:30:00,228.64999389648438,229.35000610351562,225.72999572753906,227.3699951171875,43556100,225.48379516601562
2024-09-25 09:30:00,224.92999267578125,227.2899932861328,224.02000427246094,226.3699951171875,42308700,224.4920654296875
2024-09-26 09:30:00,227.3000030517578,228.5,225.41000366210938,227.52000427246094,36636700,225.632568359375
2024-09-27 09:30:00,228.4600067138672,229.52000427246094,227.3000030517578,227.7899932861328,34026000,225.90028381347656
2024-09-30 09:30:00,230.0399932861328,233.0,229.64999389648438,233.0,54541900,231.06707763671875
2024-10-01 09:30:00,229.52000427246094,229.64999389648438,223.74000549316406,226.2100067138672,63285000,224.3334197998047
2024-10-02 09:30:00,225.88999938964844,227.3699951171875,223.02000427246094,226.77999877929688,32880600,224.89869689941406
2024-10-03 09:30:00,225.13999938964844,226.80999755859375,223.32000732421875,225.6699981689453,34044200,223.79788208007812
2024-10-04 09:30:00,227.89999389648438,228.0,224.1300048828125,226.8000030517578,37245100,224.9185028076172
2024-10-07 09:30:00,224.5,225.69000244140625,221.3300018310547,221.69000244140625,39505400,219.8509063720703
2024-10-08 09:30:00,224.3000030517578,225.97999572753906,223.25,225.77000427246094,31855700,223.8970489501953
2024-10-09 09:30:00,225.22999572753906,229.75,224.8300018310547,229.5399932861328,33591100,227.63580322265625
2024-10-10 09:30:00,227.77999877929688,229.5,227.1699981689453,229.0399932861328,28183500,227.13995361328125
2024-10-11 09:30:00,229.3000030517578,229.41000366210938,227.33999633789062,227.5500030517578,31759200,225.6623077392578
2024-10-14 09:30:00,228.6999969482422,231.72999572753906,228.60000610351562,231.3000030517578,39882100,229.38121032714844
2024-10-15 09:30:00,233.61000061035156,237.49000549316406,232.3699951171875,233.85000610351562,64751400,231.9100341796875
2024-10-16 09:30:00,231.60000610351562,232.1199951171875,229.83999633789062,231.77999877929688,34082200,229.85719299316406
2024-10-17 09:30:00,233.42999267578125,233.85000610351562,230.52000427246094,232.14999389648438,32993800,230.22413635253906
2024-10-18 09:30:00,236.17999267578125,236.17999267578125,234.00999450683594,235.0,46431500,233.05047607421875
2024-10-21 09:30:00,234.4499969482422,236.85000610351562,234.4499969482422,236.47999572753906,36254500,234.5182342529297
2024-10-22 09:30:00,233.88999938964844,236.22000122070312,232.60000610351562,235.86000061035156,38846600,233.9033660888672
2024-10-23 09:30:00,234.0800018310547,235.13999938964844,227.75999450683594,230.75999450683594,52287000,228.8456573486328
2024-10-24 09:30:00,229.97999572753906,230.82000732421875,228.41000366210938,230.57000732421875,31109500,228.65725708007812
2024-10-25 09:30:00,229.74000549316406,233.22000122070312,229.57000732421875,231.41000366210938,38802300,229.49024963378906
2024-10-28 09:30:00,233.32000732421875,234.72999572753906,232.5500030517578,233.39999389648438,36087100,231.4637451171875
2024-10-29 09:30:00,233.10000610351562,234.3300018310547,232.32000732421875,233.6699981689453,35417200,231.7315216064453
2024-10-30 09:30:00,232.61000061035156,233.47000122070312,229.5500030517578,230.10000610351562,47070900,228.1911163330078
2024-10-31 09:30:00,229.33999633789062,229.8300018310547,225.3699951171875,225.91000366210938,64370100,224.03590393066406
2024-11-01 09:30:00,220.97000122070312,225.35000610351562,220.27000427246094,222.91000366210938,65276700,221.06077575683594
2024-11-04 09:30:00,220.99000549316406,222.7899932861328,219.7100067138672,222.00999450683594,44944500,220.16824340820312
2024-11-05 09:30:00,221.8000030517578,223.9499969482422,221.13999938964844,223.4499969482422,28111300,221.5963134765625
2024-11-06 09:30:00,222.61000061035156,226.07000732421875,221.19000244140625,222.72000122070312,54561100,220.87234497070312
2024-11-07 09:30:00,224.6300048828125,227.8800048828125,224.57000732421875,227.47999572753906,42137700,225.59286499023438
2024-11-08 09:30:00,227.1699981689453,228.66000366210938,226.41000366210938,226.9600067138672,38328800,225.32479858398438
2024-11-11 09:30:00,225.0,225.6999969482422,221.5,224.22999572753906,42005600,222.61448669433594
2024-11-12 09:30:00,224.5500030517578,225.58999633789062,223.36000061035156,224.22999572753906,40398300,222.61448669433594
2024-11-13 09:30:00,224.00999450683594,226.64999389648438,222.75999450683594,225.1199951171875,48566200,223.49807739257812
2024-11-14 09:30:00,225.02000427246094,228.8699951171875,225.0,228.22000122070312,44923900,226.57577514648438
2024-11-15 09:30:00,226.39999389648438,226.9199981689453,224.27000427246094,225.0,47923700,223.3789520263672
2024-11-18 09:30:00,225.25,229.74000549316406,225.1699981689453,228.02000427246094,44633700,226.37718200683594
2024-11-19 09:30:00,226.97999572753906,230.16000366210938,226.66000366210938,228.27999877929688,36211800,226.6352996826172
2024-11-20 09:30:00,228.05999755859375,229.92999267578125,225.88999938964844,229.0,35169600,227.35011291503906
2024-11-21 09:30:00,228.8800048828125,230.16000366210938,225.7100067138672,228.52000427246094,42108300,226.8735809326172
2024-11-22 09:30:00,228.05999755859375,230.72000122070312,228.05999755859375,229.8699951171875,38168300,228.21385192871094
2024-11-25 09:30:00,231.4600067138672,233.25,229.74000549316406,232.8699951171875,90152800,231.1922607421875
2024-11-26 09:30:00,233.3300018310547,235.57000732421875,233.3300018310547,235.05999755859375,45986200,233.36643981933594
2024-11-27 09:30:00,234.47000122070312,235.69000244140625,233.80999755859375,234.92999267578125,33498400,233.23736572265625
2024-11-29 09:30:00,234.80999755859375,237.80999755859375,233.97000122070312,237.3300018310547,28481400,235.62010192871094
2024-12-02 09:30:00,237.27000427246094,240.7899932861328,237.16000366210938,239.58999633789062,48137100,237.86380004882812
2024-12-03 09:30:00,239.80999755859375,242.75999450683594,238.89999389648438,242.64999389648438,38861000,240.90176391601562
2024-12-04 09:30:00,242.8699951171875,244.11000061035156,241.25,243.00999450683594,44383900,241.25917053222656
2024-12-05 09:30:00,243.99000549316406,244.5399932861328,242.1300048828125,243.0399932861328,40033900,241.2889404296875
2024-12-06 09:30:00,242.91000366210938,244.6300048828125,242.0800018310547,242.83999633789062,36870600,241.0903778076172
2024-12-09 09:30:00,241.8300018310547,247.24000549316406,241.75,246.75,44649200,244.97225952148438
2024-12-10 09:30:00,246.88999938964844,248.2100067138672,245.33999633789062,247.77000427246094,36914800,245.98487854003906
2024-12-11 09:30:00,247.9600067138672,250.8000030517578,246.25999450683594,246.49000549316406,45205800,244.71408081054688
2024-12-12 09:30:00,246.88999938964844,248.74000549316406,245.67999267578125,247.9600067138672,32777500,246.1735076904297
2024-12-13 09:30:00,247.82000732421875,249.2899932861328,246.24000549316406,248.1300048828125,33155300,246.34230041503906
2024-12-16 09:30:00,247.99000549316406,251.3800048828125,247.64999389648438,251.0399932861328,51694800,249.23130798339844
2024-12-17 09:30:00,250.0800018310547,253.8300018310547,249.77999877929688,253.47999572753906,51356400,251.6537322998047
2024-12-18 09:30:00,252.16000366210938,254.27999877929688,247.74000549316406,248.0500030517578,56774100,246.2628631591797
2024-12-19 09:30:00,247.5,252.0,247.08999633789062,249.7899932861328,60882300,247.99032592773438
2024-12-20 09:30:00,248.0399932861328,255.0,245.69000244140625,254.49000549316406,147495300,252.65646362304688
2024-12-23 09:30:00,254.77000427246094,255.64999389648438,253.4499969482422,255.27000427246094,40858800,253.4308624267578
2024-12-24 09:30:00,255.49000549316406,258.2099914550781,255.2899932861328,258.20001220703125,23234700,256.3397216796875
2024-12-26 09:30:00,258.19000244140625,260.1000061035156,257.6300048828125,259.0199890136719,27237100,257.1537780761719
2024-12-27 09:30:00,257.8299865722656,258.70001220703125,253.05999755859375,255.58999633789062,42355300,253.74853515625
2024-12-30 09:30:00,252.22999572753906,253.5,250.75,252.1999969482422,35557500,250.3829803466797
2024-12-31 09:30:00,252.44000244140625,253.27999877929688,249.42999267578125,250.4199981689453,39480700,248.6157989501953
2025-01-02 09:30:00,248.92999267578125,249.10000610351562,241.82000732421875,243.85000610351562,55740700,242.09312438964844
2025-01-03 09:30:00,243.36000061035156,244.17999267578125,241.88999938964844,243.36000061035156,40244100,241.60667419433594
2025-01-06 09:30:00,244.30999755859375,247.3300018310547,243.1999969482422,245.0,45045600,243.23484802246094
2025-01-07 09:30:00,242.97999572753906,245.5500030517578,241.35000610351562,242.2100067138672,40856000,240.46495056152344
2025-01-08 09:30:00,241.9199981689453,243.7100067138672,240.0500030517578,242.6999969482422,37628900,240.95138549804688
2025-01-10 09:30:00,240.00999450683594,240.16000366210938,233.0,236.85000610351562,61710900,235.1435546875
2025-01-13 09:30:00,233.52999877929688,234.6699981689453,229.72000122070312,234.39999389648438,49630700,232.71119689941406
2025-01-14 09:30:00,234.75,236.1199951171875,232.47000122070312,233.27999877929688,39435300,231.5992889404297
2025-01-15 09:30:00,234.63999938964844,238.9600067138672,234.42999267578125,237.8699951171875,39832000,236.15621948242188
2025-01-16 09:30:00,237.35000610351562,238.00999450683594,228.02999877929688,228.25999450683594,71759100,226.61544799804688
2025-01-17 09:30:00,232.1199951171875,232.2899932861328,228.47999572753906,229.97999572753906,68488300,228.32305908203125
2025-01-21 09:30:00,224.0,224.4199981689453,219.3800048828125,222.63999938964844,98070400,221.03591918945312
2025-01-22 09:30:00,219.7899932861328,224.1199951171875,219.7899932861328,223.8300018310547,64126500,222.2173614501953
2025-01-23 09:30:00,224.74000549316406,227.02999877929688,222.3000030517578,223.66000366210938,60234800,222.048583984375
2025-01-24 09:30:00,224.77999877929688,225.6300048828125,221.41000366210938,222.77999877929688,54697900,221.1749267578125
2025-01-27 09:30:00,224.02000427246094,232.14999389648438,223.97999572753906,229.86000061035156,94863400,228.2039031982422
2025-01-28 09:30:00,230.85000610351562,240.19000244140625,230.80999755859375,238.25999450683594,75707600,236.54339599609375
2025-01-29 09:30:00,234.1199951171875,239.86000061035156,234.00999450683594,239.36000061035156,45486100,237.63546752929688
2025-01-30 09:30:00,238.6699981689453,240.7899932861328,237.2100067138672,237.58999633789062,55658300,235.87820434570312
2025-01-31 09:30:00,247.19000244140625,247.19000244140625,233.44000244140625,236.0,100959800,234.29969787597656
2025-02-03 09:30:00,229.99000549316406,231.8300018310547,225.6999969482422,228.00999450683594,73063300,226.36724853515625
2025-02-04 09:30:00,227.25,233.1300048828125,226.64999389648438,232.8000030517578,45067300,231.1227569580078
2025-02-05 09:30:00,228.52999877929688,232.6699981689453,228.27000427246094,232.47000122070312,39620300,230.7951202392578
2025-02-06 09:30:00,231.2899932861328,233.8000030517578,230.42999267578125,233.22000122070312,29925300,231.53973388671875
2025-02-07 09:30:00,232.60000610351562,234.0,227.25999450683594,227.6300048828125,39707200,225.989990234375
2025-02-10 09:30:00,229.57000732421875,230.58999633789062,227.1999969482422,227.64999389648438,33115600,226.25833129882812
2025-02-11 09:30:00,228.1999969482422,235.22999572753906,228.1300048828125,232.6199951171875,53718400,231.19793701171875
2025-02-12 09:30:00,231.1999969482422,236.9600067138672,230.67999267578125,236.8699951171875,45243300,235.4219512939453
2025-02-13 09:30:00,236.91000366210938,242.33999633789062,235.57000732421875,241.52999877929688,53614100,240.05348205566406
2025-02-14 09:30:00,241.25,245.5500030517578,240.99000549316406,244.60000610351562,40896200,243.104736328125
2025-02-18 09:30:00,244.14999389648438,245.17999267578125,241.83999633789062,244.47000122070312,48822500,242.9755096435547
2025-02-19 09:30:00,244.66000366210938,246.00999450683594,243.16000366210938,244.8699951171875,32204200,243.37307739257812
2025-02-20 09:30:00,244.94000244140625,246.77999877929688,244.2899932861328,245.8300018310547,32316900,244.3271942138672
2025-02-21 09:30:00,245.9499969482422,248.69000244140625,245.22000122070312,245.5500030517578,53197400,244.04891967773438
2025-02-24 09:30:00,244.92999267578125,248.86000061035156,244.4199981689453,247.10000610351562,51326400,245.58944702148438
2025-02-25 09:30:00,248.0,250.0,244.91000366210938,247.0399932861328,48013300,245.52978515625
2025-02-26 09:30:00,244.3300018310547,244.97999572753906,239.1300048828125,240.36000061035156,44433600,238.89064025878906
2025-02-27 09:30:00,239.41000366210938,242.4600067138672,237.05999755859375,237.3000030517578,41153600,235.84934997558594
2025-02-28 09:30:00,236.9499969482422,242.08999633789062,230.1999969482422,241.83999633789062,56833400,240.361572265625
2025-03-03 09:30:00,241.7899932861328,244.02999877929688,236.11000061035156,238.02999877929688,47184000,236.5749053955078
2025-03-04 09:30:00,237.7100067138672,240.07000732421875,234.67999267578125,235.92999267578125,53798100,234.4877166748047
2025-03-05 09:30:00,235.4199981689453,236.5500030517578,229.22999572753906,235.74000549316406,47227600,234.29888916015625
2025-03-06 09:30:00,234.44000244140625,237.86000061035156,233.16000366210938,235.3300018310547,45170400,233.89137268066406
2025-03-07 09:30:00,235.11000061035156,241.3699951171875,234.75999450683594,239.07000732421875,46273600,237.60853576660156
2025-03-10 09:30:00,235.5399932861328,236.16000366210938,224.22000122070312,227.47999572753906,72071200,226.0894012451172
2025-03-11 09:30:00,223.80999755859375,225.83999633789062,217.4499969482422,220.83999633789062,76137400,219.48997497558594
2025-03-12 09:30:00,220.13999938964844,221.75,214.91000366210938,216.97999572753906,62547500,215.65354919433594
2025-03-13 09:30:00,215.9499969482422,216.83999633789062,208.4199981689453,209.67999267578125,61368300,208.39816284179688
2025-03-14 09:30:00,211.25,213.9499969482422,209.5800018310547,213.49000549316406,60107600,212.18490600585938
2025-03-17 09:30:00,213.30999755859375,215.22000122070312,209.97000122070312,214.0,48073400,212.6917724609375
2025-03-18 09:30:00,214.16000366210938,215.14999389648438,211.49000549316406,212.69000244140625,42432400,211.38978576660156
2025-03-19 09:30:00,214.22000122070312,218.75999450683594,213.75,215.24000549316406,54385400,213.92420959472656
2025-03-20 09:30:00,213.99000549316406,217.49000549316406,212.22000122070312,214.10000610351562,48862900,212.7911834716797
2025-03-21 09:30:00,211.55999755859375,218.83999633789062,211.27999877929688,218.27000427246094,94127800,216.93569946289062
2025-03-24 09:30:00,221.0,221.47999572753906,218.5800018310547,220.72999572753906,44299500,219.38064575195312
2025-03-25 09:30:00,220.77000427246094,224.10000610351562,220.0800018310547,223.75,34493600,222.38217163085938
2025-03-26 09:30:00,223.50999450683594,225.02000427246094,220.47000122070312,221.52999877929688,34466100,220.17575073242188
2025-03-27 09:30:00,221.38999938964844,224.99000549316406,220.55999755859375,223.85000610351562,37094800,222.48159790039062
2025-03-28 09:30:00,221.6699981689453,223.80999755859375,217.67999267578125,217.89999389648438,39818600,216.5679168701172
2025-03-31 09:30:00,217.00999450683594,225.6199951171875,216.22999572753906,222.1300048828125,65299300,220.7720947265625
2025-04-01 09:30:00,219.80999755859375,223.67999267578125,218.89999389648438,223.19000244140625,36412700,221.82562255859375
2025-04-02 09:30:00,221.32000732421875,225.19000244140625,221.02000427246094,223.88999938964844,35905900,222.5213165283203
2025-04-03 09:30:00,205.5399932861328,207.49000549316406,201.25,203.19000244140625,103419000,201.94786071777344
2025-04-04 09:30:00,193.88999938964844,199.8800048828125,187.33999633789062,188.3800048828125,125910900,187.22842407226562
2025-04-07 09:30:00,177.1999969482422,194.14999389648438,174.6199951171875,181.4600067138672,160466300,180.35069274902344
2025-04-08 09:30:00,186.6999969482422,190.33999633789062,169.2100067138672,172.4199981689453,120859500,171.365966796875
2025-04-09 09:30:00,171.9499969482422,200.61000061035156,171.88999938964844,198.85000610351562,184395900,197.63438415527344
2025-04-10 09:30:00,189.07000732421875,194.77999877929688,183.0,190.4199981689453,121880000,189.2559356689453
2025-04-11 09:30:00,186.10000610351562,199.5399932861328,186.05999755859375,198.14999389648438,87435900,196.9386749267578
2025-04-14 09:30:00,211.44000244140625,212.94000244140625,201.16000366210938,202.52000427246094,101352900,201.28195190429688
2025-04-15 09:30:00,201.86000061035156,203.50999450683594,199.8000030517578,202.13999938964844,51343900,200.90428161621094
2025-04-16 09:30:00,198.36000061035156,200.6999969482422,192.3699951171875,194.27000427246094,59732400,193.08241271972656
2025-04-17 09:30:00,197.1999969482422,198.8300018310547,194.4199981689453,196.97999572753906,52164700,195.7758331298828
2025-04-21 09:30:00,193.27000427246094,193.8000030517578,189.80999755859375,193.16000366210938,46742500,191.97918701171875
2025-04-22 09:30:00,196.1199951171875,201.58999633789062,195.97000122070312,199.74000549316406,52976400,198.51895141601562
2025-04-23 09:30:00,206.0,208.0,202.8000030517578,204.60000610351562,52929200,203.3492431640625
2025-04-24 09:30:00,204.88999938964844,208.8300018310547,202.94000244140625,208.3699951171875,47311000,207.09619140625
2025-04-25 09:30:00,206.3699951171875,209.75,206.1999969482422,209.27999877929688,38222300,208.00064086914062
2025-04-28 09:30:00,210.0,211.5,207.4600067138672,210.13999938964844,38743100,208.85537719726562
2025-04-29 09:30:00,208.69000244140625,212.24000549316406,208.3699951171875,211.2100067138672,36827600,209.9188232421875
2025-04-30 09:30:00,209.3000030517578,213.5800018310547,206.6699981689453,212.5,52286500,211.2009735107422
2025-05-01 09:30:00,209.0800018310547,214.55999755859375,208.89999389648438,213.32000732421875,57365700,212.01597595214844
2025-05-02 09:30:00,206.08999633789062,206.99000549316406,202.16000366210938,205.35000610351562,101010600,204.0946502685547
2025-05-05 09:30:00,203.10000610351562,204.10000610351562,198.2100067138672,198.88999938964844,69018500,197.6741485595703
2025-05-06 09:30:00,198.2100067138672,200.64999389648438,197.02000427246094,198.50999450683594,51216500,197.2964630126953
2025-05-07 09:30:00,199.1699981689453,199.44000244140625,193.25,196.25,68536700,195.05029296875
2025-05-08 09:30:00,197.72000122070312,200.0500030517578,194.67999267578125,197.49000549316406,50478900,196.28269958496094
2025-05-09 09:30:00,199.0,200.5399932861328,197.5399932861328,198.52999877929688,36453900,197.31634521484375
2025-05-12 09:30:00,210.97000122070312,211.27000427246094,206.75,210.7899932861328,63775800,209.776123046875
2025-05-13 09:30:00,210.42999267578125,213.39999389648438,209.0,212.92999267578125,51909300,211.90582275390625
2025-05-14 09:30:00,212.42999267578125,213.94000244140625,210.5800018310547,212.3300018310547,49325800,211.3087158203125
2025-05-15 09:30:00,210.9499969482422,212.9600067138672,209.5399932861328,211.4499969482422,45029500,210.43295288085938
2025-05-16 09:30:00,212.36000061035156,212.57000732421875,209.77000427246094,211.25999450683594,54737900,210.24388122558594
2025-05-19 09:30:00,207.91000366210938,209.47999572753906,204.25999450683594,208.77999877929688,46140500,207.7758026123047
2025-05-20 09:30:00,207.6699981689453,208.47000122070312,205.02999877929688,206.86000061035156,42496600,205.8650360107422
2025-05-21 09:30:00,205.1699981689453,207.0399932861328,200.7100067138672,202.08999633789062,59211800,201.11798095703125
2025-05-22 09:30:00,200.7100067138672,202.75,199.6999969482422,201.36000061035156,46742400,200.39149475097656
2025-05-23 09:30:00,193.6699981689453,197.6999969482422,193.4600067138672,195.27000427246094,78432900,194.33078002929688
2025-05-27 09:30:00,198.3000030517578,200.74000549316406,197.42999267578125,200.2100067138672,56288500,199.24703979492188
2025-05-28 09:30:00,200.58999633789062,202.72999572753906,199.89999389648438,200.4199981689453,45339700,199.45602416992188
2025-05-29 09:30:00,203.5800018310547,203.80999755859375,198.50999450683594,199.9499969482422,51396800,198.98825073242188
2025-05-30 09:30:00,199.3699951171875,201.9600067138672,196.77999877929688,200.85000610351562,70819900,199.8839569091797
2025-06-02 09:30:00,200.27999877929688,202.1300048828125,200.1199951171875,201.6999969482422,35423300,200.7298583984375
2025-06-03 09:30:00,201.35000610351562,203.77000427246094,200.9600067138672,203.27000427246094,46381600,202.2923126220703
2025-06-04 09:30:00,202.91000366210938,206.24000549316406,202.10000610351562,202.82000732421875,43604000,201.84445190429688
2025-06-05 09:30:00,203.5,204.75,200.14999389648438,200.6300048828125,55126100,199.66500854492188
2025-06-06 09:30:00,203.0,205.6999969482422,202.0500030517578,203.9199981689453,46607700,202.93917846679688
2025-06-09 09:30:00,204.38999938964844,206.0,200.02000427246094,201.4499969482422,72862600,200.48106384277344
2025-06-10 09:30:00,200.60000610351562,204.35000610351562,200.57000732421875,202.6699981689453,54672600,201.6951904296875
2025-06-11 09:30:00,203.5,204.5,198.41000366210938,198.77999877929688,60989900,197.8238983154297
2025-06-12 09:30:00,199.0800018310547,199.67999267578125,197.36000061035156,199.1999969482422,43904600,198.24188232421875
2025-06-13 09:30:00,199.72999572753906,200.3699951171875,195.6999969482422,196.4499969482422,51447300,195.50509643554688
2025-06-16 09:30:00,197.3000030517578,198.69000244140625,196.55999755859375,198.4199981689453,43020700,197.46563720703125
2025-06-17 09:30:00,197.1999969482422,198.38999938964844,195.2100067138672,195.63999938964844,38856200,194.69900512695312
2025-06-18 09:30:00,195.94000244140625,197.57000732421875,195.07000732421875,196.5800018310547,45394700,195.63449096679688
2025-06-20 09:30:00,198.24000549316406,201.6999969482422,196.86000061035156,201.0,96813500,200.03321838378906
2025-06-23 09:30:00,201.6300048828125,202.3000030517578,198.9600067138672,201.5,55814300,200.53082275390625
2025-06-24 09:30:00,202.58999633789062,203.44000244140625,200.1999969482422,200.3000030517578,54064000,199.3365936279297
2025-06-25 09:30:00,201.4499969482422,203.6699981689453,200.6199951171875,201.55999755859375,39525700,200.59051513671875
2025-06-26 09:30:00,201.42999267578125,202.63999938964844,199.4600067138672,201.0,50799100,200.03321838378906
2025-06-27 09:30:00,201.88999938964844,203.22000122070312,200.0,201.0800018310547,73188600,200.11282348632812
2025-06-30 09:30:00,202.00999450683594,207.38999938964844,199.25999450683594,205.1699981689453,91912800,204.18316650390625
2025-07-01 09:30:00,206.6699981689453,210.19000244140625,206.13999938964844,207.82000732421875,78788900,206.8204345703125
2025-07-02 09:30:00,208.91000366210938,213.33999633789062,208.13999938964844,212.44000244140625,67941800,211.41819763183594
2025-07-03 09:30:00,212.14999389648438,214.64999389648438,211.80999755859375,213.5500030517578,34955800,212.52285766601562
2025-07-07 09:30:00,212.67999267578125,216.22999572753906,208.8000030517578,209.9499969482422,50229000,208.94017028808594
2025-07-08 09:30:00,210.10000610351562,211.42999267578125,208.4499969482422,210.00999450683594,42848900,208.9998779296875
2025-07-09 09:30:00,209.52999877929688,211.3300018310547,207.22000122070312,211.13999938964844,48749400,210.12445068359375
2025-07-10 09:30:00,210.50999450683594,213.47999572753906,210.02999877929688,212.41000366210938,44443600,211.38833618164062
2025-07-11 09:30:00,210.57000732421875,212.1300048828125,209.86000061035156,211.16000366210938,39765800,210.14434814453125
2025-07-14 09:30:00,209.92999267578125,210.91000366210938,207.5399932861328,208.6199951171875,38840100,207.61656188964844
2025-07-15 09:30:00,209.22000122070312,211.88999938964844,208.9199981689453,209.11000061035156,42296300,208.1042022705078
2025-07-16 09:30:00,210.3000030517578,212.39999389648438,208.63999938964844,210.16000366210938,47490500,209.149169921875
2025-07-17 09:30:00,210.57000732421875,211.8000030517578,209.58999633789062,210.02000427246094,48068100,209.00985717773438
2025-07-18 09:30:00,210.8699951171875,211.7899932861328,209.6999969482422,211.17999267578125,48974600,210.16424560546875
2025-07-21 09:30:00,212.10000610351562,215.77999877929688,211.6300048828125,212.47999572753906,51377400,211.4580078125
2025-07-22 09:30:00,213.13999938964844,214.9499969482422,212.22999572753906,214.39999389648438,46404100,213.3687744140625
2025-07-23 09:30:00,215.0,215.14999389648438,212.41000366210938,214.14999389648438,46989300,213.11996459960938
2025-07-24 09:30:00,213.89999389648438,215.69000244140625,213.52999877929688,213.75999450683594,46022600,212.73184204101562
2025-07-25 09:30:00,214.6999969482422,215.24000549316406,213.39999389648438,213.8800048828125,40268800,212.8512725830078
2025-07-28 09:30:00,214.02999877929688,214.85000610351562,213.05999755859375,214.0500030517578,37858000,213.0204620361328
2025-07-29 09:30:00,214.17999267578125,214.80999755859375,210.82000732421875,211.27000427246094,51411700,210.25384521484375
2025-07-30 09:30:00,211.89999389648438,212.38999938964844,207.72000122070312,209.0500030517578,45512500,208.04449462890625
2025-07-31 09:30:00,208.49000549316406,209.83999633789062,207.16000366210938,207.57000732421875,80698400,206.57162475585938
2025-08-01 09:30:00,210.8699951171875,213.5800018310547,201.5,202.3800048828125,104434500,201.40658569335938
2025-08-04 09:30:00,204.50999450683594,207.8800048828125,201.67999267578125,203.35000610351562,75109300,202.37191772460938
2025-08-05 09:30:00,203.39999389648438,205.33999633789062,202.16000366210938,202.9199981689453,44155100,201.94398498535156
2025-08-06 09:30:00,205.6300048828125,215.3800048828125,205.58999633789062,213.25,108483100,212.22430419921875
2025-08-07 09:30:00,218.8800048828125,220.85000610351562,216.5800018310547,220.02999877929688,90224800,218.9716796875
2025-08-08 09:30:00,220.8300018310547,231.0,219.25,229.35000610351562,113854000,228.2468719482422
2025-08-11 09:30:00,227.9199981689453,229.55999755859375,224.75999450683594,227.17999267578125,61806100,226.34390258789062
2025-08-12 09:30:00,228.00999450683594,230.8000030517578,227.07000732421875,229.64999389648438,55626200,228.80479431152344
2025-08-13 09:30:00,231.07000732421875,235.0,230.42999267578125,233.3300018310547,69878500,232.47125244140625
2025-08-14 09:30:00,234.05999755859375,235.1199951171875,230.85000610351562,232.77999877929688,51916300,231.9232635498047
2025-08-15 09:30:00,234.0,234.27999877929688,229.33999633789062,231.58999633789062,56038700,230.73764038085938
2025-08-18 09:30:00,231.6999969482422,233.1199951171875,230.11000061035156,230.88999938964844,37476200,230.04022216796875
2025-08-19 09:30:00,231.27999877929688,232.8699951171875,229.35000610351562,230.55999755859375,39402600,229.71144104003906
2025-08-20 09:30:00,229.97999572753906,230.47000122070312,225.77000427246094,226.00999450683594,42263900,225.17819213867188
2025-08-21 09:30:00,226.27000427246094,226.52000427246094,223.77999877929688,224.89999389648438,30621200,224.072265625
2025-08-22 09:30:00,226.1699981689453,229.08999633789062,225.41000366210938,227.75999450683594,42477800,226.9217529296875
2025-08-25 09:30:00,226.47999572753906,229.3000030517578,226.22999572753906,227.16000366210938,30983100,226.323974609375
2025-08-26 09:30:00,226.8699951171875,229.49000549316406,224.69000244140625,229.30999755859375,54575100,228.46604919433594
2025-08-27 09:30:00,228.61000061035156,230.89999389648438,228.25999450683594,230.49000549316406,31259500,229.6417236328125
2025-08-28 09:30:00,230.82000732421875,233.41000366210938,229.33999633789062,232.55999755859375,38074700,231.70408630371094
2025-08-29 09:30:00,232.50999450683594,233.3800048828125,231.3699951171875,232.13999938964844,39418400,231.28562927246094
2025-09-02 09:30:00,229.25,230.85000610351562,226.97000122070312,229.72000122070312,44075600,228.8745574951172
2025-09-03 09:30:00,237.2100067138672,238.85000610351562,234.36000061035156,238.47000122070312,66427800,237.59234619140625
2025-09-04 09:30:00,238.4499969482422,239.89999389648438,236.74000549316406,239.77999877929688,47549400,238.89752197265625
2025-09-05 09:30:00,240.0,241.32000732421875,238.49000549316406,239.69000244140625,54870400,238.80784606933594
2025-09-08 09:30:00,239.3000030517578,240.14999389648438,236.33999633789062,237.8800048828125,48999500,237.00450134277344
2025-09-09 09:30:00,237.0,238.77999877929688,233.36000061035156,234.35000610351562,66313900,233.48751831054688
2025-09-10 09:30:00,232.19000244140625,232.4199981689453,225.9499969482422,226.7899932861328,83440800,225.955322265625
2025-09-11 09:30:00,226.8800048828125,230.4499969482422,226.64999389648438,230.02999877929688,50208600,229.18341064453125
2025-09-12 09:30:00,229.22000122070312,234.50999450683594,229.02000427246094,234.07000732421875,55824200,233.2085418701172
2025-09-15 09:30:00,237.0,238.19000244140625,235.02999877929688,236.6999969482422,42699500,235.82884216308594
2025-09-16 09:30:00,237.17999267578125,241.22000122070312,236.32000732421875,238.14999389648438,63421100,237.2735137939453
2025-09-17 09:30:00,238.97000122070312,240.10000610351562,237.72999572753906,238.99000549316406,46508000,238.1104278564453
2025-09-18 09:30:00,239.97000122070312,241.1999969482422,236.64999389648438,237.8800048828125,44249600,237.00450134277344
2025-09-19 09:30:00,241.22999572753906,246.3000030517578,240.2100067138672,245.5,163741300,244.59646606445312
2025-09-22 09:30:00,248.3000030517578,256.6400146484375,248.1199951171875,256.0799865722656,105517400,255.1374969482422
2025-09-23 09:30:00,255.8800048828125,257.3399963378906,253.5800018310547,254.42999267578125,60275200,253.4936065673828
2025-09-24 09:30:00,255.22000122070312,255.74000549316406,251.0399932861328,252.30999755859375,42303700,251.3813934326172
2025-09-25 09:30:00,253.2100067138672,257.1700134277344,251.7100067138672,256.8699951171875,55202100,255.92459106445312
2025-09-26 09:30:00,254.10000610351562,257.6000061035156,253.77999877929688,255.4600067138672,46076300,254.51980590820312
2025-09-29 09:30:00,254.55999755859375,255.0,253.00999450683594,254.42999267578125,40127700,253.4936065673828
2025-09-30 09:30:00,254.86000061035156,255.9199981689453,253.11000061035156,254.6300048828125,37704300,253.69287109375
2025-10-01 09:30:00,255.0399932861328,258.7900085449219,254.92999267578125,255.4499969482422,48713900,254.5098419189453
2025-10-02 09:30:00,256.5799865722656,258.17999267578125,254.14999389648438,257.1300048828125,42630200,256.1836853027344
2025-10-03 09:30:00,254.6699981689453,259.239990234375,253.9499969482422,258.0199890136719,49155600,257.07037353515625
2025-10-06 09:30:00,257.989990234375,259.07000732421875,255.0500030517578,256.69000244140625,44664100,255.7452850341797
2025-10-07 09:30:00,256.80999755859375,257.3999938964844,255.42999267578125,256.4800109863281,31955800,255.53607177734375
2025-10-08 09:30:00,256.5199890136719,258.5199890136719,256.1099853515625,258.05999755859375,36496900,257.1102600097656
2025-10-09 09:30:00,257.80999755859375,258.0,253.13999938964844,254.0399932861328,38322000,253.1050262451172
2025-10-10 09:30:00,254.94000244140625,256.3800048828125,244.0,245.27000427246094,61999100,244.3673095703125
2025-10-13 09:30:00,249.3800048828125,249.69000244140625,245.55999755859375,247.66000366210938,38142900,246.74851989746094
2025-10-14 09:30:00,246.60000610351562,248.85000610351562,244.6999969482422,247.77000427246094,35478000,246.85812377929688
2025-10-15 09:30:00,249.49000549316406,251.82000732421875,247.47000122070312,249.33999633789062,33893600,248.4223175048828
2025-10-16 09:30:00,248.25,249.0399932861328,245.1300048828125,247.4499969482422,39777000,246.53927612304688
2025-10-17 09:30:00,248.02000427246094,253.3800048828125,247.27000427246094,252.2899932861328,49147000,251.36148071289062
2025-10-20 09:30:00,255.88999938964844,264.3800048828125,255.6300048828125,262.239990234375,90483000,261.27484130859375
2025-10-21 09:30:00,261.8800048828125,265.2900085449219,261.8299865722656,262.7699890136719,46695900,261.8028869628906
2025-10-22 09:30:00,262.6499938964844,262.8500061035156,255.42999267578125,258.45001220703125,45015300,257.4988098144531
2025-10-23 09:30:00,259.94000244140625,260.6199951171875,258.010009765625,259.5799865722656,32754900,258.6246032714844
2025-10-24 09:30:00,261.19000244140625,264.1300048828125,259.17999267578125,262.82000732421875,38253700,261.85272216796875
2025-10-27 09:30:00,264.8800048828125,269.1199951171875,264.6499938964844,268.80999755859375,44888200,267.8206787109375
2025-10-28 09:30:00,268.989990234375,269.8900146484375,268.1499938964844,269.0,41534800,268.00994873046875
2025-10-29 09:30:00,269.2799987792969,271.4100036621094,267.1099853515625,269.70001220703125,51086700,268.7074279785156
2025-10-30 09:30:00,271.989990234375,274.1400146484375,268.4800109863281,271.3999938964844,69886500,270.4011535644531
2025-10-31 09:30:00,276.989990234375,277.32000732421875,269.1600036621094,270.3699951171875,86167100,269.37493896484375
2025-11-03 09:30:00,270.4200134277344,270.8500061035156,266.25,269.04998779296875,50194600,268.0597839355469
2025-11-04 09:30:00,268.3299865722656,271.489990234375,267.6199951171875,270.0400085449219,49274800,269.0461730957031
2025-11-05 09:30:00,268.6099853515625,271.70001220703125,266.92999267578125,270.1400146484375,43683100,269.14581298828125
2025-11-06 09:30:00,267.8900146484375,273.3999938964844,267.8900146484375,269.7699890136719,51204000,268.7771301269531
2025-11-07 09:30:00,269.79998779296875,272.2900085449219,266.7699890136719,268.4700012207031,48227400,267.48193359375
2025-11-10 09:30:00,268.9599914550781,273.7300109863281,267.4599914550781,269.42999267578125,41312400,268.6985778808594
2025-11-11 09:30:00,269.80999755859375,275.9100036621094,269.79998779296875,275.25,46208300,274.5028076171875
2025-11-12 09:30:00,275.0,275.7300109863281,271.70001220703125,273.4700012207031,48398000,272.7276611328125
2025-11-13 09:30:00,274.1099853515625,276.70001220703125,272.0899963378906,272.95001220703125,49602800,272.2090759277344
2025-11-14 09:30:00,271.04998779296875,275.9599914550781,269.6000061035156,272.4100036621094,47431300,271.6705322265625
2025-11-17 09:30:00,268.82000732421875,270.489990234375,265.7300109863281,267.4599914550781,45018300,266.7339782714844
2025-11-18 09:30:00,269.989990234375,270.7099914550781,265.32000732421875,267.44000244140625,45677300,266.7139892578125
2025-11-19 09:30:00,265.5299987792969,272.2099914550781,265.5,268.55999755859375,40424500,267.83099365234375
2025-11-20 09:30:00,270.8299865722656,275.42999267578125,265.9200134277344,266.25,45823600,265.5272521972656
2025-11-21 09:30:00,265.95001220703125,273.3299865722656,265.6700134277344,271.489990234375,59030800,270.75299072265625
2025-11-24 09:30:00,270.8999938964844,277.0,270.8999938964844,275.9200134277344,65585800,275.1710205078125
2025-11-25 09:30:00,275.2699890136719,280.3800048828125,275.25,276.9700012207031,46914200,276.2181396484375
2025-11-26 09:30:00,276.9599914550781,279.5299987792969,276.6300048828125,277.54998779296875,33431400,276.79656982421875
2025-11-28 09:30:00,277.260009765625,279.0,275.989990234375,278.8500061035156,20135600,278.0930480957031
2025-12-01 09:30:00,278.010009765625,283.4200134277344,276.1400146484375,283.1000061035156,46587700,282.33148193359375
2025-12-02 09:30:00,283.0,287.3999938964844,282.6300048828125,286.19000244140625,53669500,285.4131164550781
2025-12-03 09:30:00,286.20001220703125,288.6199951171875,283.29998779296875,284.1499938964844,43538700,283.378662109375
2025-12-04 09:30:00,284.1000061035156,284.7300109863281,278.5899963378906,280.70001220703125,43989100,279.93804931640625
2025-12-05 09:30:00,280.5400085449219,281.1400146484375,278.04998779296875,278.7799987792969,47265800,278.0232238769531
2025-12-08 09:30:00,278.1300048828125,279.6700134277344,276.1499938964844,277.8900146484375,38211800,277.1356506347656
2025-12-09 09:30:00,278.1600036621094,280.0299987792969,276.9200134277344,277.17999267578125,32193300,276.42755126953125
2025-12-10 09:30:00,277.75,279.75,276.44000244140625,278.7799987792969,33038300,278.0232238769531
2025-12-11 09:30:00,279.1000061035156,279.5899963378906,273.80999755859375,278.0299987792969,33248000,277.2752380371094
2025-12-12 09:30:00,277.8999938964844,279.2200012207031,276.82000732421875,278.2799987792969,39532900,277.52459716796875
2025-12-15 09:30:00,280.1499938964844,280.1499938964844,272.8399963378906,274.1099853515625,50409100,273.3658752441406
2025-12-16 09:30:00,272.82000732421875,275.5,271.7900085449219,274.6099853515625,37648600,273.8645324707031
2025-12-17 09:30:00,275.010009765625,276.1600036621094,271.6400146484375,271.8399963378906,50138700,271.1020812988281
2025-12-18 09:30:00,273.6099853515625,273.6300048828125,266.95001220703125,272.19000244140625,51630700,271.45111083984375
2025-12-19 09:30:00,272.1499938964844,274.6000061035156,269.8999938964844,273.6700134277344,144632000,272.9271545410156
2025-12-22 09:30:00,272.8599853515625,273.8800048828125,270.510009765625,270.9700012207031,36571800,270.23443603515625
2025-12-23 09:30:00,270.8399963378906,272.5,269.55999755859375,272.3599853515625,29642000,271.62066650390625
2025-12-24 09:30:00,272.3399963378906,275.42999267578125,272.20001220703125,273.80999755859375,17910600,273.06671142578125
2025-12-26 09:30:00,274.1600036621094,275.3699951171875,272.8599853515625,273.3999938964844,21521800,272.6578369140625
2025-12-29 09:30:00,272.69000244140625,274.3599853515625,272.3500061035156,273.760009765625,23715200,273.0168762207031
2025-12-30 09:30:00,272.80999755859375,274.0799865722656,272.2799987792969,273.0799865722656,22139600,272.33868408203125
2025-12-31 09:30:00,273.05999755859375,273.67999267578125,271.75,271.8599853515625,27293600,271.12200927734375
2026-01-02 09:30:00,272.260009765625,277.8399963378906,269.0,271.010009765625,37838100,270.27435302734375
2026-01-05 09:30:00,270.6400146484375,271.510009765625,266.1400146484375,267.260009765625,45647200,266.5345458984375
2026-01-06 09:30:00,267.0,267.54998779296875,262.1199951171875,262.3599853515625,52352100,261.64776611328125
2026-01-07 09:30:00,263.20001220703125,263.67999267578125,259.80999755859375,260.3299865722656,48309800,259.6233215332031
2026-01-08 09:30:00,257.0199890136719,259.2900085449219,255.6999969482422,259.0400085449219,50419300,258.33685302734375
2026-01-09 09:30:00,259.0799865722656,260.2099914550781,256.2200012207031,259.3699951171875,39997000,258.6659240722656
2026-01-12 09:30:00,259.1600036621094,261.29998779296875,256.79998779296875,260.25,45263800,259.54351806640625
2026-01-13 09:30:00,258.7200012207031,261.80999755859375,258.3900146484375,261.04998779296875,45730800,260.34136962890625
2026-01-14 09:30:00,259.489990234375,261.82000732421875,256.7099914550781,259.9599914550781,40019400,259.25433349609375
2026-01-15 09:30:00,260.6499938964844,261.0400085449219,257.04998779296875,258.2099914550781,39388600,257.5090637207031
2026-01-16 09:30:00,257.8999938964844,258.8999938964844,254.92999267578125,255.52999877929688,72142800,254.83636474609375
2026-01-20 09:30:00,252.72999572753906,254.7899932861328,243.4199981689453,246.6999969482422,80267500,246.0303192138672
2026-01-21 09:30:00,248.6999969482422,251.55999755859375,245.17999267578125,247.64999389648438,54641700,246.97775268554688
2026-01-22 09:30:00,249.1999969482422,251.0,248.14999389648438,248.35000610351562,39708300,247.67584228515625
2026-01-23 09:30:00,247.32000732421875,249.41000366210938,244.67999267578125,248.0399932861328,41689000,247.36668395996094
2026-01-26 09:30:00,251.47999572753906,256.55999755859375,249.8000030517578,255.41000366210938,55969200,254.7166748046875
2026-01-27 09:30:00,259.1700134277344,261.95001220703125,258.2099914550781,258.2699890136719,49648300,257.56890869140625
2026-01-28 09:30:00,257.6499938964844,258.8599853515625,254.50999450683594,256.44000244140625,41288000,255.74388122558594
2026-01-29 09:30:00,258.0,259.6499938964844,254.41000366210938,258.2799987792969,67253000,257.578857421875
2026-01-30 09:30:00,255.1699981689453,261.8999938964844,252.17999267578125,259.4800109863281,92443400,258.775634765625
2026-02-02 09:30:00,260.0299987792969,270.489990234375,259.2099914550781,270.010009765625,73913400,269.2770690917969
2026-02-03 09:30:00,269.20001220703125,271.8800048828125,267.6099853515625,269.4800109863281,64394700,268.7485046386719
2026-02-04 09:30:00,272.2900085449219,278.95001220703125,272.2900085449219,276.489990234375,90545700,275.73944091796875
2026-02-05 09:30:00,278.1300048828125,279.5,273.2300109863281,275.9100036621094,52977400,275.1610107421875
2026-02-06 09:30:00,277.1199951171875,280.9100036621094,276.92999267578125,278.1199951171875,50453400,277.36505126953125
2026-02-09 09:30:00,277.9100036621094,278.20001220703125,271.70001220703125,274.6199951171875,44623400,274.13079833984375
2026-02-10 09:30:00,274.8900146484375,275.3699951171875,272.94000244140625,273.67999267578125,34376900,273.19244384765625
2026-02-11 09:30:00,274.70001220703125,280.17999267578125,274.45001220703125,275.5,51931300,275.00921630859375
2026-02-12 09:30:00,275.5899963378906,275.7200012207031,260.17999267578125,261.7300109863281,81077200,261.2637634277344
2026-02-13 09:30:00,262.010009765625,262.2300109863281,255.4499969482422,255.77999877929688,56290700,255.32435607910156
2026-02-17 09:30:00,258.04998779296875,266.2900085449219,255.5399932861328,263.8800048828125,58469100,263.4099426269531
2026-02-18 09:30:00,263.6000061035156,266.82000732421875,262.45001220703125,264.3500061035156,34203300,263.8791198730469
2026-02-19 09:30:00,262.6000061035156,264.4800109863281,260.04998779296875,260.5799865722656,30845300,260.11578369140625
2026-02-20 09:30:00,258.9700012207031,264.75,258.1600036621094,264.5799865722656,42070500,264.1086730957031
2026-02-23 09:30:00,263.489990234375,269.42999267578125,263.3800048828125,266.17999267578125,37308200,265.705810546875
2026-02-24 09:30:00,267.8599853515625,274.8900146484375,267.7099914550781,272.1400146484375,47014600,271.6552429199219
2026-02-25 09:30:00,271.7799987792969,274.94000244140625,271.04998779296875,274.2300109863281,33714300,273.74151611328125
2026-02-26 09:30:00,274.95001220703125,276.1099853515625,270.79998779296875,272.95001220703125,32345100,272.4637756347656
2026-02-27 09:30:00,272.80999755859375,272.80999755859375,262.8900146484375,264.17999267578125,72366500,263.70941162109375
2026-03-02 09:30:00,262.4100036621094,266.5299987792969,260.20001220703125,264.7200012207031,41827900,264.2484130859375
2026-03-03 09:30:00,263.4800109863281,265.55999755859375,260.1300048828125,263.75,38568900,263.2801818847656
2026-03-04 09:30:00,264.6499938964844,266.1499938964844,261.4200134277344,262.5199890136719,39803100,262.0523376464844
2026-03-05 09:30:00,260.7900085449219,261.55999755859375,257.25,260.2900085449219,49658600,259.8263244628906
2026-03-06 09:30:00,258.6300048828125,258.7699890136719,254.3699951171875,257.4599914550781,41120000,257.0013427734375
2026-03-09 09:30:00,255.69000244140625,261.1499938964844,253.67999267578125,259.8800048828125,38218500,259.41705322265625
2026-03-10 09:30:00,257.6499938964844,262.4800109863281,256.95001220703125,260.8299865722656,30590800,260.3653564453125
2026-03-11 09:30:00,261.0899963378906,262.1300048828125,259.54998779296875,260.80999755859375,26218900,260.34539794921875
2026-03-12 09:30:00,258.6600036621094,258.95001220703125,254.17999267578125,255.75999450683594,40794000,255.3043975830078
2026-03-13 09:30:00,255.47999572753906,256.3299865722656,249.52000427246094,250.1199951171875,36930000,249.6744384765625
2026-03-16 09:30:00,252.11000061035156,253.88999938964844,249.8800048828125,252.82000732421875,32074200,252.36964416503906
2026-03-17 09:30:00,252.9600067138672,255.1300048828125,252.17999267578125,254.22999572753906,32361600,253.77711486816406
2026-03-18 09:30:00,252.6300048828125,254.94000244140625,249.0,249.94000244140625,35757900,249.49476623535156
2026-03-19 09:30:00,249.39999389648438,251.8300018310547,247.3000030517578,248.9600067138672,34864100,248.5165252685547
2026-03-20 09:30:00,247.97999572753906,249.1999969482422,246.0,247.99000549316406,88331100,247.54823303222656
2026-03-23 09:30:00,253.97000122070312,254.60000610351562,250.27999877929688,251.49000549316406,40546100,251.04200744628906
2026-03-24 09:30:00,250.35000610351562,254.8300018310547,249.5500030517578,251.63999938964844,45152300,251.1917266845703
2026-03-25 09:30:00,254.10000610351562,255.0,251.60000610351562,252.6199951171875,28476700,252.16998291015625
2026-03-26 09:30:00,252.1199951171875,257.0,250.77000427246094,252.88999938964844,41796700,252.43951416015625
2026-03-27 09:30:00,253.89999389648438,255.49000549316406,248.07000732421875,248.8000030517578,47900000,248.35679626464844
2026-03-30 09:30:00,250.07000732421875,250.8699951171875,245.50999450683594,246.6300048828125,39446200,246.19065856933594
2026-03-31 09:30:00,247.91000366210938,255.47999572753906,247.10000610351562,253.7899932861328,49598100,253.33790588378906
2026-04-01 09:30:00,254.0800018310547,256.17999267578125,253.3300018310547,255.6300048828125,40059400,255.1746368408203
2026-04-02 09:30:00,254.1999969482422,256.1300048828125,250.64999389648438,255.9199981689453,31289400,255.464111328125
2026-04-06 09:30:00,256.510009765625,262.1600036621094,256.4599914550781,258.8599853515625,29329900,258.39886474609375
2026-04-07 09:30:00,256.1600036621094,256.20001220703125,245.6999969482422,253.5,62148000,253.0484161376953
2026-04-08 09:30:00,258.45001220703125,259.75,256.5299987792969,258.8999938964844,41032800,258.4388122558594
2026-04-09 09:30:00,259.0,261.1199951171875,256.07000732421875,260.489990234375,28121600,260.0259704589844
2026-04-10 09:30:00,259.9800109863281,262.19000244140625,259.0199890136719,260.4800109863281,31291500,260.0159912109375
2026-04-13 09:30:00,259.7300109863281,260.17999267578125,256.6600036621094,259.20001220703125,36234700,258.73828125
2026-04-14 09:30:00,259.25,261.92999267578125,257.19000244140625,258.8299865722656,48370700,258.3689270019531
2026-04-15 09:30:00,258.1600036621094,266.55999755859375,257.80999755859375,266.42999267578125,49913500,265.95538330078125
2026-04-16 09:30:00,266.79998779296875,267.1600036621094,261.2699890136719,263.3999938964844,43323100,262.9307861328125
2026-04-17 09:30:00,266.9599914550781,272.29998779296875,266.7200012207031,270.2300109863281,61436200,269.7486267089844
2026-04-20 09:30:00,270.3299865722656,274.2799987792969,270.2900085449219,273.04998779296875,36590200,272.5635681152344
2026-04-21 09:30:00,271.5,272.79998779296875,265.3999938964844,266.1700134277344,50209800,265.69586181640625
2026-04-22 09:30:00,267.82000732421875,273.739990234375,266.8699951171875,273.1700134277344,43249200,272.68341064453125
2026-04-23 09:30:00,275.04998779296875,275.7699890136719,271.6499938964844,273.42999267578125,33399600,272.9429016113281
2026-04-24 09:30:00,272.760009765625,273.05999755859375,269.6499938964844,271.05999755859375,38157100,270.5771179199219
2026-04-27 09:30:00,266.0899963378906,268.3599853515625,265.07000732421875,267.6099853515625,41466800,267.1332702636719
2026-04-28 09:30:00,272.3399963378906,273.2300109863281,268.6600036621094,270.7099914550781,40018900,270.2277526855469
2026-04-29 09:30:00,267.54998779296875,271.0400085449219,267.0400085449219,270.1700134277344,30047900,269.688720703125
2026-04-30 09:30:00,270.5,276.0,268.1400146484375,271.3500061035156,91848200,270.86663818359375
2026-05-01 09:30:00,278.8599853515625,287.2200012207031,278.3699951171875,280.1400146484375,79915400,279.6409912109375
2026-05-04 09:30:00,279.6600036621094,280.6300048828125,274.8599853515625,276.8299865722656,46668400,276.3368225097656
2026-05-05 09:30:00,276.92999267578125,284.57000732421875,276.5,284.17999267578125,49311700,283.67376708984375
2026-05-06 09:30:00,281.9200134277344,288.0299987792969,281.07000732421875,287.510009765625,58336100,286.99786376953125
2026-05-07 09:30:00,289.2699890136719,292.1300048828125,285.7799987792969,287.44000244140625,45224300,286.927978515625
2026-05-08 09:30:00,290.010009765625,294.760009765625,290.0,293.32000732421875,52692800,292.7974853515625
2026-05-11 09:30:00,291.9800109863281,293.8800048828125,290.2300109863281,292.67999267578125,42247300,292.42779541015625
2026-05-12 09:30:00,292.55999755859375,295.2699890136719,292.55999755859375,294.79998779296875,45748100,294.54595947265625
2026-05-13 09:30:00,293.5,300.9200134277344,293.5,298.8699951171875,52684300,298.6124572753906
2026-05-14 09:30:00,299.82000732421875,300.45001220703125,295.3800048828125,298.2099914550781,35324900,297.9530334472656
2026-05-15 09:30:00,297.8999938964844,303.20001220703125,296.5199890136719,300.2300109863281,54862800,299.9713134765625
2026-05-18 09:30:00,300.239990234375,300.6600036621094,294.9100036621094,297.8399963378906,34483000,297.5833435058594
2026-05-19 09:30:00,296.9700012207031,300.510009765625,296.3500061035156,298.9700012207031,42243600,298.7123718261719
2026-05-20 09:30:00,298.17999267578125,302.79998779296875,298.0799865722656,302.25,38229800,301.98956298828125
2026-05-21 09:30:00,301.05999755859375,305.5400085449219,300.3999938964844,304.989990234375,42965100,304.7271728515625
2026-05-22 09:30:00,306.1199951171875,311.3999938964844,305.8399963378906,308.82000732421875,43670200,308.55389404296875
2026-05-26 09:30:00,309.55999755859375,311.82000732421875,307.6700134277344,308.3299865722656,48000500,308.0643005371094
2026-05-27 09:30:00,308.3299865722656,313.260009765625,308.29998779296875,310.8500061035156,50430900,310.5821533203125
2026-05-28 09:30:00,310.67999267578125,312.79998779296875,309.57000732421875,312.510009765625,48220400,312.24072265625
2026-05-29 09:30:00,311.7799987792969,315.0,309.5299987792969,312.05999755859375,70026800,311.7911071777344
2026-06-01 09:30:00,309.6300048828125,310.94000244140625,305.0199890136719,306.30999755859375,48849900,306.0460510253906
2026-06-02 09:30:00,307.4599914550781,315.45001220703125,306.69000244140625,315.20001220703125,44534700,314.92840576171875
2026-06-03 09:30:00,314.17999267578125,316.94000244140625,308.8500061035156,310.260009765625,50836700,309.9926452636719
2026-06-04 09:30:00,313.2300109863281,313.5400085449219,309.6499938964844,311.2300109863281,44869100,310.9618225097656
2026-06-05 09:30:00,312.8599853515625,315.1700134277344,307.1499938964844,307.3399963378906,65310500,307.0751647949219
2026-06-08 09:30:00,308.739990234375,317.3999938964844,301.1700134277344,301.5400085449219,77949100,301.2801818847656
2026-06-09 09:30:00,300.2799987792969,300.75,287.7799987792969,290.54998779296875,70108800,290.29962158203125
2026-06-10 09:30:00,290.739990234375,294.75,287.3800048828125,291.5799865722656,52793300,291.3287353515625
2026-06-11 09:30:00,293.7200012207031,297.0,289.5899963378906,295.6300048828125,42572500,295.375244140625
2026-06-12 09:30:00,296.0299987792969,297.1400146484375,289.6199951171875,291.1300048828125,38742100,290.879150390625
2026-06-15 09:30:00,294.1199951171875,297.7799987792969,291.70001220703125,296.4200134277344,45732600,296.1645812988281
2026-06-16 09:30:00,295.25,300.4800109863281,293.9700012207031,299.239990234375,39874400,298.9821472167969
2026-06-17 09:30:00,300.8500061035156,302.07000732421875,294.3599853515625,295.95001220703125,42745100,295.6949768066406
2026-06-18 09:30:00,298.1099853515625,300.57000732421875,295.6199951171875,298.010009765625,85962200,297.7532043457031
2026-06-22 09:30:00,297.30999755859375,302.4200134277344,296.760009765625,297.010009765625,44879900,296.75408935546875
2026-06-23 09:30:00,297.5400085449219,301.6400146484375,294.17999267578125,294.29998779296875,52010900,294.04638671875
2026-06-24 09:30:00,295.3599853515625,299.70001220703125,292.94000244140625,293.0799865722656,53081900,292.8274230957031
2026-06-25 09:30:00,287.3999938964844,288.79998779296875,273.75,275.1499938964844,107013700,274.91290283203125
2026-06-26 09:30:00,275.0,285.95001220703125,274.2099914550781,283.7799987792969,261775500,283.53546142578125
2026-06-29 09:30:00,286.7300109863281,288.3699951171875,279.8500061035156,281.739990234375,66427000,281.4972229003906
2026-06-30 09:30:00,281.1700134277344,289.94000244140625,280.70001220703125,289.3599853515625,65100200,289.11065673828125
2026-07-01 09:30:00,293.44000244140625,296.5899963378906,289.20001220703125,294.3800048828125,50164200,294.1263427734375
2026-07-02 09:30:00,294.1199951171875,309.4200134277344,293.67999267578125,308.6300048828125,75352800,308.3640441894531
2026-07-06 09:30:00,307.3599853515625,314.20001220703125,307.0,312.6600036621094,53590000,312.3905944824219
2026-07-07 09:30:00,315.2900085449219,315.4800109863281,310.1499938964844,310.6600036621094,42490000,310.3923034667969
2026-07-08 09:30:00,311.9100036621094,314.82000732421875,307.04998779296875,313.3900146484375,41323500,313.1199645996094
2026-07-09 09:30:00,310.510009765625,316.5299987792969,308.1600036621094,316.2200012207031,48124500,315.947509765625
2026-07-10 09:30:00,314.7200012207031,316.9100036621094,312.1700134277344,315.32000732421875,34132300,315.0483093261719
2026-07-13 09:30:00,317.0199890136719,323.45001220703125,315.7799987792969,317.30999755859375,43257800,317.03656005859375
2026-07-14 09:30:00,313.760009765625,316.19000244140625,311.9100036621094,314.8599853515625,36336800,314.58868408203125
2026-07-15 09:30:00,317.6199951171875,328.7300109863281,317.32000732421875,327.5,60957600,327.2178039550781
2026-07-16 09:30:00,328.010009765625,334.67999267578125,326.7900085449219,333.260009765625,62970600,332.97283935546875
2026-07-17 09:30:00,331.9800109863281,334.989990234375,329.0,333.739990234375,63407100,333.452392578125
2026-07-20 09:30:00,333.510009765625,333.7099914550781,323.67999267578125,326.5899963378906,53468000,326.3085632324219
2026-07-21 09:30:00,323.1300048828125,329.6000061035156,322.2200012207031,327.739990234375,41338900,327.45758056640625
2026-07-22 09:30:00,327.8699951171875,329.0,323.3399963378906,325.8900146484375,38755900,325.60919189453125
2026-07-23 09:30:00,321.7300109863281,323.29998779296875,319.3500061035156,321.6600036621094,40840800,321.3828430175781
2026-07-24 09:30:00,321.7900085449219,334.3699951171875,321.6199951171875,333.0199890136719,47489400,332.7330322265625
2026-07-27 09:30:00,334.5400085449219,339.57000732421875,334.0199890136719,336.9100036621094,49604300,336.61968994140625
2026-07-28 09:30:00,340.0299987792969,342.8900146484375,335.6000061035156,340.0799865722656,51859000,339.78692626953125
2026-07-29 09:30:00,339.7300109863281,344.57000732421875,337.3500061035156,338.19000244140625,56090800,337.8985900878906
2026-07-30 09:30:00,333.1000061035156,334.75,329.5899963378906,333.42999267578125,74817800,333.1426696777344
2026-07-31 09:30:00,304.80999755859375,310.69000244140625,300.0,308.9100036621094,132489100,308.6438293457031
2026-08-03 09:30:00,309.5799865722656,311.79998779296875,302.55999755859375,303.4200134277344,75052000,303.1585693359375
2026-08-04 09:30:00,302.7300109863281,310.4200134277344,301.32000732421875,309.3800048828125,68001000,309.1134033203125
2026-08-05 09:30:00,309.3599853515625,311.7099914550781,305.6700134277344,311.0,49438800,310.7320251464844
2026-08-06 09:30:00,314.3399963378906,316.2900085449219,309.2300109863281,312.4100036621094,46139900,312.14080810546875
2026-08-07 09:30:00,311.45001220703125,314.80999755859375,310.739990234375,313.3299865722656,34437200,313.05999755859375
2026-08-10 09:30:00,306.8299865722656,308.260009765625,304.6099853515625,308.260009765625,44812500,308.260009765625
2026-08-11 09:30:00,307.75,309.9700012207031,302.7900085449219,304.9100036621094,37476700,304.9100036621094
2026-08-12 09:30:00,305.1000061035156,305.6600036621094,300.57000732421875,302.25,41657800,302.25
2026-08-13 09:30:00,304.2099914550781,306.0,302.04998779296875,305.260009765625,40349300,305.260009765625
2026-08-14 09:30:00,306.0,307.489990234375,304.29998779296875,305.92999267578125,28229400,305.92999267578125
2026-08-17 09:30:00,306.2099914550781,307.6600036621094,302.94000244140625,305.5899963378906,38169300,305.5899963378906
2026-08-18 09:30:00,307.5799865722656,311.489990234375,305.739990234375,310.0299987792969,53424500,310.0299987792969
2026-08-19 09:30:00,310.1400146484375,319.2799987792969,309.6000061035156,316.8299865722656,50505600,316.8299865722656
2026-08-20 09:30:00,317.4599914550781,320.2799987792969,310.6499938964844,311.29998779296875,40959200,311.29998779296875
2026-08-21 09:30:00,312.04998779296875,312.3800048828125,307.010009765625,309.3500061035156,46876800,309.3500061035156
2026-08-24 09:30:00,311.4700012207031,313.3599853515625,309.9700012207031,310.3399963378906,34673600,310.3399963378906
2026-08-25 09:30:00,310.7900085449219,313.5899963378906,308.2099914550781,309.8999938964844,25869800,309.8999938964844
2026-08-26 09:30:00,310.29998779296875,315.42999267578125,308.79998779296875,313.45001220703125,34024500,313.45001220703125
2026-08-27 09:30:00,310.54998779296875,315.3999938964844,309.3999938964844,314.5799865722656,32419200,314.5799865722656
2026-08-28 09:30:00,316.8500061035156,322.3699951171875,315.45001220703125,319.70001220703125,38649400,319.70001220703125
2026-08-31 09:30:00,319.6000061035156,321.239990234375,312.79998779296875,316.8500061035156,41242700,316.8500061035156
2026-09-01 09:30:00,316.9800109863281,327.29998779296875,314.7300109863281,325.1300048828125,53167400,325.1300048828125
2026-09-02 09:30:00,326.8699951171875,328.3999938964844,323.5299987792969,324.9599914550781,33776400,324.9599914550781
2026-09-03 09:30:00,324.8699951171875,330.80999755859375,324.1099853515625,328.2099914550781,37225800,328.2099914550781
2026-09-04 09:30:00,328.30999755859375,328.92999267578125,317.8599853515625,319.9700012207031,39606900,319.9700012207031
2026-09-08 09:30:00,317.1000061035156,320.70001220703125,314.8999938964844,316.2200012207031,35477100,316.2200012207031
2026-09-09 09:30:00,315.489990234375,319.1499938964844,309.8999938964844,315.3399963378906,65640000,315.3399963378906
2026-09-10 09:30:00,316.6700134277344,326.739990234375,316.510009765625,326.57000732421875,70011900,326.57000732421875
2026-09-11 09:30:00,327.45001220703125,336.2200012207031,326.29998779296875,332.2699890136719,50716900,332.2699890136719
2026-09-14 09:30:00,334.7900085449219,335.5,331.3399963378906,333.0799865722656,39269100,333.0799865722656
2026-09-15 09:30:00,330.1400146484375,331.7799987792969,328.3500061035156,331.3399963378906,31748200,331.3399963378906
2026-09-16 09:30:00,332.5299987792969,335.4800109863281,330.70001220703125,332.4100036621094,35981000,332.4100036621094
2026-09-17 09:30:00,334.7699890136719,338.3399963378906,330.17999267578125,337.0,36700200,337.0
2026-09-18 09:30:00,337.9100036621094,338.489990234375,332.5299987792969,336.1300048828125,86588200,336.1300048828125
2026-09-21 09:30:00,335.2799987792969,339.6400146484375,333.04998779296875,338.9800109863281,34999200,338.9800109863281
2026-09-22 09:30:00,340.1400146484375,345.3399963378906,338.75,339.75,40711800,339.75
2026-09-23 09:30:00,341.0799865722656,341.79998779296875,335.5,337.0199890136719,31658800,337.0199890136719
2026-09-24 09:30:00,336.7200012207031,338.9100036621094,334.29998779296875,335.9200134277344,24733100,335.9200134277344
2026-09-25 09:30:00,336.0400085449219,341.6700134277344,334.5299987792969,341.07000732421875,30002500,341.07000732421875
2026-09-28 09:30:00,340.3699951171875,342.989990234375,338.0400085449219,338.3999938964844,32820800,338.3999938964844
2026-09-29 09:30:00,336.9700012207031,337.0899963378906,328.70001220703125,329.3999938964844,38478000,329.3999938964844
2026-09-30 09:30:00,330.79998779296875,339.5,330.1400146484375,333.0199890136719,49988600,333.0199890136719
2026-10-01 09:30:00,330.0,332.4800109863281,325.80999755859375,330.32000732421875,36306300,330.32000732421875
2026-10-02 09:30:00,333.260009765625,334.5400085449219,330.6099853515625,333.69000244140625,33278600,333.69000244140625
2026-10-05 09:30:00,332.82000732421875,336.2099914550781,331.6499938964844,332.8900146484375,34400900,332.8900146484375
2026-10-06 09:30:00,332.2799987792969,334.3800048828125,330.6199951171875,333.6300048828125,30425700,333.6300048828125
