time,open,high,low,close,volume,adj_close
2020-10-08 09:30:00,14.074999809265137,14.084500312805176,13.758000373840332,13.838749885559082,378900000,13.763657569885254
2020-10-09 09:30:00,13.767000198364258,13.824250221252441,13.660750389099121,13.762749671936035,346892000,13.688071250915527
2020-10-12 09:30:00,13.989500045776367,14.347000122070312,13.912500381469727,14.22599983215332,434744000,14.14880657196045
2020-10-13 09:30:00,14.296500205993652,14.34850025177002,14.018750190734863,14.248250007629395,344604000,14.170934677124023
2020-10-14 09:30:00,14.290499687194824,14.34274959564209,13.960000038146973,14.095250129699707,276100000,14.018767356872559
2020-10-15 09:30:00,13.810750007629395,14.005749702453613,13.767749786376953,13.970000267028809,267224000,13.894198417663574
2020-10-16 09:30:00,14.036749839782715,14.121500015258789,13.792499542236328,13.81149959564209,242392000,13.736557960510254
2020-10-19 09:30:00,13.902999877929688,13.983499526977539,13.406749725341797,13.497750282287598,298068000,13.424510955810547
2020-10-20 09:30:00,13.583499908447266,13.799750328063965,13.506999969482422,13.645500183105469,229212000,13.571457862854004
2020-10-21 09:30:00,13.625,13.791500091552734,13.477499961853027,13.524749755859375,219596000,13.451364517211914
2020-10-22 09:30:00,13.522500038146973,13.611749649047852,13.231749534606934,13.361000061035156,290480000,13.288500785827637
2020-10-23 09:30:00,13.449999809265137,13.593250274658203,13.291250228881836,13.590250015258789,233484000,13.516508102416992
2020-10-26 09:30:00,13.427000045776367,13.692749977111816,13.03849983215332,13.141249656677246,336896000,13.069945335388184
2020-10-27 09:30:00,13.305999755859375,13.442000389099121,13.191499710083008,13.396750450134277,250520000,13.324058532714844
2020-10-28 09:30:00,13.197999954223633,13.260000228881836,12.609000205993652,12.626999855041504,376520000,12.55848503112793
2020-10-29 09:30:00,12.838500022888184,13.192749977111816,12.75,13.02400016784668,320080000,12.95333194732666
2020-10-30 09:30:00,12.850000381469727,12.93649959564209,12.300000190734863,12.534000396728516,416820000,12.465989112854004
2020-11-02 09:30:00,12.657750129699707,12.836750030517578,12.395000457763672,12.580750465393066,299652000,12.51248836517334
2020-11-03 09:30:00,12.708499908447266,13.104999542236328,12.602749824523926,13.019499778747559,272900000,12.948856353759766
2020-11-04 09:30:00,13.389249801635742,13.827500343322754,13.336999893188477,13.794249534606934,410228000,13.719402313232422
2020-11-05 09:30:00,14.162500381469727,14.33899974822998,13.991000175476074,14.15999984741211,319028000,14.083166122436523
2020-11-06 09:30:00,14.109749794006348,14.588749885559082,13.895000457763672,14.562000274658203,383348000,14.48298454284668
2020-11-09 09:30:00,14.552499771118164,14.691499710083008,13.610750198364258,13.630749702453613,582976000,13.55678653717041
2020-11-10 09:30:00,13.606499671936035,13.606499671936035,12.628250122070312,12.770000457763672,644068000,12.700708389282227
2020-11-11 09:30:00,13.053750038146973,13.4350004196167,12.948249816894531,13.418000221252441,404744000,13.345193862915039
2020-11-12 09:30:00,13.479000091552734,13.765999794006348,13.315999984741211,13.45674991607666,365812000,13.3837308883667
2020-11-13 09:30:00,13.627249717712402,13.668749809265137,13.059249877929688,13.29699993133545,346312000,13.22485065460205
2020-11-16 09:30:00,13.172499656677246,13.649499893188477,13.156000137329102,13.515250205993652,413776000,13.441914558410645
2020-11-17 09:30:00,13.552499771118164,13.5962495803833,13.303750038146973,13.422249794006348,312028000,13.349418640136719
2020-11-18 09:30:00,13.465250015258789,13.60575008392334,13.1850004196167,13.428750038146973,510924000,13.355884552001953
2020-11-19 09:30:00,13.212750434875488,13.487500190734863,13.100000381469727,13.440250396728516,565936000,13.367323875427246
2020-11-20 09:30:00,13.454000473022461,13.494500160217285,13.0649995803833,13.087750434875488,341088000,13.016735076904297
2020-11-23 09:30:00,13.171250343322754,13.382499694824219,13.01550006866455,13.140000343322754,361356000,13.068700790405273
2020-11-24 09:30:00,13.142499923706055,13.161999702453613,12.885000228881836,12.95775032043457,346500000,12.887439727783203
2020-11-25 09:30:00,13.032500267028809,13.269499778747559,13.020000457763672,13.234749794006348,259916000,13.162935256958008
2020-11-27 09:30:00,13.375,13.407500267028809,13.170499801635742,13.261249542236328,167276000,13.189292907714844
2020-11-30 09:30:00,13.265000343322754,13.412500381469727,12.972249984741211,13.40149974822998,286952000,13.328783988952637
2020-12-01 09:30:00,13.492250442504883,13.5287504196167,13.228249549865723,13.390000343322754,296948000,13.31734561920166
2020-12-02 09:30:00,13.350500106811523,13.673500061035156,13.23425006866455,13.544500350952148,283360000,13.471007347106934
2020-12-03 09:30:00,13.587499618530273,13.65999984741211,13.329000473022461,13.395999908447266,199520000,13.327247619628906
2020-12-04 09:30:00,13.44849967956543,13.5600004196167,13.388750076293945,13.558250427246094,202244000,13.488663673400879
2020-12-07 09:30:00,13.601249694824219,13.731249809265137,13.5,13.606749534606934,223244000,13.53691577911377
2020-12-08 09:30:00,13.585000038146973,13.598750114440918,13.281499862670898,13.350000381469727,271920000,13.281484603881836
2020-12-09 09:30:00,13.30049991607666,13.413999557495117,12.868249893188477,12.930749893188477,401300000,12.864384651184082
2020-12-10 09:30:00,12.869000434875488,13.068750381469727,12.849499702453613,12.972249984741211,207764000,12.905670166015625
2020-12-11 09:30:00,12.967249870300293,13.020000457763672,12.822999954223633,13.013250350952148,209264000,12.946463584899902
2020-12-14 09:30:00,13.088000297546387,13.388750076293945,13.077500343322754,13.30875015258789,270156000,13.24044418334961
2020-12-15 09:30:00,13.439749717712402,13.46399974822998,13.186750411987305,13.36050033569336,193016000,13.291930198669434
2020-12-16 09:30:00,13.422499656677246,13.437250137329102,13.212499618530273,13.242500305175781,223116000,13.17453670501709
2020-12-17 09:30:00,13.36674976348877,13.379500389099121,13.178500175476074,13.3412504196167,231384000,13.27277660369873
2020-12-18 09:30:00,13.378999710083008,13.404999732971191,13.070500373840332,13.272000312805176,342064000,13.203883171081543
2020-12-21 09:30:00,13.074749946594238,13.369999885559082,12.967499732971191,13.332249641418457,302332000,13.263822555541992
2020-12-22 09:30:00,13.319250106811523,13.337249755859375,13.053999900817871,13.278249740600586,185580000,13.210101127624512
2020-12-23 09:30:00,13.255999565124512,13.274999618530273,13.005000114440918,13.009249687194824,179144000,12.942482948303223
2020-12-24 09:30:00,13.037249565124512,13.132499694824219,12.938750267028809,12.993749618530273,97884000,12.927062034606934
2020-12-28 09:30:00,13.0625,13.0625,12.763250350952148,12.899999618530273,212564000,12.833792686462402
2020-12-29 09:30:00,12.925000190734863,13.072500228881836,12.842249870300293,12.943249702453613,170372000,12.87682056427002
2020-12-30 09:30:00,12.990249633789062,13.213749885559082,12.896750450134277,13.145750045776367,225396000,13.078283309936523
2020-12-31 09:30:00,13.136500358581543,13.151000022888184,12.914999961853027,13.055000305175781,192424000,12.987998962402344
2021-01-04 09:30:00,13.104249954223633,13.65250015258789,12.962499618530273,13.113499641418457,560640000,13.046195983886719
2021-01-05 09:30:00,13.099749565124512,13.443499565124512,13.086999893188477,13.404749870300293,322760000,13.335952758789062
2021-01-06 09:30:00,13.22249984741211,13.244999885559082,12.586000442504883,12.614500045776367,580424000,12.549758911132812
2021-01-07 09:30:00,12.967499732971191,13.377750396728516,12.886500358581543,13.343999862670898,461480000,13.275514602661133
2021-01-08 09:30:00,13.362500190734863,13.420999526977539,13.041999816894531,13.276749610900879,292528000,13.208611488342285
2021-01-11 09:30:00,13.418749809265137,13.961000442504883,13.362500190734863,13.621500015258789,518344000,13.551589012145996
2021-01-12 09:30:00,13.7524995803833,13.754500389099121,13.345000267028809,13.484749794006348,291476000,13.415542602539062
2021-01-13 09:30:00,13.489999771118164,13.625,13.385000228881836,13.531749725341797,210028000,13.462303161621094
2021-01-14 09:30:00,13.574999809265137,13.599749565124512,13.180500030517578,13.200249671936035,283120000,13.132502555847168
2021-01-15 09:30:00,13.227999687194824,13.325249671936035,12.84850025177002,12.85949993133545,277780000,12.793502807617188
2021-01-19 09:30:00,13.016249656677246,13.093999862670898,12.843999862670898,13.025250434875488,226188000,12.95840072631836
2021-01-20 09:30:00,13.111749649047852,13.430500030517578,13.056750297546387,13.365750312805176,258572000,13.297151565551758
2021-01-21 09:30:00,13.418499946594238,13.999250411987305,13.253000259399414,13.867500305175781,337780000,13.796327590942383
2021-01-22 09:30:00,13.739999771118164,13.841750144958496,13.627249717712402,13.712499618530273,246820000,13.642120361328125
2021-01-25 09:30:00,13.781749725341797,13.828499794006348,13.236499786376953,13.653249740600586,251112000,13.58317756652832
2021-01-26 09:30:00,13.580499649047852,13.644749641418457,13.387499809265137,13.435250282287598,163980000,13.366297721862793
2021-01-27 09:30:00,13.229999542236328,13.232749938964844,12.793749809265137,12.917750358581543,371272000,12.85145378112793
2021-01-28 09:30:00,12.99625015258789,13.339750289916992,12.96049976348877,13.050999641418457,228316000,12.984018325805664
2021-01-29 09:30:00,13.074999809265137,13.334750175476074,12.911499977111816,12.989749908447266,271552000,12.923080444335938
2021-02-01 09:30:00,13.053250312805176,13.270750045776367,12.902750015258789,13.237000465393066,217204000,13.169062614440918
2021-02-02 09:30:00,13.398750305175781,13.571999549865723,13.285499572753906,13.556750297546387,220440000,13.487174987792969
2021-02-03 09:30:00,13.63599967956543,13.931750297546387,13.516500473022461,13.530500411987305,245408000,13.461058616638184
2021-02-04 09:30:00,13.531000137329102,13.673500061035156,13.337750434875488,13.664250373840332,201340000,13.594121932983398
2021-02-05 09:30:00,13.725000381469727,13.737250328063965,13.54574966430664,13.590999603271484,169152000,13.521245956420898
2021-02-08 09:30:00,13.727250099182129,14.473750114440918,13.727250099182129,14.438750267028809,434624000,14.364645957946777
2021-02-09 09:30:00,14.340749740600586,14.583250045776367,14.22249984741211,14.263250350952148,287560000,14.190046310424805
2021-02-10 09:30:00,14.463250160217285,14.904999732971191,14.341500282287598,14.764249801635742,485352000,14.688474655151367
2021-02-11 09:30:00,14.980250358581543,15.272250175476074,14.925000190734863,15.250749588012695,450828000,15.172477722167969
2021-02-12 09:30:00,15.050000190734863,15.291250228881836,14.774999618530273,14.961250305175781,374756000,14.884465217590332
2021-02-16 09:30:00,15.064249992370605,15.3725004196167,14.949999809265137,15.330249786376953,321960000,15.251569747924805
2021-02-17 09:30:00,15.170999526977539,15.22350025177002,14.779999732971191,14.906000137329102,274756000,14.829500198364258
2021-02-18 09:30:00,14.729000091552734,14.873250007629395,14.574999809265137,14.829000473022461,233868000,14.752894401550293
2021-02-19 09:30:00,15.024499893188477,15.177000045776367,14.846750259399414,14.92650032043457,271724000,14.849895477294922
2021-02-22 09:30:00,14.774749755859375,15.13325023651123,14.324999809265137,14.35575008392334,325884000,14.282073020935059
2021-02-23 09:30:00,14.075249671936035,14.238750457763672,13.38949966430664,14.142000198364258,391780000,14.069419860839844
2021-02-24 09:30:00,14.122750282287598,14.506750106811523,13.755999565124512,14.49899959564209,448320000,14.424586296081543
2021-02-25 09:30:00,14.045499801635742,14.374750137329102,13.2162504196167,13.307499885559082,824436000,13.239201545715332
2021-02-26 09:30:00,13.7524995803833,13.854499816894531,13.361000061035156,13.714500427246094,500932000,13.644113540649414
2021-03-01 09:30:00,13.875,13.925000190734863,13.553250312805176,13.841750144958496,353184000,13.770707130432129
2021-03-02 09:30:00,13.899999618530273,13.920499801635742,13.395999908447266,13.40625,264116000,13.337448120117188
2021-03-03 09:30:00,13.426250457763672,13.451499938964844,12.798749923706055,12.804750442504883,377592000,12.739031791687012
2021-03-04 09:30:00,12.800749778747559,12.975000381469727,12.083749771118164,12.37024974822998,573344000,12.306761741638184
2021-03-05 09:30:00,12.550000190734863,12.550000190734863,11.67924976348877,12.46150016784668,542840000,12.397541999816895
2021-03-08 09:30:00,12.449999809265137,12.4712495803833,11.566499710083008,11.593250274658203,543112000,11.533750534057617
2021-03-09 09:30:00,12.130249977111816,12.61674976348877,12.059249877929688,12.52025032043457,521824000,12.460291862487793
2021-03-10 09:30:00,12.840499877929688,12.979999542236328,12.457500457763672,12.468250274658203,384376000,12.408539772033691
2021-03-11 09:30:00,12.949999809265137,13.046250343322754,12.73449993133545,12.993499755859375,299916000,12.931273460388184
2021-03-12 09:30:00,12.648249626159668,12.888750076293945,12.59000015258789,12.855999946594238,243964000,12.794434547424316
2021-03-15 09:30:00,12.864749908447266,13.20674991607666,12.767250061035156,13.19124984741211,221988000,13.128077507019043
2021-03-16 09:30:00,13.356499671936035,13.512499809265137,13.11674976348877,13.291250228881836,272128000,13.2275972366333
2021-03-17 09:30:00,13.039750099182129,13.45324993133545,12.989500045776367,13.3412504196167,243864000,13.277359008789062
2021-03-18 09:30:00,13.136500358581543,13.184000015258789,12.717000007629395,12.72249984741211,293896000,12.66157054901123
2021-03-19 09:30:00,12.75,12.921500205993652,12.612500190734863,12.845749855041504,299208000,12.784234046936035
2021-03-22 09:30:00,12.912750244140625,13.394499778747559,12.906749725341797,13.186249732971191,297804000,13.123103141784668
2021-03-23 09:30:00,13.254249572753906,13.344499588012695,13.021249771118164,13.07075023651123,222048000,13.008153915405273
2021-03-24 09:30:00,13.151249885559082,13.159250259399414,12.636750221252441,12.642999649047852,245840000,12.582451820373535
2021-03-25 09:30:00,12.499500274658203,12.714750289916992,12.272000312805176,12.535249710083008,295144000,12.475221633911133
2021-03-26 09:30:00,12.554499626159668,12.856249809265137,12.373499870300293,12.839249610900879,363968000,12.777764320373535
2021-03-29 09:30:00,12.820249557495117,13.0625,12.699999809265137,12.948249816894531,273520000,12.88624095916748
2021-03-30 09:30:00,12.842000007629395,12.975250244140625,12.704999923706055,12.871749877929688,200204000,12.810112953186035
2021-03-31 09:30:00,13.01550006866455,13.470499992370605,12.982500076293945,13.348250389099121,314776000,13.284327507019043
2021-04-01 09:30:00,13.572250366210938,13.869999885559082,13.511249542236328,13.811750411987305,308276000,13.745607376098633
2021-04-05 09:30:00,13.867500305175781,14.013999938964844,13.732999801635742,13.987500190734863,255672000,13.920514106750488
2021-04-06 09:30:00,13.999750137329102,14.05424976348877,13.773500442504883,13.861499786376953,191744000,13.795120239257812
2021-04-07 09:30:00,13.880749702453613,14.243499755859375,13.71150016784668,14.143500328063965,251284000,14.075767517089844
2021-04-08 09:30:00,14.252750396728516,14.471500396728516,14.24899959564209,14.317000389099121,244416000,14.248438835144043
2021-04-09 09:30:00,14.21399974822998,14.407999992370605,14.175000190734863,14.399999618530273,195172000,14.331040382385254
2021-04-12 09:30:00,14.289750099182129,15.352499961853027,14.139249801635742,15.208999633789062,869324000,15.136164665222168
2021-04-13 09:30:00,15.231499671936035,15.699999809265137,15.125749588012695,15.679499626159668,676212000,15.604411125183105
2021-04-14 09:30:00,15.625,15.720499992370605,15.227499961853027,15.277000427246094,385500000,15.203839302062988
2021-04-15 09:30:00,15.662500381469727,16.214250564575195,15.631500244140625,16.137250900268555,598480000,16.059974670410156
2021-04-16 09:30:00,16.05299949645996,16.16575050354004,15.865249633789062,15.912500381469727,335208000,15.836297988891602
2021-04-19 09:30:00,15.536499977111816,15.807499885559082,15.232999801635742,15.361749649047852,404420000,15.288183212280273
2021-04-20 09:30:00,15.323249816894531,15.496999740600586,14.963000297546387,15.171250343322754,334132000,15.098594665527344
2021-04-21 09:30:00,15.118749618530273,15.362500190734863,15.102250099182129,15.36050033569336,216776000,15.286940574645996
2021-04-22 09:30:00,15.375,15.43850040435791,14.783499717712402,14.850250244140625,277788000,14.779133796691895
2021-04-23 09:30:00,14.934249877929688,15.335000038146973,14.900250434875488,15.265250205993652,227500000,15.192145347595215
2021-04-26 09:30:00,15.1850004196167,15.479000091552734,15.125,15.477999687194824,197796000,15.403877258300781
2021-04-27 09:30:00,15.578499794006348,15.670499801635742,15.354499816894531,15.381750106811523,164572000,15.308088302612305
2021-04-28 09:30:00,15.364500045776367,15.53225040435791,15.215499877929688,15.276749610900879,209416000,15.203588485717773
2021-04-29 09:30:00,15.399999618530273,15.43649959564209,15.071499824523926,15.324749946594238,173196000,15.251361846923828
2021-04-30 09:30:00,15.174500465393066,15.364999771118164,14.996999740600586,15.009499549865723,201912000,14.937621116638184
2021-05-03 09:30:00,15.125,15.246749877929688,14.787500381469727,14.836750030517578,203912000,14.76569938659668
2021-05-04 09:30:00,14.637249946594238,14.637499809265137,14.010250091552734,14.351249694824219,405324000,14.282525062561035
2021-05-05 09:30:00,14.708999633789062,14.81350040435791,14.387499809265137,14.458499908447266,292024000,14.38925838470459
2021-05-06 09:30:00,14.49524974822998,14.571249961853027,14.218000411987305,14.52299976348877,193380000,14.453452110290527
2021-05-07 09:30:00,14.808250427246094,14.970749855041504,14.67175006866455,14.812250137329102,229328000,14.741314888000488
2021-05-10 09:30:00,14.787249565124512,14.805999755859375,14.25,14.26574993133545,268904000,14.197433471679688
2021-05-11 09:30:00,13.824999809265137,14.35474967956543,13.75,14.306249618530273,285584000,14.237736701965332
2021-05-12 09:30:00,14.009499549865723,14.260250091552734,13.709250450134277,13.758500099182129,303408000,13.692611694335938
2021-05-13 09:30:00,14.0337495803833,14.080750465393066,13.458999633789062,13.665249824523926,285404000,13.599809646606445
2021-05-14 09:30:00,13.890000343322754,14.32800006866455,13.748499870300293,14.243000030517578,258616000,14.174792289733887
2021-05-17 09:30:00,14.156999588012695,14.169249534606934,13.853500366210938,14.165499687194824,216980000,14.097663879394531
2021-05-18 09:30:00,14.267000198364258,14.404250144958496,14.003999710083008,14.01574993133545,186256000,13.948628425598145
2021-05-19 09:30:00,13.566499710083008,14.079500198364258,13.54325008392334,14.065750122070312,344000000,13.998390197753906
2021-05-20 09:30:00,14.302499771118164,14.68375015258789,14.270500183105469,14.612500190734863,321592000,14.542524337768555
2021-05-21 09:30:00,15.163749694824219,15.222000122070312,14.869500160217285,14.99174976348877,672992000,14.91995906829834
2021-05-24 09:30:00,15.212499618530273,15.744999885559082,15.175999641418457,15.612000465393066,554816000,15.53723430633545
2021-05-25 09:30:00,15.765999794006348,15.818499565124512,15.482500076293945,15.647749900817871,435408000,15.572813034057617
2021-05-26 09:30:00,15.73425006866455,15.793749809265137,15.586250305175781,15.699999809265137,370440000,15.624815940856934
2021-05-27 09:30:00,15.699749946594238,15.75,15.460000038146973,15.48799991607666,581476000,15.413830757141113
2021-05-28 09:30:00,15.50100040435791,16.27750015258789,15.50100040435791,16.24449920654297,644536000,16.166709899902344
2021-06-01 09:30:00,16.270000457763672,16.38825035095215,15.903249740600586,16.26449966430664,472804000,16.186609268188477
2021-06-02 09:30:00,16.25225067138672,16.918750762939453,16.23550033569336,16.778249740600586,594168000,16.697900772094727
2021-06-03 09:30:00,16.70075035095215,17.259000778198242,16.58300018310547,16.969749450683594,580008000,16.88848304748535
2021-06-04 09:30:00,17.112499237060547,17.660999298095703,17.095500946044922,17.578250885009766,617120000,17.494068145751953
2021-06-07 09:30:00,17.571250915527344,17.8125,17.192750930786133,17.618999481201172,575756000,17.534622192382812
2021-06-08 09:30:00,17.527250289916992,17.62150001525879,17.250999450683594,17.457000732421875,323848000,17.373403549194336
2021-06-09 09:30:00,17.515750885009766,17.575000762939453,17.25575065612793,17.35824966430664,381656000,17.279083251953125
2021-06-10 09:30:00,17.350000381469727,17.492000579833984,17.176000595092773,17.424999237060547,287772000,17.345529556274414
2021-06-11 09:30:00,17.47949981689453,17.939250946044922,17.443750381469727,17.82525062561035,416308000,17.74394989013672
2021-06-14 09:30:00,17.9060001373291,18.039499282836914,17.662750244140625,18.018749237060547,321376000,17.93657112121582
2021-06-15 09:30:00,17.915000915527344,18.016250610351562,17.72800064086914,17.78849983215332,243032000,17.707368850708008
2021-06-16 09:30:00,17.79075050354004,17.954750061035156,17.58449935913086,17.81024932861328,307124000,17.729021072387695
2021-06-17 09:30:00,17.774499893188477,18.834999084472656,17.756250381469727,18.657249450683594,809656000,18.572154998779297
2021-06-18 09:30:00,18.784000396728516,19.375,18.583999633789062,18.638750076293945,968856000,18.55373764038086
2021-06-21 09:30:00,18.43524932861328,18.536500930786133,17.822750091552734,18.427249908447266,672384000,18.34320640563965
2021-06-22 09:30:00,18.471500396728516,18.9637508392334,18.38599967956543,18.886749267578125,580144000,18.80060577392578
2021-06-23 09:30:00,19.007749557495117,19.15275001525879,18.90774917602539,19.057249069213867,332356000,18.97032928466797
2021-06-24 09:30:00,19.227750778198242,19.420000076293945,19.08824920654297,19.20549964904785,320924000,19.117908477783203
2021-06-25 09:30:00,19.280500411987305,19.345500946044922,18.894500732421875,19.0310001373291,278364000,18.944198608398438
2021-06-28 09:30:00,19.361249923706055,20.078750610351562,19.319000244140625,19.985000610351562,495436000,19.89385414123535
2021-06-29 09:30:00,19.88249969482422,20.0987491607666,19.656999588012695,20.026750564575195,367632000,19.93541145324707
2021-06-30 09:30:00,19.999250411987305,20.162500381469727,19.863750457763672,20.002500534057617,326568000,19.911272048950195
2021-07-01 09:30:00,20.125,20.45599937438965,20.018999099731445,20.211999893188477,480136000,20.11981773376465
2021-07-02 09:30:00,20.440250396728516,20.505250930786133,20.287750244140625,20.48699951171875,342764000,20.393566131591797
2021-07-06 09:30:00,20.737499237060547,20.841999053955078,20.350250244140625,20.69849967956543,446708000,20.604097366333008
2021-07-07 09:30:00,20.853500366210938,20.875,20.332000732421875,20.371749877929688,418428000,20.278831481933594
2021-07-08 09:30:00,19.85650062561035,20.132999420166016,19.70075035095215,19.90275001525879,503300000,19.811975479125977
2021-07-09 09:30:00,19.962499618530273,20.080249786376953,19.754249572753906,20.050249099731445,296624000,19.958803176879883
2021-07-12 09:30:00,20.239999771118164,20.53274917602539,20.1877498626709,20.512500762939453,321984000,20.418947219848633
2021-07-13 09:30:00,20.40049934387207,20.46125030517578,20.11400032043457,20.25,290708000,20.157642364501953
2021-07-14 09:30:00,20.357749938964844,20.417749404907227,19.752750396728516,19.84149932861328,380100000,19.751001358032227
2021-07-15 09:30:00,19.811750411987305,19.847000122070312,18.85849952697754,18.966249465942383,550564000,18.879749298095703
2021-07-16 09:30:00,19.030500411987305,19.156999588012695,18.072999954223633,18.160999298095703,688224000,18.078170776367188
2021-07-19 09:30:00,17.915250778198242,19.04199981689453,17.86549949645996,18.77975082397461,749060000,18.694101333618164
2021-07-20 09:30:00,18.729999542236328,18.83799934387207,18.163999557495117,18.61199951171875,434687000,18.52711296081543
2021-07-21 09:30:00,18.881999969482422,19.527000427246094,18.742000579833984,19.40999984741211,371017000,19.321475982666016
2021-07-22 09:30:00,19.642000198364258,19.886999130249023,19.275999069213867,19.5939998626709,323826000,19.504634857177734
2021-07-23 09:30:00,19.6560001373291,19.700000762939453,19.25,19.558000564575195,195672000,19.468801498413086
2021-07-26 09:30:00,19.31100082397461,19.441999435424805,18.913999557495117,19.29400062561035,203943000,19.206003189086914
2021-07-27 09:30:00,19.264999389648438,19.621999740600586,18.740999221801758,19.20800018310547,248863000,19.12039566040039
2021-07-28 09:30:00,19.319000244140625,19.645999908447266,18.9950008392334,19.503000259399414,202191000,19.41404914855957
2021-07-29 09:30:00,19.518999099731445,19.85300064086914,19.327999114990234,19.66200065612793,190781000,19.57232666015625
2021-07-30 09:30:00,19.417999267578125,19.6299991607666,19.26300048828125,19.499000549316406,183497000,19.410066604614258
2021-08-02 09:30:00,19.700000762939453,19.961000442504883,19.361000061035156,19.75,217444000,19.659921646118164
2021-08-03 09:30:00,19.739999771118164,20.222000122070312,19.219999313354492,19.815000534057617,301811000,19.72463035583496
2021-08-04 09:30:00,19.989999771118164,20.31800079345703,19.827999114990234,20.27400016784668,231309000,20.181533813476562
2021-08-05 09:30:00,20.5,20.732999801635742,20.341999053955078,20.636999130249023,211435000,20.54288101196289
2021-08-06 09:30:00,20.52400016784668,20.56999969482422,20.209999084472656,20.365999221801758,178497000,20.273115158081055
2021-08-09 09:30:00,20.445999145507812,20.507999420166016,20.14299964904785,20.295000076293945,146443000,20.202436447143555
2021-08-10 09:30:00,20.32200050354004,20.43000030517578,19.834999084472656,19.93600082397461,179238000,19.845075607299805
2021-08-11 09:30:00,20.042999267578125,20.048999786376953,19.43000030517578,19.698999404907227,185925000,19.609153747558594
2021-08-12 09:30:00,19.8700008392334,20.02899932861328,19.6200008392334,19.905000686645508,151652000,19.8142147064209
2021-08-13 09:30:00,19.905000686645508,20.214000701904297,19.85099983215332,20.187999725341797,183063000,20.095924377441406
2021-08-16 09:30:00,20.135000228881836,20.28700065612793,19.452999114990234,19.950000762939453,210876000,19.8590087890625
2021-08-17 09:30:00,19.684999465942383,19.770000457763672,19.267000198364258,19.45800018310547,204585000,19.36925506591797
2021-08-18 09:30:00,19.5,19.634000778198242,19.0,19.040000915527344,285913000,18.953166961669922
2021-08-19 09:30:00,19.493999481201172,20.4950008392334,18.761999130249023,19.79800033569336,766555000,19.70770263671875
2021-08-20 09:30:00,19.990999221801758,20.864999771118164,19.933000564575195,20.81599998474121,675741000,20.7210636138916
2021-08-23 09:30:00,20.97100067138672,21.996999740600586,20.950000762939453,21.95800018310547,575807000,21.85785484313965
2021-08-24 09:30:00,21.753000259399414,21.958999633789062,21.53499984741211,21.792999267578125,297299000,21.693607330322266
2021-08-25 09:30:00,21.73699951171875,22.469999313354492,21.722000122070312,22.21299934387207,347701000,22.11168670654297
2021-08-26 09:30:00,22.200000762939453,22.34000015258789,21.790000915527344,22.06800079345703,237940000,21.967350006103516
2021-08-27 09:30:00,22.18400001525879,22.722000122070312,22.16699981689453,22.63599967956543,304722000,22.532760620117188
2021-08-30 09:30:00,22.829999923706055,23.042999267578125,22.551000595092773,22.687999725341797,262580000,22.584524154663086
2021-08-31 09:30:00,22.69499969482422,22.69499969482422,22.1200008392334,22.385000228881836,259850000,22.286832809448242
2021-09-01 09:30:00,22.485000610351562,22.69700050354004,22.35700035095215,22.44099998474121,201767000,22.342586517333984
2021-09-02 09:30:00,22.51799964904785,22.593000411987305,22.295000076293945,22.395999908447266,187834000,22.29779052734375
2021-09-03 09:30:00,22.325000762939453,22.986000061035156,22.200000762939453,22.843000411987305,280532000,22.74282455444336
2021-09-07 09:30:00,22.83300018310547,22.89900016784668,22.52199935913086,22.66200065612793,198107000,22.562620162963867
2021-09-08 09:30:00,22.51300048828125,22.610000610351562,21.976999282836914,22.339000701904297,254434000,22.24103355407715
2021-09-09 09:30:00,22.312000274658203,22.538000106811523,22.131000518798828,22.177000045776367,196856000,22.079748153686523
2021-09-10 09:30:00,22.347999572753906,22.625999450683594,22.270000457763672,22.47800064086914,248376000,22.37942886352539
2021-09-13 09:30:00,22.68400001525879,22.964000701904297,21.857999801635742,22.152000427246094,297500000,22.054859161376953
2021-09-14 09:30:00,22.274999618530273,22.40999984741211,22.086000442504883,22.242000579833984,199755000,22.144466400146484
2021-09-15 09:30:00,22.30900001525879,22.367000579833984,21.965999603271484,22.340999603271484,166538000,22.243026733398438
2021-09-16 09:30:00,22.183000564575195,22.277000427246094,21.927000045776367,22.242000579833984,156033000,22.144466400146484
2021-09-17 09:30:00,22.299999237060547,22.320999145507812,21.829999923706055,21.899999618530273,294503000,21.8039608001709
2021-09-20 09:30:00,21.145999908447266,21.433000564575195,20.66200065612793,21.113000869750977,349440000,21.020416259765625
2021-09-21 09:30:00,21.41699981689453,21.424999237060547,20.950000762939453,21.246000289916992,204688000,21.152828216552734
2021-09-22 09:30:00,21.365999221801758,21.959999084472656,21.195999145507812,21.94099998474121,268726000,21.84477996826172
2021-09-23 09:30:00,22.139999389648438,22.53499984741211,21.889999389648438,22.48200035095215,248555000,22.383405685424805
2021-09-24 09:30:00,22.06999969482422,22.14900016784668,21.861000061035156,22.08099937438965,217655000,21.984172821044922
2021-09-27 09:30:00,21.709999084472656,21.798999786376953,21.325000762939453,21.65999984741211,245215000,21.565013885498047
2021-09-28 09:30:00,21.214000701904297,21.41900062561035,20.650999069213867,20.698999404907227,343069000,20.608230590820312
2021-09-29 09:30:00,20.940000534057617,21.017000198364258,20.466999053955078,20.517000198364258,218394000,20.427026748657227
2021-09-30 09:30:00,20.76799964904785,21.06599998474121,20.687999725341797,20.715999603271484,221009000,20.62515640258789
2021-10-01 09:30:00,20.75,20.858999252319336,20.202999114990234,20.742000579833984,240978000,20.651039123535156
2021-10-04 09:30:00,20.503999710083008,20.54199981689453,19.55500030517578,19.73200035095215,345635000,19.645471572875977
2021-10-05 09:30:00,19.950000762939453,20.648000717163086,19.854000091552734,20.451000213623047,279282000,20.36132049560547
2021-10-06 09:30:00,20.1200008392334,20.719999313354492,20.079999923706055,20.700000762939453,297202000,20.609228134155273
2021-10-07 09:30:00,21.091999053955078,21.32200050354004,20.972000122070312,21.075000762939453,256919000,20.982580184936523
2021-10-08 09:30:00,21.10099983215332,21.20599937438965,20.774999618530273,20.83099937438965,151258000,20.73965072631836
2021-10-11 09:30:00,20.575000762939453,21.062999725341797,20.51099967956543,20.69499969482422,163388000,20.604246139526367
2021-10-12 09:30:00,20.827999114990234,21.05699920654297,20.527999877929688,20.67099952697754,162134000,20.580354690551758
2021-10-13 09:30:00,20.917999267578125,20.989999771118164,20.71299934387207,20.93899917602539,180652000,20.847177505493164
2021-10-14 09:30:00,21.288000106811523,21.7549991607666,21.121999740600586,21.746000289916992,243589000,21.6506404876709
2021-10-15 09:30:00,21.809999465942383,21.930999755859375,21.66200065612793,21.86199951171875,226994000,21.766130447387695
2021-10-18 09:30:00,21.749000549316406,22.291000366210938,21.643999099731445,22.222000122070312,189494000,22.12455177307129
2021-10-19 09:30:00,22.275999069213867,22.378999710083008,22.03700065612793,22.290000915527344,161473000,22.192249298095703
2021-10-20 09:30:00,22.30500030517578,22.433000564575195,21.98200035095215,22.10300064086914,146276000,22.006071090698242
2021-10-21 09:30:00,22.097000122070312,22.711000442504883,22.08300018310547,22.691999435424805,187590000,22.59248924255371
2021-10-22 09:30:00,22.822999954223633,23.1299991607666,22.56100082397461,22.72599983215332,249384000,22.6263370513916
2021-10-25 09:30:00,22.972999572753906,23.354999542236328,22.770000457763672,23.166000366210938,230235000,23.06441307067871
2021-10-26 09:30:00,23.98900032043457,25.259000778198242,23.923999786376953,24.716999053955078,485898000,24.608610153198242
2021-10-27 09:30:00,24.474000930786133,25.09000015258789,24.281999588012695,24.451000213623047,245990000,24.343772888183594
2021-10-28 09:30:00,24.878000259399414,24.950000762939453,24.523000717163086,24.94099998474121,234204000,24.831626892089844
2021-10-29 09:30:00,25.000999450683594,25.708999633789062,25.0,25.566999435424805,292503000,25.45488166809082
2021-11-01 09:30:00,25.64900016784668,25.893999099731445,25.226999282836914,25.82699966430664,265740000,25.7137451171875
2021-11-02 09:30:00,25.82200050354004,26.67799949645996,25.799999237060547,26.400999069213867,294112000,26.28522491455078
2021-11-03 09:30:00,26.670000076293945,26.784000396728516,26.235000610351562,26.597999572753906,239910000,26.481359481811523
2021-11-04 09:30:00,27.229000091552734,31.364999771118164,27.118000030517578,29.801000595092773,1153631000,29.67031478881836
2021-11-05 09:30:00,30.187000274658203,31.399999618530273,29.40999984741211,29.75200080871582,851260000,29.62152671813965
2021-11-08 09:30:00,30.14900016784668,31.100000381469727,29.906999588012695,30.804000854492188,503101000,30.668916702270508
2021-11-09 09:30:00,32.28200149536133,32.310001373291016,29.964000701904297,30.656999588012695,646746000,30.52256202697754
2021-11-10 09:30:00,29.356000900268555,30.850000381469727,28.777999877929688,29.458999633789062,636206000,29.329818725585938
2021-11-11 09:30:00,30.468000411987305,30.59000015258789,29.777000427246094,30.389999389648438,332172000,30.256729125976562
2021-11-12 09:30:00,30.010000228881836,30.68000030517578,29.6299991607666,30.389999389648438,413054000,30.256729125976562
2021-11-15 09:30:00,30.552000045776367,30.643999099731445,29.246999740600586,30.024999618530273,384909000,29.893329620361328
2021-11-16 09:30:00,29.759000778198242,30.389999389648438,29.70599937438965,30.202999114990234,264484000,30.070547103881836
2021-11-17 09:30:00,30.417999267578125,30.509000778198242,28.799999237060547,29.26099967956543,428508000,29.1326847076416
2021-11-18 09:30:00,32.367000579833984,32.7599983215332,31.320999145507812,31.674999237060547,781711000,31.53609848022461
2021-11-19 09:30:00,32.24300003051758,33.0880012512207,31.905000686645508,32.98500061035156,533867000,32.84035873413086
2021-11-22 09:30:00,33.516998291015625,34.64699935913086,31.899999618530273,31.95599937438965,754335000,31.81586265563965
2021-11-23 09:30:00,31.53499984741211,32.36000061035156,30.8799991607666,31.746000289916992,532163000,31.606786727905273
2021-11-24 09:30:00,31.461000442504883,32.85499954223633,30.92799949645996,32.67399978637695,435162000,32.53070831298828
2021-11-26 09:30:00,32.599998474121094,32.709999084472656,31.350000381469727,31.503000259399414,283069000,31.364852905273438
2021-11-29 09:30:00,32.36600112915039,33.4119987487793,32.0359992980957,33.375999450683594,454964000,33.22964096069336
2021-11-30 09:30:00,33.16899871826172,33.35300064086914,31.86400032043457,32.67599868774414,622066000,32.53270721435547
2021-12-01 09:30:00,33.21900177001953,33.28900146484375,31.3799991607666,31.434999465942383,484368000,31.30097770690918
2021-12-02 09:30:00,31.214000701904297,32.47800064086914,31.024999618530273,32.125999450683594,472890000,31.989038467407227
2021-12-03 09:30:00,32.0,32.12900161743164,30.1299991607666,30.69300079345703,544325000,30.56214141845703
2021-12-06 09:30:00,29.8799991607666,30.240999221801758,28.038000106811523,30.03700065612793,658938000,29.908945083618164
2021-12-07 09:30:00,30.957000732421875,32.44900131225586,30.650999069213867,32.426998138427734,593053000,32.28875732421875
2021-12-08 09:30:00,31.999000549316406,32.290000915527344,31.42099952697754,31.826000213623047,475551000,31.6903133392334
2021-12-09 09:30:00,31.733999252319336,32.20500183105469,30.42799949645996,30.489999771118164,488507000,30.360004425048828
2021-12-10 09:30:00,31.149999618530273,31.30500030517578,29.861000061035156,30.197999954223633,488825000,30.069250106811523
2021-12-13 09:30:00,30.249000549316406,30.29400062561035,28.115999221801758,28.160999298095703,598344000,28.04093360900879
2021-12-14 09:30:00,27.698999404907227,28.67799949645996,27.25,28.336999893188477,667035000,28.2161865234375
2021-12-15 09:30:00,28.399999618530273,30.5,27.83799934387207,30.458999633789062,698297000,30.329139709472656
2021-12-16 09:30:00,31.152000427246094,31.15999984741211,28.093000411987305,28.386999130249023,707366000,28.265975952148438
2021-12-17 09:30:00,27.985000610351562,28.922000885009766,27.760000228881836,27.801000595092773,713758000,27.682477951049805
2021-12-20 09:30:00,27.30500030517578,28.143999099731445,27.145000457763672,27.7189998626709,461847000,27.60081672668457
2021-12-21 09:30:00,28.374000549316406,29.1200008392334,27.400999069213867,29.075000762939453,524385000,28.951045989990234
2021-12-22 09:30:00,28.891000747680664,29.55500030517578,28.448999404907227,29.399999618530273,395184000,29.2746524810791
2021-12-23 09:30:00,29.7549991607666,30.05900001525879,29.430999755859375,29.639999389648438,343022000,29.51363182067871
2021-12-27 09:30:00,29.65999984741211,31.086999893188477,29.639999389648438,30.94499969482422,403686000,30.81307029724121
2021-12-28 09:30:00,31.312000274658203,31.329999923706055,30.011999130249023,30.32200050354004,420591000,30.192724227905273
2021-12-29 09:30:00,30.273000717163086,30.54800033569336,29.365999221801758,30.000999450683594,343139000,29.873092651367188
2021-12-30 09:30:00,29.82699966430664,30.457000732421875,29.540000915527344,29.586000442504883,308864000,29.459863662719727
2021-12-31 09:30:00,29.673999786376953,30.030000686645508,29.33099937438965,29.410999298095703,266530000,29.285612106323242
2022-01-03 09:30:00,29.815000534057617,30.711000442504883,29.78499984741211,30.121000289916992,391547000,29.992582321166992
2022-01-04 09:30:00,30.277000427246094,30.468000411987305,28.349000930786133,29.290000915527344,527154000,29.16512680053711
2022-01-05 09:30:00,28.948999404907227,29.416000366210938,27.533000946044922,27.604000091552734,498064000,27.486312866210938
2022-01-06 09:30:00,27.639999389648438,28.437999725341797,27.065000534057617,28.17799949645996,454186000,28.0578670501709
2022-01-07 09:30:00,28.141000747680664,28.422000885009766,27.05699920654297,27.246999740600586,409939000,27.130836486816406
2022-01-10 09:30:00,26.58099937438965,27.4689998626709,25.643999099731445,27.399999618530273,594681000,27.28318214416504
2022-01-11 09:30:00,27.322999954223633,28.065000534057617,26.839000701904297,27.816999435424805,404089000,27.698400497436523
2022-01-12 09:30:00,28.066999435424805,28.594999313354492,27.607999801635742,27.999000549316406,383413000,27.87963104248047
2022-01-13 09:30:00,28.378999710083008,28.479999542236328,26.49799919128418,26.575000762939453,540171000,26.461698532104492
2022-01-14 09:30:00,26.299999237060547,27.19700050354004,26.209999084472656,26.941999435424805,395832000,26.827133178710938
2022-01-18 09:30:00,26.260000228881836,26.63800048828125,25.770000457763672,25.902999877929688,424270000,25.792564392089844
2022-01-19 09:30:00,26.07900047302246,26.542999267578125,25.052000045776367,25.066999435424805,488315000,24.960128784179688
2022-01-20 09:30:00,25.304000854492188,25.57900047302246,24.077999114990234,24.149999618530273,435181000,24.047039031982422
2022-01-21 09:30:00,23.506999969482422,24.822999954223633,23.26300048828125,23.374000549316406,718958000,23.274349212646484
2022-01-24 09:30:00,22.329999923706055,23.3799991607666,20.88800048828125,23.371999740600586,913982000,23.272357940673828
2022-01-25 09:30:00,22.54599952697754,22.94300079345703,22.0,22.323999404907227,664616000,22.22882652282715
2022-01-26 09:30:00,23.239999771118164,24.05699920654297,22.299999237060547,22.77199935913086,755959000,22.67491340637207
2022-01-27 09:30:00,23.56800079345703,23.9950008392334,21.674999237060547,21.944000244140625,573353000,21.85044288635254
2022-01-28 09:30:00,22.011999130249023,22.857999801635742,21.29599952697754,22.84000015258789,543774000,22.742624282836914
2022-01-31 09:30:00,23.18199920654297,24.509000778198242,23.052000045776367,24.486000061035156,564680000,24.381607055664062
2022-02-01 09:30:00,25.104000091552734,25.145000457763672,23.889999389648438,24.63800048828125,518925000,24.532955169677734
2022-02-02 09:30:00,25.79400062561035,25.816999435424805,24.55299949645996,25.242000579833984,543419000,25.134384155273438
2022-02-03 09:30:00,24.45800018310547,25.07699966430664,23.780000686645508,23.947999954223633,410178000,23.84590721130371
2022-02-04 09:30:00,23.972000122070312,24.635000228881836,23.631999969482422,24.319000244140625,354829000,24.21531867980957
2022-02-07 09:30:00,24.371999740600586,25.18199920654297,24.20199966430664,24.72800064086914,376868000,24.62257194519043
2022-02-08 09:30:00,24.358999252319336,25.229999542236328,23.979999542236328,25.107999801635742,410359000,25.000957489013672
2022-02-09 09:30:00,25.621999740600586,26.725000381469727,25.35300064086914,26.704999923706055,524282000,26.59114646911621
2022-02-10 09:30:00,25.9950008392334,26.924999237060547,25.600000381469727,25.823999404907227,513200000,25.713905334472656
2022-02-11 09:30:00,25.916000366210938,26.152000427246094,23.773000717163086,23.948999404907227,605472000,23.846899032592773
2022-02-14 09:30:00,23.93400001525879,24.875,23.7549991607666,24.267000198364258,440424000,24.16353988647461
2022-02-15 09:30:00,24.948999404907227,26.545000076293945,24.784000396728516,26.4950008392334,699869000,26.382043838500977
2022-02-16 09:30:00,26.259000778198242,26.582000732421875,25.552000045776367,26.51099967956543,732676000,26.397972106933594
2022-02-17 09:30:00,25.6299991607666,25.78499984741211,24.165000915527344,24.506999969482422,810595000,24.40252113342285
2022-02-18 09:30:00,24.667999267578125,24.986000061035156,23.100000381469727,23.642000198364258,761255000,23.54120445251465
2022-02-22 09:30:00,23.03499984741211,24.06399917602539,23.0,23.389999389648438,633422000,23.290281295776367
2022-02-23 09:30:00,23.802000045776367,24.155000686645508,22.301000595092773,22.386999130249023,566511000,22.29155731201172
2022-02-24 09:30:00,21.014999389648438,23.799999237060547,20.889999389648438,23.74799919128418,735801000,23.64674949645996
2022-02-25 09:30:00,23.72100067138672,24.216999053955078,23.381000518798828,24.156999588012695,528866000,24.05401039123535
2022-02-28 09:30:00,23.992000579833984,24.665000915527344,23.707000732421875,24.385000228881836,477319000,24.281038284301758
2022-03-01 09:30:00,24.291000366210938,24.37700080871582,23.131999969482422,23.476999282836914,412056000,23.376911163330078
2022-03-02 09:30:00,23.756000518798828,24.409000396728516,23.415000915527344,24.219999313354492,389642000,24.120847702026367
2022-03-03 09:30:00,24.261999130249023,24.326000213623047,23.4689998626709,23.714000701904297,365095000,23.616928100585938
2022-03-04 09:30:00,23.384000778198242,23.68000030517578,22.48200035095215,22.93600082397461,431415000,22.84210777282715
2022-03-07 09:30:00,22.816999435424805,23.033000946044922,21.329999923706055,21.351999282836914,450821000,21.264585494995117
2022-03-08 09:30:00,21.30900001525879,22.37299919128418,20.649999618530273,21.513999938964844,557467000,21.42593002319336
2022-03-09 09:30:00,22.386999130249023,23.219999313354492,22.246999740600586,23.013999938964844,492742000,22.91978645324707
2022-03-10 09:30:00,22.5310001373291,22.788000106811523,21.881999969482422,22.658000946044922,428066000,22.565244674682617
2022-03-11 09:30:00,23.02199935913086,23.145000457763672,22.04599952697754,22.100000381469727,367209000,22.009523391723633
2022-03-14 09:30:00,21.868999481201172,22.261999130249023,21.159000396728516,21.329999923706055,385354000,21.2426815032959
2022-03-15 09:30:00,21.51799964904785,23.038000106811523,21.32200050354004,22.972999572753906,491996000,22.87895393371582
2022-03-16 09:30:00,23.5,24.597000122070312,23.172000885009766,24.496000289916992,671422000,24.39571762084961
2022-03-17 09:30:00,24.1200008392334,24.841999053955078,23.9060001373291,24.766000747680664,471941000,24.664615631103516
2022-03-18 09:30:00,24.798999786376953,26.569000244140625,24.624000549316406,26.452999114990234,730719000,26.344707489013672
2022-03-21 09:30:00,26.506999969482422,27.152000427246094,25.966999053955078,26.733999252319336,591727000,26.62455940246582
2022-03-22 09:30:00,26.726999282836914,27.238000869750977,26.07200050354004,26.52400016784668,547007000,26.415420532226562
2022-03-23 09:30:00,26.125999450683594,26.61199951171875,25.575000762939453,25.634000778198242,502120000,25.52906036376953
2022-03-24 09:30:00,26.166000366210938,28.31999969482422,25.906999588012695,28.149999618530273,877379000,28.034765243530273
2022-03-25 09:30:00,27.88599967956543,28.357999801635742,27.270999908447266,27.691999435424805,579016000,27.57863998413086
2022-03-28 09:30:00,27.756000518798828,28.25,27.20599937438965,28.2189998626709,425494000,28.10348129272461
2022-03-29 09:30:00,28.69499969482422,28.945999145507812,27.979999542236328,28.6560001373291,488984000,28.53868865966797
2022-03-30 09:30:00,28.304000854492188,28.496000289916992,27.503000259399414,27.690000534057617,463487000,27.57664680480957
2022-03-31 09:30:00,27.781999588012695,28.24799919128418,27.270000457763672,27.285999298095703,523440000,27.174299240112305
2022-04-01 09:30:00,27.375,27.496000289916992,26.267000198364258,26.711999893188477,517235000,26.602651596069336
2022-04-04 09:30:00,26.72800064086914,27.558000564575195,26.613000869750977,27.360000610351562,397120000,27.247997283935547
2022-04-05 09:30:00,27.253999710083008,27.319000244140625,25.81999969482422,25.930999755859375,436615000,25.824844360351562
2022-04-06 09:30:00,24.93400001525879,25.299999237060547,24.003000259399414,24.406999588012695,703833000,24.307085037231445
2022-04-07 09:30:00,24.44099998474121,24.722000122070312,23.47800064086914,24.20800018310547,557992000,24.10890007019043
2022-04-08 09:30:00,23.91699981689453,23.92300033569336,23.062000274658203,23.118999481201172,524781000,23.02435302734375
2022-04-11 09:30:00,22.214000701904297,22.31999969482422,21.65999984741211,21.91699981689453,575207000,21.8272762298584
2022-04-12 09:30:00,22.53700065612793,22.725000381469727,21.281999588012695,21.503999710083008,662258000,21.415964126586914
2022-04-13 09:30:00,21.72800064086914,22.5,21.454999923706055,22.202999114990234,516943000,22.112104415893555
2022-04-14 09:30:00,22.5049991607666,22.777000427246094,21.163000106811523,21.257999420166016,569097000,21.170974731445312
2022-04-18 09:30:00,21.200000762939453,22.08799934387207,21.07900047302246,21.783000946044922,525701000,21.693830490112305
2022-04-19 09:30:00,21.719999313354492,22.37299919128418,21.31399917602539,22.197999954223633,512781000,22.107128143310547
2022-04-20 09:30:00,22.517000198364258,22.670000076293945,21.200000762939453,21.48200035095215,468974000,21.39405632019043
2022-04-21 09:30:00,21.708999633789062,22.392000198364258,20.0,20.183000564575195,656209000,20.100370407104492
2022-04-22 09:30:00,20.30299949645996,20.486000061035156,19.5,19.514999389648438,624713000,19.43511199951172
2022-04-25 09:30:00,19.20199966430664,19.94499969482422,19.09600067138672,19.902000427246094,641566000,19.820524215698242
2022-04-26 09:30:00,19.718000411987305,19.788000106811523,18.670000076293945,18.788000106811523,653143000,18.711084365844727
2022-04-27 09:30:00,18.597999572753906,19.16699981689453,18.290000915527344,18.415000915527344,499460000,18.339614868164062
2022-04-28 09:30:00,18.966999053955078,20.03700065612793,18.489999771118164,19.781999588012695,570327000,19.701017379760742
2022-04-29 09:30:00,19.402000427246094,20.128000259399414,18.517000198364258,18.547000885009766,500435000,18.471080780029297
2022-05-02 09:30:00,18.541000366210938,19.573999404907227,18.391000747680664,19.533000946044922,572049000,19.45303726196289
2022-05-03 09:30:00,19.399999618530273,19.825000762939453,19.132999420166016,19.601999282836914,475751000,19.52175521850586
2022-05-04 09:30:00,19.92300033569336,20.399999618530273,18.750999450683594,20.333999633789062,648855000,20.25075912475586
2022-05-05 09:30:00,19.867000579833984,19.924999237060547,18.5,18.8439998626709,626331000,18.766857147216797
2022-05-06 09:30:00,18.736000061035156,19.511999130249023,17.989999771118164,18.674999237060547,633297000,18.598546981811523
2022-05-09 09:30:00,18.034000396728516,18.2549991607666,16.82699966430664,16.950000762939453,644455000,16.880611419677734
2022-05-10 09:30:00,17.68899917602539,18.197999954223633,17.024999618530273,17.594999313354492,761474000,17.522966384887695
2022-05-11 09:30:00,17.347000122070312,17.753000259399414,16.56800079345703,16.6299991607666,670167000,16.56192398071289
2022-05-12 09:30:00,16.2189998626709,16.788000106811523,15.567000389099121,16.174999237060547,708728000,16.108789443969727
2022-05-13 09:30:00,16.788000106811523,17.92799949645996,16.593000411987305,17.70599937438965,670437000,17.633514404296875
2022-05-16 09:30:00,17.509000778198242,17.788000106811523,17.106000900268555,17.263999938964844,521446000,17.19332504272461
2022-05-17 09:30:00,18.073999404907227,18.371000289916992,17.634000778198242,18.177000045776367,585830000,18.102588653564453
2022-05-18 09:30:00,17.704999923706055,18.118000030517578,16.86400032043457,16.937999725341797,545161000,16.8686580657959
2022-05-19 09:30:00,16.937000274658203,17.687000274658203,16.733999252319336,17.124000549316406,621310000,17.05389976501465
2022-05-20 09:30:00,17.332000732421875,17.40999984741211,15.755000114440918,16.694000244140625,739105000,16.625656127929688
2022-05-23 09:30:00,16.27400016784668,16.915000915527344,16.179000854492188,16.898000717163086,639889000,16.828828811645508
2022-05-24 09:30:00,16.510000228881836,16.597000122070312,15.779999732971191,16.15399932861328,588550000,16.087867736816406
2022-05-25 09:30:00,16.020000457763672,17.111000061035156,16.0,16.975000381469727,781132000,16.905508041381836
2022-05-26 09:30:00,16.035999298095703,18.091999053955078,16.02199935913086,17.85099983215332,996575000,17.777925491333008
2022-05-27 09:30:00,18.18600082397461,18.881000518798828,18.100000381469727,18.81100082397461,738379000,18.733993530273438
2022-05-31 09:30:00,18.979999542236328,19.200000762939453,18.350000381469727,18.672000885009766,664100000,18.595558166503906
2022-06-01 09:30:00,18.724000930786133,19.05299949645996,18.121999740600586,18.31999969482422,544514000,18.2450008392334
2022-06-02 09:30:00,18.29199981689453,19.618999481201172,18.197999954223633,19.591999053955078,648656000,19.511791229248047
2022-06-03 09:30:00,19.082000732421875,19.332000732421875,18.52199935913086,18.719999313354492,598779000,18.64336585998535
2022-06-06 09:30:00,19.138999938964844,19.336999893188477,18.56399917602539,18.785999298095703,422406000,18.709095001220703
2022-06-07 09:30:00,18.472000122070312,19.0,18.187999725341797,18.926000595092773,388914000,18.848522186279297
2022-06-08 09:30:00,18.798999786376953,19.18000030517578,18.53499984741211,18.648000717163086,363252000,18.575586318969727
2022-06-09 09:30:00,18.481000900268555,18.933000564575195,18.041000366210938,18.04800033569336,395574000,17.97791862487793
2022-06-10 09:30:00,17.600000381469727,17.69700050354004,16.868999481201172,16.974000930786133,465248000,16.9080867767334
2022-06-13 09:30:00,16.0,16.312000274658203,15.605999946594238,15.647000312805176,604153000,15.586238861083984
2022-06-14 09:30:00,15.730999946594238,16.06599998474121,15.411999702453613,15.836000442504883,469680000,15.774504661560059
2022-06-15 09:30:00,16.094999313354492,16.868000030517578,15.925999641418457,16.527000427246094,563936000,16.46282196044922
2022-06-16 09:30:00,15.859999656677246,15.942000389099121,15.401000022888184,15.60099983215332,545749000,15.540417671203613
2022-06-17 09:30:00,15.64799976348877,15.994999885559082,15.32800006866455,15.880000114440918,630334000,15.818333625793457
2022-06-21 09:30:00,16.475000381469727,17.007999420166016,16.406999588012695,16.56599998474121,483089000,16.50167465209961
2022-06-22 09:30:00,16.22599983215332,16.66200065612793,16.18000030517578,16.360000610351562,437135000,16.29647445678711
2022-06-23 09:30:00,16.518999099731445,16.584999084472656,15.852999687194824,16.225000381469727,463680000,16.161991119384766
2022-06-24 09:30:00,16.5,17.139999389648438,16.309999465942383,17.125999450683594,472153000,17.059499740600586
2022-06-27 09:30:00,17.312000274658203,17.329999923706055,16.625999450683594,16.868999481201172,427968000,16.80349349975586
2022-06-28 09:30:00,16.899999618530273,17.20199966430664,15.944999694824219,15.982000350952148,461149000,15.919938087463379
2022-06-29 09:30:00,15.814000129699707,15.819999694824219,15.170000076293945,15.541999816894531,482352000,15.481648445129395
2022-06-30 09:30:00,15.361000061035156,15.567000389099121,14.862000465393066,15.159000396728516,686070000,15.100135803222656
2022-07-01 09:30:00,14.89900016784668,15.062999725341797,14.392000198364258,14.52299976348877,577610000,14.46660327911377
2022-07-05 09:30:00,14.175000190734863,14.970999717712402,14.055000305175781,14.96399974822998,651397000,14.905891418457031
2022-07-06 09:30:00,15.010000228881836,15.319000244140625,14.788999557495117,15.130000114440918,529066000,15.071246147155762
2022-07-07 09:30:00,15.456000328063965,15.944999694824219,15.388999938964844,15.857999801635742,492903000,15.796420097351074
2022-07-08 09:30:00,15.430000305175781,16.03700065612793,15.388999938964844,15.838000297546387,467972000,15.776497840881348
2022-07-11 09:30:00,15.526000022888184,15.527000427246094,15.038000106811523,15.152000427246094,437321000,15.093161582946777
2022-07-12 09:30:00,15.267999649047852,15.430999755859375,14.876999855041504,15.081999778747559,458483000,15.02343463897705
2022-07-13 09:30:00,14.59000015258789,15.375,14.46500015258789,15.163999557495117,521918000,15.105113983154297
2022-07-14 09:30:00,15.107999801635742,15.472999572753906,14.727999687194824,15.371999740600586,456235000,15.31230640411377
2022-07-15 09:30:00,15.659000396728516,15.781999588012695,15.444999694824219,15.76200008392334,385935000,15.700794219970703
2022-07-18 09:30:00,16.302000045776367,16.89699935913086,16.00200080871582,16.10099983215332,670517000,16.038480758666992
2022-07-19 09:30:00,16.486000061035156,17.110000610351562,16.172000885009766,16.992000579833984,702366000,16.926015853881836
2022-07-20 09:30:00,16.94700050354004,17.933000564575195,16.801000595092773,17.80699920654297,760538000,17.73785400390625
2022-07-21 09:30:00,17.885000228881836,18.143999099731445,17.545000076293945,18.049999237060547,557049000,17.979907989501953
2022-07-22 09:30:00,17.89299964904785,17.966999053955078,17.136999130249023,17.319000244140625,536671000,17.25174331665039
2022-07-25 09:30:00,17.018999099731445,17.124000549316406,16.64900016784668,17.02400016784668,480748000,16.957895278930664
2022-07-26 09:30:00,16.888999938964844,16.91900062561035,16.47800064086914,16.533000946044922,397865000,16.468799591064453
2022-07-27 09:30:00,17.031999588012695,17.93600082397461,16.913000106811523,17.790000915527344,569776000,17.720918655395508
2022-07-28 09:30:00,17.975000381469727,18.139999389648438,17.440000534057617,17.983999252319336,474646000,17.914161682128906
2022-07-29 09:30:00,17.812999725341797,18.243999481201172,17.691999435424805,18.163000106811523,435460000,18.092472076416016
2022-08-01 09:30:00,18.18199920654297,18.84600067138672,17.989999771118164,18.44099998474121,476469000,18.3693904876709
2022-08-02 09:30:00,18.121999740600586,18.937999725341797,18.091999053955078,18.525999069213867,489527000,18.454055786132812
2022-08-03 09:30:00,18.18400001525879,18.968000411987305,18.136999130249023,18.89299964904785,418146000,18.81963539123535
2022-08-04 09:30:00,18.849000930786133,19.27400016784668,18.760000228881836,19.21500015258789,409652000,19.140384674072266
2022-08-05 09:30:00,18.809999465942383,19.229000091552734,18.666000366210938,18.98900032043457,386068000,18.915264129638672
2022-08-08 09:30:00,17.50200080871582,18.23900032043457,17.242000579833984,17.792999267578125,981859000,17.723907470703125
2022-08-09 09:30:00,17.25200080871582,17.44700050354004,16.724000930786133,17.086000442504883,668263000,17.0196533203125
2022-08-10 09:30:00,17.697999954223633,18.118000030517578,17.316999435424805,18.097000122070312,597422000,18.026723861694336
2022-08-11 09:30:00,18.131000518798828,18.707000732421875,17.875999450683594,17.941999435424805,509327000,17.87232780456543
2022-08-12 09:30:00,18.15999984741211,18.718000411987305,17.952999114990234,18.708999633789062,478094000,18.6363468170166
2022-08-15 09:30:00,18.701000213623047,19.163999557495117,18.613000869750977,19.031999588012695,457666000,18.958097457885742
2022-08-16 09:30:00,18.920000076293945,19.142000198364258,18.500999450683594,18.878999710083008,451240000,18.805688858032227
2022-08-17 09:30:00,18.523000717163086,18.687999725341797,18.145000457763672,18.334999084472656,446799000,18.263803482055664
2022-08-18 09:30:00,18.301000595092773,18.864999771118164,18.183000564575195,18.773000717163086,415447000,18.700103759765625
2022-08-19 09:30:00,18.4060001373291,18.520000457763672,17.770000457763672,17.849000930786133,441588000,17.779687881469727
2022-08-22 09:30:00,17.489999771118164,17.558000564575195,16.965999603271484,17.034000396728516,409593000,16.96785545349121
2022-08-23 09:30:00,16.98900032043457,17.46500015258789,16.969999313354492,17.180999755859375,369986000,17.11427879333496
2022-08-24 09:30:00,17.011999130249023,17.4060001373291,16.895000457763672,17.222000122070312,522661000,17.15512466430664
2022-08-25 09:30:00,16.8439998626709,17.94700050354004,16.83300018310547,17.913000106811523,770691000,17.84344482421875
2022-08-26 09:30:00,17.85700035095215,17.923999786376953,16.23699951171875,16.260000228881836,769127000,16.19685935974121
2022-08-29 09:30:00,16.020000457763672,16.33799934387207,15.767000198364258,15.800999641418457,496132000,15.739641189575195
2022-08-30 09:30:00,15.960000038146973,16.038999557495117,15.182000160217285,15.468000411987305,530181000,15.40793514251709
2022-08-31 09:30:00,15.383999824523926,15.539999961853027,14.958999633789062,15.093999862670898,573710000,15.03538703918457
2022-09-01 09:30:00,14.208999633789062,14.380000114440918,13.270000457763672,13.937000274658203,1178865000,13.882879257202148
2022-09-02 09:30:00,14.100000381469727,14.170999526977539,13.590999603271484,13.647000312805176,743157000,13.59400463104248
2022-09-06 09:30:00,13.730999946594238,13.779000282287598,13.35099983215332,13.46500015258789,535751000,13.412714004516602
2022-09-07 09:30:00,13.562999725341797,13.838000297546387,13.345999717712402,13.71399974822998,512657000,13.664804458618164
2022-09-08 09:30:00,13.458999633789062,14.008000373840332,13.369000434875488,13.989999771118164,624873000,13.93981647491455
2022-09-09 09:30:00,14.156999588012695,14.473999977111816,14.12600040435791,14.38700008392334,486612000,14.335390090942383
2022-09-12 09:30:00,14.369000434875488,14.54699993133545,14.197999954223633,14.505000114440918,484159000,14.452966690063477
2022-09-13 09:30:00,13.802000045776367,13.92199993133545,13.098999977111816,13.130999565124512,714956000,13.083895683288574
2022-09-14 09:30:00,13.253999710083008,13.289999961853027,12.913000106811523,13.128000259399414,588507000,13.080907821655273
2022-09-15 09:30:00,13.015000343322754,13.232999801635742,12.789999961853027,12.928999900817871,523625000,12.882619857788086
2022-09-16 09:30:00,12.741999626159668,13.211999893188477,12.616999626159668,13.197999954223633,670751000,13.150654792785645
2022-09-19 09:30:00,13.01200008392334,13.463000297546387,13.010000228881836,13.381999969482422,569685000,13.333995819091797
2022-09-20 09:30:00,13.21500015258789,13.482999801635742,13.057000160217285,13.175999641418457,524818000,13.12873363494873
2022-09-21 09:30:00,13.213000297546387,14.031000137329102,13.109999656677246,13.26099967956543,807679000,13.213433265686035
2022-09-22 09:30:00,13.069999694824219,13.14900016784668,12.428000450134277,12.560999870300293,759162000,12.515941619873047
2022-09-23 09:30:00,12.420000076293945,12.611000061035156,12.256999969482422,12.515999794006348,663309000,12.47110366821289
2022-09-26 09:30:00,12.491000175476074,12.659000396728516,12.21399974822998,12.227999687194824,547343000,12.184137344360352
2022-09-27 09:30:00,12.506999969482422,12.736000061035156,12.258000373840332,12.413000106811523,553854000,12.368473052978516
2022-09-28 09:30:00,12.40999984741211,12.822999954223633,12.354000091552734,12.736000061035156,542414000,12.690314292907715
2022-09-29 09:30:00,12.447999954223633,12.5,11.946000099182129,12.220000267028809,532763000,12.176164627075195
2022-09-30 09:30:00,12.086999893188477,12.633000373840332,12.074999809265137,12.138999938964844,565638000,12.095454216003418
2022-10-03 09:30:00,12.347000122070312,12.678000450134277,12.104999542236328,12.51200008392334,547478000,12.467116355895996
2022-10-04 09:30:00,12.878999710083008,13.220000267028809,12.878999710083008,13.166999816894531,584182000,13.119767189025879
2022-10-05 09:30:00,12.91100025177002,13.321000099182129,12.621000289916992,13.208999633789062,507131000,13.16161823272705
2022-10-06 09:30:00,13.220000267028809,13.656000137329102,13.102999687194824,13.130000114440918,644157000,13.08289909362793
2022-10-07 09:30:00,12.505000114440918,12.670000076293945,12.022000312805176,12.076000213623047,672478000,12.032682418823242
2022-10-10 09:30:00,12.036999702453613,12.12399959564209,11.407999992370605,11.670000076293945,698699000,11.62813663482666
2022-10-11 09:30:00,11.560999870300293,11.845999717712402,11.282999992370605,11.586000442504883,667482000,11.544440269470215
2022-10-12 09:30:00,11.579000473022461,11.734999656677246,11.345000267028809,11.5,492590000,11.458745002746582
2022-10-13 09:30:00,10.970999717712402,12.07800006866455,10.812999725341797,11.960000038146973,850103000,11.917096138000488
2022-10-14 09:30:00,12.057000160217285,12.111000061035156,11.204000473022461,11.22700023651123,713432000,11.186728477478027
2022-10-17 09:30:00,11.517999649047852,11.947999954223633,11.517000198364258,11.887999534606934,580774000,11.845355987548828
2022-10-18 09:30:00,12.343999862670898,12.491999626159668,11.618000030517578,11.967000007629395,659362000,11.924072265625
2022-10-19 09:30:00,11.878999710083008,12.350000381469727,11.833999633789062,12.050999641418457,523131000,12.007770538330078
2022-10-20 09:30:00,12.11299991607666,12.769000053405762,12.104999542236328,12.194000244140625,652398000,12.15025806427002
2022-10-21 09:30:00,12.097999572753906,12.498000144958496,11.88700008392334,12.465999603271484,609494000,12.421282768249512
2022-10-24 09:30:00,12.508000373840332,12.710000038146973,12.064000129699707,12.598999977111816,517457000,12.55380630493164
2022-10-25 09:30:00,12.694000244140625,13.300000190734863,12.663999557495117,13.26099967956543,505482000,13.213433265686035
2022-10-26 09:30:00,12.869000434875488,13.387999534606934,12.708000183105469,12.895999908447266,532953000,12.849738121032715
2022-10-27 09:30:00,13.630000114440918,13.838000297546387,13.121999740600586,13.175999641418457,583113000,13.12873363494873
2022-10-28 09:30:00,13.104000091552734,13.850000381469727,13.060999870300293,13.833999633789062,521040000,13.784374237060547
2022-10-31 09:30:00,13.777999877929688,13.838000297546387,13.29699993133545,13.496999740600586,486341000,13.448583602905273
2022-11-01 09:30:00,13.810999870300293,13.925000190734863,13.519000053405762,13.543000221252441,432817000,13.494417190551758
2022-11-02 09:30:00,13.850000381469727,14.210000038146973,13.211000442504883,13.218999862670898,672628000,13.17158031463623
2022-11-03 09:30:00,13.043000221252441,13.781000137329102,12.956000328063965,13.420999526977539,500065000,13.372857093811035
2022-11-04 09:30:00,13.986000061035156,14.229000091552734,13.696999549865723,14.156000137329102,612576000,14.105219841003418
2022-11-07 09:30:00,14.227999687194824,14.411999702453613,13.954000473022461,14.300999641418457,410061000,14.249698638916016
2022-11-08 09:30:00,14.800999641418457,14.890999794006348,14.215999603271484,14.60200023651123,595292000,14.549619674682617
2022-11-09 09:30:00,14.161999702453613,14.211000442504883,13.758999824523926,13.776000022888184,454414000,13.726581573486328
2022-11-10 09:30:00,14.800000190734863,15.77299976348877,14.54699993133545,15.75,700819000,15.693502426147461
2022-11-11 09:30:00,15.807000160217285,16.388999938964844,15.482000350952148,16.32699966430664,655487000,16.268428802490234
2022-11-14 09:30:00,16.218000411987305,16.540000915527344,15.92199993133545,16.295000076293945,527852000,16.236547470092773
2022-11-15 09:30:00,16.722000122070312,16.99799919128418,16.381999969482422,16.666000366210938,545876000,16.606216430664062
2022-11-16 09:30:00,16.16200065612793,16.36199951171875,15.873000144958496,15.90999984741211,649547000,15.852927207946777
2022-11-17 09:30:00,15.71500015258789,16.266000747680664,15.53499984741211,15.677000045776367,710894000,15.62076473236084
2022-11-18 09:30:00,15.965999603271484,16.00200080871582,15.119999885559082,15.409000396728516,492072000,15.353726387023926
2022-11-21 09:30:00,15.147000312805176,15.47700023651123,15.079999923706055,15.317000389099121,404739000,15.262055397033691
2022-11-22 09:30:00,15.32800006866455,16.058000564575195,15.121999740600586,16.038000106811523,472866000,15.980469703674316
2022-11-23 09:30:00,16.097999572753906,16.527000427246094,16.04800033569336,16.518999099731445,427241000,16.459741592407227
2022-11-25 09:30:00,16.31800079345703,16.48699951171875,16.172000885009766,16.270000457763672,167934000,16.211637496948242
2022-11-28 09:30:00,16.025999069213867,16.35700035095215,15.725000381469727,15.82699966430664,303741000,15.770224571228027
2022-11-29 09:30:00,15.82699966430664,15.932000160217285,15.520000457763672,15.638999938964844,298384000,15.582898139953613
2022-11-30 09:30:00,15.696999549865723,16.93000030517578,15.597000122070312,16.92300033569336,565298000,16.866607666015625
2022-12-01 09:30:00,16.999000549316406,17.264999389648438,16.635000228881836,17.135000228881836,470977000,17.077898025512695
2022-12-02 09:30:00,16.659000396728516,16.933000564575195,16.44499969482422,16.875999450683594,371389000,16.819761276245117
2022-12-05 09:30:00,16.679000854492188,16.9950008392334,16.472000122070312,16.610000610351562,352255000,16.554655075073242
2022-12-06 09:30:00,16.530000686645508,16.572999954223633,15.819000244140625,15.987000465393066,352694000,15.93372631072998
2022-12-07 09:30:00,15.772000312805176,16.18600082397461,15.666999816894531,16.1200008392334,372388000,16.066282272338867
2022-12-08 09:30:00,16.273000717163086,17.179000854492188,15.958999633789062,17.16900062561035,515456000,17.111791610717773
2022-12-09 09:30:00,17.15999984741211,17.58300018310547,16.975000381469727,17.000999450683594,465338000,16.944345474243164
2022-12-12 09:30:00,17.03700065612793,17.538000106811523,16.797000885009766,17.53499984741211,457328000,17.4765682220459
2022-12-13 09:30:00,18.5310001373291,18.790000915527344,17.711000442504883,18.07200050354004,656589000,18.011777877807617
2022-12-14 09:30:00,17.98699951171875,18.25200080871582,17.420000076293945,17.673999786376953,496888000,17.615102767944336
2022-12-15 09:30:00,17.145999908447266,17.31999969482422,16.700000762939453,16.95199966430664,478542000,16.895511627197266
2022-12-16 09:30:00,16.86400032043457,17.041000366210938,16.40999984741211,16.570999145507812,478232000,16.515783309936523
2022-12-19 09:30:00,16.57200050354004,16.608999252319336,16.145000457763672,16.253999710083008,354039000,16.199838638305664
2022-12-20 09:30:00,16.06399917602539,16.309999465942383,15.85200023651123,16.084999084472656,403260000,16.031400680541992
2022-12-21 09:30:00,16.11400032043457,16.62700080871582,16.101999282836914,16.500999450683594,325025000,16.44601821899414
2022-12-22 09:30:00,16.0939998626709,16.13800048828125,14.881999969482422,15.33899974822998,565045000,15.287885665893555
2022-12-23 09:30:00,15.196000099182129,15.33899974822998,14.883000373840332,15.206000328063965,349326000,15.155328750610352
2022-12-27 09:30:00,15.074000358581543,15.100000381469727,14.055999755859375,14.121000289916992,464902000,14.073945999145508
2022-12-28 09:30:00,13.927000045776367,14.26200008392334,13.883999824523926,14.03600025177002,351066000,13.989228248596191
2022-12-29 09:30:00,14.402000427246094,14.682999610900879,14.22700023651123,14.602999687194824,354923000,14.554337501525879
2022-12-30 09:30:00,14.333999633789062,14.628999710083008,14.232999801635742,14.61400032043457,310490000,14.565301895141602
2023-01-03 09:30:00,14.85099983215332,14.996000289916992,14.095999717712402,14.3149995803833,401277000,14.267297744750977
2023-01-04 09:30:00,14.567000389099121,14.852999687194824,14.241000175476074,14.74899959564209,431324000,14.699851989746094
2023-01-05 09:30:00,14.491000175476074,14.564000129699707,14.14799976348877,14.265000343322754,389168000,14.2174654006958
2023-01-06 09:30:00,14.473999977111816,15.010000228881836,14.034000396728516,14.859000205993652,405044000,14.809486389160156
2023-01-09 09:30:00,15.284000396728516,16.055999755859375,15.140999794006348,15.628000259399414,504231000,15.575923919677734
2023-01-10 09:30:00,15.506999969482422,15.961999893188477,15.472000122070312,15.909000396728516,384101000,15.855986595153809
2023-01-11 09:30:00,15.84000015258789,16.027999877929688,15.562999725341797,16.000999450683594,353285000,15.947678565979004
2023-01-12 09:30:00,16.100000381469727,16.636999130249023,15.491999626159668,16.51099967956543,551409000,16.455978393554688
2023-01-13 09:30:00,16.277999877929688,16.922000885009766,16.165000915527344,16.89900016784668,447287000,16.84268569946289
2023-01-17 09:30:00,16.89900016784668,17.72800064086914,16.89900016784668,17.70199966430664,511102000,17.643009185791016
2023-01-18 09:30:00,17.66699981689453,17.87299919128418,17.281999588012695,17.37700080871582,439624000,17.319095611572266
2023-01-19 09:30:00,17.035999298095703,17.19700050354004,16.731000900268555,16.764999389648438,452932000,16.709131240844727
2023-01-20 09:30:00,17.01099967956543,17.856000900268555,16.825000762939453,17.839000701904297,564967000,17.779556274414062
2023-01-23 09:30:00,18.06399917602539,19.2450008392334,17.81800079345703,19.19300079345703,655163000,19.129047393798828
2023-01-24 09:30:00,18.82699966430664,19.4950008392334,18.81999969482422,19.264999389648438,496204000,19.200803756713867
2023-01-25 09:30:00,18.913000106811523,19.3700008392334,18.579999923706055,19.322999954223633,449537000,19.258615493774414
2023-01-26 09:30:00,19.701000213623047,20.166000366210938,19.277999877929688,19.802000045776367,489535000,19.736019134521484
2023-01-27 09:30:00,19.461999893188477,20.628000259399414,19.405000686645508,20.364999771118164,542142000,20.297138214111328
2023-01-30 09:30:00,19.950000762939453,20.139999389648438,19.149999618530273,19.16200065612793,488611000,19.09814453125
2023-01-31 09:30:00,19.170000076293945,19.687000274658203,18.950000762939453,19.53700065612793,498017000,19.471900939941406
2023-02-01 09:30:00,19.69099998474121,21.191999435424805,19.611000061035156,20.94300079345703,660477000,20.873214721679688
2023-02-02 09:30:00,21.0,21.948999404907227,20.700000762939453,21.708999633789062,564276000,21.636659622192383
2023-02-03 09:30:00,21.0,21.7450008392334,20.788999557495117,21.100000381469727,429366000,21.029685974121094
2023-02-06 09:30:00,20.805999755859375,21.56999969482422,20.785999298095703,21.089000701904297,452197000,21.01872444152832
2023-02-07 09:30:00,21.381999969482422,22.259000778198242,21.149999618530273,22.17300033569336,664150000,22.0991153717041
2023-02-08 09:30:00,22.386999130249023,22.878000259399414,22.007999420166016,22.204999923706055,559651000,22.13100814819336
2023-02-09 09:30:00,22.606000900268555,23.020000457763672,22.1200008392334,22.336999893188477,523876000,22.2625675201416
2023-02-10 09:30:00,21.690000534057617,22.077999114990234,20.81100082397461,21.264999389648438,550737000,21.19413948059082
2023-02-13 09:30:00,21.538000106811523,22.04800033569336,20.961999893188477,21.788000106811523,474919000,21.715394973754883
2023-02-14 09:30:00,21.577999114990234,23.048999786376953,21.365999221801758,22.97100067138672,675474000,22.894453048706055
2023-02-15 09:30:00,22.548999786376953,22.854999542236328,22.106000900268555,22.763999938964844,420575000,22.688142776489258
2023-02-16 09:30:00,22.132999420166016,22.549999237060547,21.927000045776367,22.00200080871582,412026000,21.92868423461914
2023-02-17 09:30:00,21.631000518798828,21.739999771118164,20.975000381469727,21.38800048828125,465888000,21.31673240661621
2023-02-21 09:30:00,21.0,21.493999481201172,20.618000030517578,20.655000686645508,410015000,20.586172103881836
2023-02-22 09:30:00,20.707000732421875,21.104000091552734,20.42099952697754,20.753999710083008,513184000,20.684837341308594
2023-02-23 09:30:00,23.440000534057617,23.88800048828125,23.024999618530273,23.663999557495117,1117995000,23.585145950317383
2023-02-24 09:30:00,23.225000381469727,23.474000930786133,22.94700050354004,23.285999298095703,589716000,23.208402633666992
2023-02-27 09:30:00,23.670000076293945,23.8799991607666,23.45400047302246,23.500999450683594,452994000,23.42268943786621
2023-02-28 09:30:00,23.371999740600586,23.825000762939453,23.20599937438965,23.215999603271484,455963000,23.13863754272461
2023-03-01 09:30:00,23.191999435424805,23.256000518798828,22.507999420166016,22.697999954223633,460026000,22.622360229492188
2023-03-02 09:30:00,22.488000869750977,23.3799991607666,22.43199920654297,23.31399917602539,389415000,23.236312866210938
2023-03-03 09:30:00,23.31999969482422,23.899999618530273,23.1299991607666,23.889999389648438,412393000,23.810388565063477
2023-03-06 09:30:00,23.891000747680664,24.24799919128418,23.48699951171875,23.554000854492188,437429000,23.47551155090332
2023-03-07 09:30:00,23.600000381469727,24.125,23.240999221801758,23.288000106811523,515154000,23.21434211730957
2023-03-08 09:30:00,23.48699951171875,24.200000762939453,23.423999786376953,24.180999755859375,513573000,24.10451316833496
2023-03-09 09:30:00,24.174999237060547,24.45400047302246,23.382999420166016,23.43600082397461,501257000,23.36187171936035
2023-03-10 09:30:00,23.409000396728516,23.62700080871582,22.72599983215332,22.96500015258789,474866000,22.89236068725586
2023-03-13 09:30:00,22.75200080871582,23.29800033569336,22.297000885009766,22.965999603271484,421890000,22.893356323242188
2023-03-14 09:30:00,23.496000289916992,24.2189998626709,23.459999084472656,24.062999725341797,474910000,23.986888885498047
2023-03-15 09:30:00,23.76099967956543,24.285999298095703,23.360000610351562,24.22800064086914,524486000,24.151369094848633
2023-03-16 09:30:00,24.027000427246094,25.58799934387207,23.893999099731445,25.541000366210938,583253000,25.46021270751953
2023-03-17 09:30:00,25.98200035095215,26.39900016784668,25.667999267578125,25.725000381469727,848547000,25.643634796142578
2023-03-20 09:30:00,25.614999771118164,26.02400016784668,25.1299991607666,25.899999618530273,432747000,25.818077087402344
2023-03-21 09:30:00,26.18000030517578,26.392000198364258,25.381000518798828,26.198999404907227,547408000,26.116130828857422
2023-03-22 09:30:00,26.424999237060547,27.589000701904297,26.23699951171875,26.468000411987305,797295000,26.384288787841797
2023-03-23 09:30:00,27.114999771118164,27.499000549316406,26.690000534057617,27.19099998474121,564889000,27.10499382019043
2023-03-24 09:30:00,27.0310001373291,27.16699981689453,26.354999542236328,26.77899932861328,454920000,26.694297790527344
2023-03-27 09:30:00,26.836999893188477,27.0,26.364999771118164,26.5310001373291,361026000,26.44708251953125
2023-03-28 09:30:00,26.44700050354004,26.51300048828125,25.850000381469727,26.40999984741211,356104000,26.326465606689453
2023-03-29 09:30:00,26.825000762939453,27.077999114990234,26.597000122070312,26.983999252319336,393694000,26.898649215698242
2023-03-30 09:30:00,27.229000091552734,27.499000549316406,27.101999282836914,27.382999420166016,364516000,27.296384811401367
2023-03-31 09:30:00,27.139999389648438,27.833999633789062,27.104999542236328,27.777000427246094,433933000,27.689144134521484
2023-04-03 09:30:00,27.509000778198242,28.0,27.336000442504883,27.96500015258789,398716000,27.876548767089844
2023-04-04 09:30:00,27.965999603271484,28.0,27.30699920654297,27.452999114990234,368592000,27.36616325378418
2023-04-05 09:30:00,26.82900047302246,26.99799919128418,26.395000457763672,26.881000518798828,515015000,26.795978546142578
2023-04-06 09:30:00,26.583999633789062,27.079999923706055,26.427000045776367,27.03700065612793,397654000,26.951478958129883
2023-04-10 09:30:00,26.822999954223633,27.621000289916992,26.66900062561035,27.57900047302246,395279000,27.49176597595215
2023-04-11 09:30:00,27.724000930786133,27.790000915527344,27.125999450683594,27.16900062561035,314378000,27.08306312561035
2023-04-12 09:30:00,27.3700008392334,27.468000411987305,26.447999954223633,26.4950008392334,446259000,26.41119384765625
2023-04-13 09:30:00,26.733999252319336,26.886999130249023,26.32900047302246,26.46299934387207,353615000,26.37929916381836
2023-04-14 09:30:00,26.503999710083008,26.882999420166016,26.219999313354492,26.757999420166016,395660000,26.673362731933594
2023-04-17 09:30:00,26.565000534057617,27.006000518798828,26.433000564575195,27.00200080871582,321471000,26.916595458984375
2023-04-18 09:30:00,27.533000946044922,28.110000610351562,27.35700035095215,27.66699981689453,604812000,27.57948875427246
2023-04-19 09:30:00,27.361000061035156,28.0,27.23200035095215,27.930999755859375,358660000,27.8426513671875
2023-04-20 09:30:00,27.67099952697754,28.030000686645508,27.0,27.104000091552734,427713000,27.018264770507812
2023-04-21 09:30:00,26.95199966430664,27.183000564575195,26.722000122070312,27.118999481201172,345103000,27.03322410583496
2023-04-24 09:30:00,27.01300048828125,27.365999221801758,26.67099952697754,27.04199981689453,339282000,26.956464767456055
2023-04-25 09:30:00,27.077999114990234,27.246999740600586,26.225000381469727,26.240999221801758,378527000,26.158000946044922
2023-04-26 09:30:00,27.00200080871582,27.329999923706055,26.704999923706055,26.95599937438965,406337000,26.870738983154297
2023-04-27 09:30:00,27.363000869750977,27.4950008392334,26.625,27.22599983215332,377161000,27.139888763427734
2023-04-28 09:30:00,27.225000381469727,27.757999420166016,27.070999145507812,27.749000549316406,292216000,27.66122817993164
2023-05-01 09:30:00,27.84000015258789,29.058000564575195,27.780000686645508,28.90999984741211,570329000,28.818557739257812
2023-05-02 09:30:00,28.68000030517578,28.836000442504883,28.08300018310547,28.209999084472656,402730000,28.120771408081055
2023-05-03 09:30:00,27.84000015258789,28.367000579833984,27.472000122070312,27.802000045776367,383387000,27.714061737060547
2023-05-04 09:30:00,27.650999069213867,27.858999252319336,27.239999771118164,27.562000274658203,321850000,27.474821090698242
2023-05-05 09:30:00,27.826000213623047,28.7549991607666,27.731000900268555,28.68000030517578,361494000,28.589284896850586
2023-05-08 09:30:00,28.52199935913086,29.219999313354492,28.350000381469727,29.150999069213867,344979000,29.058795928955078
2023-05-09 09:30:00,28.89900016784668,28.972999572753906,28.450000762939453,28.570999145507812,314869000,28.480628967285156
2023-05-10 09:30:00,29.0049991607666,29.113000869750977,28.461000442504883,28.885000228881836,369350000,28.793636322021484
2023-05-11 09:30:00,28.895999908447266,28.950000762939453,28.246000289916992,28.577999114990234,322149000,28.48760414123535
2023-05-12 09:30:00,28.52899932861328,28.780000686645508,28.04599952697754,28.34000015258789,274222000,28.2503604888916
2023-05-15 09:30:00,28.507999420166016,28.9689998626709,28.152000427246094,28.952999114990234,293926000,28.86142349243164
2023-05-16 09:30:00,28.840999603271484,29.8700008392334,28.832000732421875,29.21299934387207,449405000,29.12059783935547
2023-05-17 09:30:00,29.583999633789062,30.198999404907227,29.43000030517578,30.17799949645996,432535000,30.082550048828125
2023-05-18 09:30:00,30.40999984741211,31.827999114990234,30.31999969482422,31.67799949645996,748725000,31.577800750732422
2023-05-19 09:30:00,31.535999298095703,31.579999923706055,30.916000366210938,31.263999938964844,473908000,31.16511344909668
2023-05-22 09:30:00,30.900999069213867,31.520000457763672,30.68000030517578,31.176000595092773,372000000,31.077390670776367
2023-05-23 09:30:00,31.0,31.288000106811523,30.631000518798828,30.687999725341797,356253000,30.5909366607666
2023-05-24 09:30:00,30.209999084472656,30.60700035095215,29.805999755859375,30.538000106811523,721419000,30.441410064697266
2023-05-25 09:30:00,38.52299880981445,39.47999954223633,36.6349983215332,37.97999954223633,1543911000,37.85986328125
2023-05-26 09:30:00,37.88999938964844,39.16999816894531,37.54999923706055,38.94599914550781,714397000,38.822811126708984
2023-05-30 09:30:00,40.595001220703125,41.9379997253418,39.94900131225586,40.111000061035156,923401000,39.984127044677734
2023-05-31 09:30:00,39.487998962402344,40.29499816894531,37.821998596191406,37.83399963378906,1002580000,37.714324951171875
2023-06-01 09:30:00,38.48899841308594,40.04999923706055,38.34000015258789,39.77000045776367,635873000,39.64420700073242
2023-06-02 09:30:00,40.09700012207031,40.5,39.05799865722656,39.32699966430664,482731000,39.202606201171875
2023-06-05 09:30:00,38.909000396728516,39.564998626708984,38.707000732421875,39.17100143432617,396094000,39.04710006713867
2023-06-06 09:30:00,38.83000183105469,39.15999984741211,38.14799880981445,38.65399932861328,388729000,38.531734466552734
2023-06-07 09:30:00,38.915000915527344,39.499000549316406,37.35599899291992,37.474998474121094,511998000,37.36033248901367
2023-06-08 09:30:00,37.7239990234375,38.86399841308594,37.505001068115234,38.5099983215332,417772000,38.39216613769531
2023-06-09 09:30:00,39.0369987487793,39.71099853515625,38.56700134277344,38.77000045776367,427717000,38.65137481689453
2023-06-12 09:30:00,39.20000076293945,39.529998779296875,38.61800003051758,39.481998443603516,388701000,39.36119079589844
2023-06-13 09:30:00,40.18600082397461,41.10100173950195,39.7400016784668,41.02199935913086,613208000,40.896484375
2023-06-14 09:30:00,40.82400131225586,43.0,40.551998138427734,42.99700164794922,740465000,42.86543655395508
2023-06-15 09:30:00,42.60200119018555,43.28900146484375,42.14699935913086,42.65299987792969,568622000,42.522483825683594
2023-06-16 09:30:00,43.45000076293945,43.72100067138672,42.6609992980957,42.69200134277344,655709000,42.56137466430664
2023-06-20 09:30:00,42.99800109863281,43.9900016784668,42.67399978637695,43.80799865722656,451153000,43.67395782470703
2023-06-21 09:30:00,43.500999450683594,43.6150016784668,42.08000183105469,43.04499816894531,551603000,42.91328430175781
2023-06-22 09:30:00,42.25299835205078,43.42599868774414,42.23400115966797,43.025001525878906,417737000,42.89335250854492
2023-06-23 09:30:00,42.4640007019043,42.808998107910156,42.01499938964844,42.20899963378906,358140000,42.0798454284668
2023-06-26 09:30:00,42.46099853515625,42.763999938964844,40.099998474121094,40.63199996948242,594322000,40.50767135620117
2023-06-27 09:30:00,40.79899978637695,41.939998626708984,40.448001861572266,41.875999450683594,462175000,41.747867584228516
2023-06-28 09:30:00,40.65999984741211,41.845001220703125,40.518001556396484,41.117000579833984,582639000,40.99119186401367
2023-06-29 09:30:00,41.55799865722656,41.599998474121094,40.599998474121094,40.821998596191406,380514000,40.697086334228516
2023-06-30 09:30:00,41.68000030517578,42.54999923706055,41.500999450683594,42.301998138427734,501148000,42.17256164550781
2023-07-03 09:30:00,42.516998291015625,42.89799880981445,42.20199966430664,42.41299819946289,198209000,42.283226013183594
2023-07-05 09:30:00,42.1349983215332,43.176998138427734,42.084999084472656,42.31700134277344,323618000,42.18751907348633
2023-07-06 09:30:00,41.84400177001953,42.17900085449219,41.34600067138672,42.10300064086914,303582000,41.974178314208984
2023-07-07 09:30:00,42.321998596191406,43.2140007019043,42.18000030517578,42.50299835205078,355881000,42.372947692871094
2023-07-10 09:30:00,42.65700149536133,42.81100082397461,41.64899826049805,42.18000030517578,353908000,42.050933837890625
2023-07-11 09:30:00,42.48099899291992,42.757999420166016,42.06700134277344,42.404998779296875,298244000,42.27524185180664
2023-07-12 09:30:00,43.03300094604492,43.935001373291016,42.777000427246094,43.902000427246094,481277000,43.767669677734375
2023-07-13 09:30:00,44.518001556396484,46.154998779296875,44.492000579833984,45.97700119018555,478204000,45.83631896972656
2023-07-14 09:30:00,46.58300018310547,48.0880012512207,45.060001373291016,45.46900177001953,772075000,45.329872131347656
2023-07-17 09:30:00,46.28900146484375,46.49599838256836,45.262001037597656,46.46099853515625,510488000,46.3188362121582
2023-07-18 09:30:00,46.70100021362305,47.895999908447266,45.73400115966797,47.49399948120117,569164000,47.34867858886719
2023-07-19 09:30:00,47.4640007019043,47.81800079345703,46.742000579833984,47.07699966430664,427502000,46.932952880859375
2023-07-20 09:30:00,46.50699996948242,47.08700180053711,45.0620002746582,45.52000045776367,537865000,45.380714416503906
2023-07-21 09:30:00,45.78799819946289,45.86600112915039,44.099998474121094,44.308998107910156,963769000,44.17341232299805
2023-07-24 09:30:00,44.73099899291992,45.10900115966797,44.040000915527344,44.61199951171875,382516000,44.47549819946289
2023-07-25 09:30:00,44.941001892089844,46.18299865722656,44.92300033569336,45.67900085449219,348081000,45.53923416137695
2023-07-26 09:30:00,46.020999908447266,46.053001403808594,44.630001068115234,45.45199966430664,364237000,45.312931060791016
2023-07-27 09:30:00,46.51900100708008,47.39500045776367,45.75,45.900001525878906,455976000,45.75955581665039
2023-07-28 09:30:00,46.667999267578125,47.027000427246094,46.38100051879883,46.75,331194000,46.606956481933594
2023-07-31 09:30:00,46.75400161743164,47.130001068115234,46.50600051879883,46.729000091552734,251055000,46.58600616455078
2023-08-01 09:30:00,46.459999084472656,46.900001525878906,46.027000427246094,46.50699996948242,237858000,46.36469650268555
2023-08-02 09:30:00,45.83100128173828,45.84000015258789,43.387001037597656,44.26900100708008,530142000,44.133541107177734
2023-08-03 09:30:00,43.79999923706055,45.11800003051758,43.79999923706055,44.51499938964844,324176000,44.3787841796875
2023-08-04 09:30:00,44.98500061035156,45.641998291015625,44.393001556396484,44.68000030517578,362666000,44.54329299926758
2023-08-07 09:30:00,45.111000061035156,45.540000915527344,44.5629997253418,45.41699981689453,322154000,45.278038024902344
2023-08-08 09:30:00,44.85300064086914,45.242000579833984,44.055999755859375,44.66400146484375,353843000,44.5273323059082
2023-08-09 09:30:00,44.27399826049805,44.3120002746582,42.13399887084961,42.55400085449219,586449000,42.423797607421875
2023-08-10 09:30:00,42.15999984741211,43.57400131225586,41.834999084472656,42.38800048828125,492705000,42.25829315185547
2023-08-11 09:30:00,41.750999450683594,42.018001556396484,40.638999938964844,40.85499954223633,533085000,40.72998809814453
2023-08-14 09:30:00,40.486000061035156,43.79999923706055,40.31100082397461,43.75299835205078,690286000,43.61912536621094
2023-08-15 09:30:00,44.560001373291016,45.268001556396484,43.709999084472656,43.939998626708984,676512000,43.8055534362793
2023-08-16 09:30:00,44.52000045776367,44.67499923706055,43.40599822998047,43.486000061035156,527451000,43.352935791015625
2023-08-17 09:30:00,43.970001220703125,44.0620002746582,43.000999450683594,43.34400177001953,452395000,43.21137237548828
2023-08-18 09:30:00,42.6349983215332,43.577999114990234,41.65999984741211,43.29899978637695,583768000,43.16651153564453
2023-08-21 09:30:00,44.49399948120117,47.064998626708984,44.22200012207031,46.96699905395508,692573000,46.82328796386719
2023-08-22 09:30:00,48.1349983215332,48.1870002746582,45.33300018310547,45.667999267578125,755293000,45.52825927734375
2023-08-23 09:30:00,45.86600112915039,47.20000076293945,45.20800018310547,47.11600112915039,779046000,46.97183609008789
2023-08-24 09:30:00,50.215999603271484,50.26599884033203,47.159000396728516,47.16299819946289,1156044000,47.01869201660156
2023-08-25 09:30:00,47.012001037597656,47.80500030517578,45.02399826049805,46.018001556396484,925341000,45.877193450927734
2023-08-28 09:30:00,46.481998443603516,46.97999954223633,44.88800048828125,46.834999084472656,685192000,46.69169616699219
2023-08-29 09:30:00,46.66600036621094,49.08100128173828,46.39099884033203,48.784000396728516,701397000,48.634727478027344
2023-08-30 09:30:00,49.04399871826172,49.926998138427734,48.42499923706055,49.263999938964844,735206000,49.11326217651367
2023-08-31 09:30:00,49.380001068115234,49.74399948120117,48.95800018310547,49.35499954223633,528570000,49.2039909362793
2023-09-01 09:30:00,49.762001037597656,49.79999923706055,48.141998291015625,48.50899887084961,463830000,48.36056900024414
2023-09-05 09:30:00,48.222999572753906,48.85100173950195,47.86000061035156,48.54800033569336,382653000,48.399452209472656
2023-09-06 09:30:00,48.441001892089844,48.54899978637695,46.58000183105469,47.06100082397461,468670000,46.92086410522461
2023-09-07 09:30:00,45.525001525878906,46.34400177001953,45.152000427246094,46.24100112915039,433330000,46.10330581665039
2023-09-08 09:30:00,45.94200134277344,46.60599899291992,45.270999908447266,45.571998596191406,473069000,45.4362907409668
2023-09-11 09:30:00,46.14799880981445,46.16299819946289,44.3120002746582,45.178001403808594,473966000,45.04347610473633
2023-09-12 09:30:00,44.737998962402344,45.67300033569336,44.53099822998047,44.869998931884766,349256000,44.736385345458984
2023-09-13 09:30:00,44.599998474121094,45.93000030517578,44.50299835205078,45.48500061035156,398355000,45.34955978393555
2023-09-14 09:30:00,45.95000076293945,45.98699951171875,45.13100051879883,45.58100128173828,370097000,45.445274353027344
2023-09-15 09:30:00,45.340999603271484,45.5989990234375,43.80799865722656,43.900001525878906,506831000,43.76927947998047
2023-09-18 09:30:00,42.74800109863281,44.242000579833984,42.0,43.965999603271484,500271000,43.835086822509766
2023-09-19 09:30:00,43.83300018310547,43.965999603271484,43.00199890136719,43.52000045776367,373064000,43.39040756225586
2023-09-20 09:30:00,43.599998474121094,43.90299987792969,42.222999572753906,42.23899841308594,367108000,42.113224029541016
2023-09-21 09:30:00,41.58300018310547,42.099998474121094,40.97999954223633,41.016998291015625,450736000,40.894859313964844
2023-09-22 09:30:00,41.571998596191406,42.1150016784668,41.23099899291992,41.61000061035156,479236000,41.4860954284668
2023-09-25 09:30:00,41.590999603271484,42.5359992980957,41.176998138427734,42.22200012207031,419091000,42.096275329589844
2023-09-26 09:30:00,42.000999450683594,42.81999969482422,41.654998779296875,41.9109992980957,402282000,41.786197662353516
2023-09-27 09:30:00,42.33000183105469,42.87200164794922,41.62900161743164,42.46799850463867,444935000,42.3415412902832
2023-09-28 09:30:00,42.459999084472656,43.44599914550781,42.1150016784668,43.0890007019043,424663000,42.9607048034668
2023-09-29 09:30:00,43.82699966430664,44.14400100708008,43.30699920654297,43.499000549316406,397830000,43.369476318359375
2023-10-02 09:30:00,44.029998779296875,45.17499923706055,43.861000061035156,44.78200149536133,433298000,44.64865493774414
2023-10-03 09:30:00,44.80799865722656,45.130001068115234,43.24599838256836,43.516998291015625,470850000,43.38741683959961
2023-10-04 09:30:00,43.742000579833984,44.143001556396484,43.29199981689453,44.04100036621094,361821000,43.909854888916016
2023-10-05 09:30:00,44.04999923706055,44.900001525878906,43.88800048828125,44.6879997253418,393483000,44.554931640625
2023-10-06 09:30:00,44.19300079345703,45.78900146484375,44.0260009765625,45.762001037597656,434436000,45.625736236572266
2023-10-09 09:30:00,44.84199905395508,45.60499954223633,44.36800003051758,45.27299880981445,409675000,45.13819122314453
2023-10-10 09:30:00,45.310001373291016,46.25899887084961,45.0880012512207,45.79800033569336,368582000,45.66162109375
2023-10-11 09:30:00,46.19599914550781,46.85900115966797,46.04999923706055,46.805999755859375,378137000,46.6666259765625
2023-10-12 09:30:00,46.777000427246094,47.60900115966797,46.33000183105469,46.94499969482422,481325000,46.80521011352539
2023-10-13 09:30:00,46.959999084472656,47.11600112915039,45.279998779296875,45.46099853515625,474115000,45.32563400268555
2023-10-16 09:30:00,45.0629997253418,46.224998474121094,44.9119987487793,46.095001220703125,375099000,45.957740783691406
2023-10-17 09:30:00,44.0,44.75400161743164,42.47999954223633,43.9379997253418,812333000,43.80716323852539
2023-10-18 09:30:00,42.590999603271484,43.21900177001953,41.82500076293945,42.19599914550781,627294000,42.07035827636719
2023-10-19 09:30:00,42.81100082397461,43.297000885009766,41.88199996948242,42.10100173950195,501233000,41.975643157958984
2023-10-20 09:30:00,41.88999938964844,42.470001220703125,41.077999114990234,41.387001037597656,477266000,41.26376724243164
2023-10-23 09:30:00,41.229000091552734,43.24800109863281,40.94499969482422,42.974998474121094,478530000,42.84703063964844
2023-10-24 09:30:00,43.07699966430664,43.696998596191406,42.691001892089844,43.66299819946289,401463000,43.532981872558594
2023-10-25 09:30:00,43.39799880981445,43.650001525878906,41.55500030517578,41.77899932861328,398379000,41.65459060668945
2023-10-26 09:30:00,41.85300064086914,42.25600051879883,39.880001068115234,40.32600021362305,541001000,40.2059211730957
2023-10-27 09:30:00,41.130001068115234,41.20600128173828,40.01499938964844,40.5,416784000,40.3794059753418
2023-10-30 09:30:00,41.08700180053711,41.76599884033203,40.48099899291992,41.1609992980957,388028000,41.03843307495117
2023-10-31 09:30:00,40.45000076293945,40.87900161743164,39.22999954223633,40.779998779296875,517969000,40.65856170654297
2023-11-01 09:30:00,40.88399887084961,42.38100051879883,40.86899948120117,42.32500076293945,437593000,42.198970794677734
2023-11-02 09:30:00,43.327999114990234,43.88399887084961,42.89400100708008,43.50600051879883,409172000,43.376461029052734
2023-11-03 09:30:00,44.02000045776367,45.308998107910156,43.722999572753906,45.005001068115234,424610000,44.87099075317383
2023-11-06 09:30:00,45.28499984741211,45.935001373291016,44.89899826049805,45.750999450683594,400733000,45.614768981933594
2023-11-07 09:30:00,45.71900177001953,46.21799850463867,45.15800094604492,45.95500183105469,343165000,45.81816864013672
2023-11-08 09:30:00,46.099998474121094,46.867000579833984,45.96799850463867,46.57400131225586,346719000,46.43532180786133
2023-11-09 09:30:00,47.46699905395508,48.22999954223633,46.75,46.95000076293945,540496000,46.81019592285156
2023-11-10 09:30:00,47.5,48.47200012207031,47.28300094604492,48.334999084472656,421245000,48.19106674194336
2023-11-13 09:30:00,48.31999969482422,49.11600112915039,48.0989990234375,48.619998931884766,384136000,48.475223541259766
2023-11-14 09:30:00,49.68000030517578,49.83399963378906,49.040000915527344,49.65599822998047,416954000,49.50813674926758
2023-11-15 09:30:00,49.935001373291016,49.959999084472656,48.20000076293945,48.88800048828125,475497000,48.742427825927734
2023-11-16 09:30:00,48.67900085449219,49.525001525878906,48.33000183105469,49.47999954223633,339756000,49.33266067504883
2023-11-17 09:30:00,49.52399826049805,49.71699905395508,49.00699996948242,49.29800033569336,325205000,49.151206970214844
2023-11-20 09:30:00,49.3120002746582,50.54800033569336,49.180999755859375,50.409000396728516,414120000,50.2588996887207
2023-11-21 09:30:00,50.125999450683594,50.516998291015625,49.22200012207031,49.944000244140625,565747000,49.7952766418457
2023-11-22 09:30:00,49.85200119018555,50.334999084472656,47.689998626708984,48.715999603271484,899420000,48.57093811035156
2023-11-24 09:30:00,48.470001220703125,48.92100143432617,47.744998931884766,47.7760009765625,294645000,47.63373947143555
2023-11-27 09:30:00,47.79999923706055,48.529998779296875,47.652000427246094,48.242000579833984,395662000,48.09835433959961
2023-11-28 09:30:00,48.236000061035156,48.323001861572266,47.472999572753906,47.82099914550781,401491000,47.67860412597656
2023-11-29 09:30:00,48.37900161743164,48.762001037597656,47.86000061035156,48.13999938964844,382005000,47.99665451049805
2023-11-30 09:30:00,48.02399826049805,48.11000061035156,46.422000885009766,46.77000045776367,526247000,46.63072967529297
2023-12-01 09:30:00,46.525001525878906,47.20000076293945,46.1870002746582,46.76499938964844,369317000,46.6257438659668
2023-12-04 09:30:00,46.07699966430664,46.07699966430664,45.0099983215332,45.5099983215332,437543000,45.374481201171875
2023-12-05 09:30:00,45.465999603271484,46.599998474121094,45.270999908447266,46.566001892089844,371718000,46.43142318725586
2023-12-06 09:30:00,47.21500015258789,47.387001037597656,45.4119987487793,45.50299835205078,380590000,45.371498107910156
2023-12-07 09:30:00,45.70000076293945,46.62900161743164,45.604000091552734,46.59600067138672,350823000,46.461334228515625
2023-12-08 09:30:00,46.595001220703125,47.74100112915039,46.54999923706055,47.50600051879883,359224000,47.36870574951172
2023-12-11 09:30:00,47.49100112915039,47.53099822998047,45.83000183105469,46.62699890136719,509728000,46.49223709106445
2023-12-12 09:30:00,46.04600143432617,47.66600036621094,46.04600143432617,47.65700149536133,372387000,47.51927185058594
2023-12-13 09:30:00,47.62900161743164,48.59400177001953,47.608001708984375,48.0880012512207,447792000,47.94902038574219
2023-12-14 09:30:00,48.38999938964844,48.66999816894531,47.422000885009766,48.349998474121094,391232000,48.210262298583984
2023-12-15 09:30:00,48.194000244140625,49.40399932861328,48.119998931884766,48.88999938964844,479948000,48.74869918823242
2023-12-18 09:30:00,49.400001525878906,50.43299865722656,49.150001525878906,50.07699966430664,412587000,49.932273864746094
2023-12-19 09:30:00,49.42399978637695,49.70000076293945,48.89500045776367,49.604000091552734,464444000,49.46063995361328
2023-12-20 09:30:00,49.654998779296875,49.999000549316406,48.097999572753906,48.111000061035156,397894000,47.97195053100586
2023-12-21 09:30:00,48.81100082397461,49.095001220703125,48.41899871826172,48.9900016784668,300425000,48.84842300415039
2023-12-22 09:30:00,49.19499969482422,49.382999420166016,48.46699905395508,48.83000183105469,252507000,48.688873291015625
2023-12-26 09:30:00,48.96799850463867,49.599998474121094,48.959999084472656,49.27899932861328,244200000,49.13658142089844
2023-12-27 09:30:00,49.51100158691406,49.68000030517578,49.084999084472656,49.41699981689453,233648000,49.2741813659668
2023-12-28 09:30:00,49.643001556396484,49.88399887084961,49.4119987487793,49.52199935913086,246587000,49.37887954711914
2023-12-29 09:30:00,49.8129997253418,49.99700164794922,48.750999450683594,49.52199935913086,389293000,49.37887954711914
2024-01-02 09:30:00,49.24399948120117,49.29499816894531,47.595001220703125,48.167999267578125,411254000,48.02878952026367
2024-01-03 09:30:00,47.48500061035156,48.183998107910156,47.31999969482422,47.569000244140625,320896000,47.431522369384766
2024-01-04 09:30:00,47.766998291015625,48.5,47.507999420166016,47.99800109863281,306535000,47.859283447265625
2024-01-05 09:30:00,48.46200180053711,49.547000885009766,48.305999755859375,49.09700012207031,415039000,48.955101013183594
2024-01-08 09:30:00,49.512001037597656,52.275001525878906,49.479000091552734,52.25299835205078,642510000,52.10198211669922
2024-01-09 09:30:00,52.4010009765625,54.32500076293945,51.689998626708984,53.13999938964844,773100000,52.98642349243164
2024-01-10 09:30:00,53.61600112915039,54.599998474121094,53.48899841308594,54.349998474121094,533796000,54.19292068481445
2024-01-11 09:30:00,54.999000549316406,55.34600067138672,53.560001373291016,54.821998596191406,596759000,54.66355514526367
2024-01-12 09:30:00,54.619998931884766,54.970001220703125,54.33000183105469,54.709999084472656,352994000,54.5518913269043
2024-01-16 09:30:00,55.018001556396484,56.834999084472656,54.900001525878906,56.38199996948242,449580000,56.219051361083984
2024-01-17 09:30:00,56.34700012207031,56.47100067138672,54.7400016784668,56.053001403808594,474394000,55.89100646972656
2024-01-18 09:30:00,57.2599983215332,57.599998474121094,56.106998443603516,57.106998443603516,491650000,56.941959381103516
2024-01-19 09:30:00,57.98899841308594,59.5,57.224998474121094,59.49100112915039,543501000,59.319068908691406
2024-01-22 09:30:00,60.04899978637695,60.33100128173828,59.06999969482422,59.65399932861328,452955000,59.48159408569336
2024-01-23 09:30:00,59.56999969482422,59.90999984741211,58.584999084472656,59.87300109863281,294654000,59.69997024536133
2024-01-24 09:30:00,60.30400085449219,62.8489990234375,59.9379997253418,61.36199951171875,560271000,61.18466567993164
2024-01-25 09:30:00,62.349998474121094,62.71900177001953,60.849998474121094,61.617000579833984,482777000,61.43892288208008
2024-01-26 09:30:00,60.959999084472656,61.78300094604492,60.573001861572266,61.03099822998047,390309000,60.8546142578125
2024-01-29 09:30:00,61.231998443603516,62.48899841308594,60.90700149536133,62.46500015258789,348733000,62.28447341918945
2024-01-30 09:30:00,62.900001525878906,63.49300003051758,62.2599983215332,62.77399826049805,410735000,62.59257507324219
2024-01-31 09:30:00,61.439998626708984,62.26900100708008,60.70000076293945,61.527000427246094,453795000,61.34918212890625
2024-02-01 09:30:00,62.099998474121094,63.191001892089844,61.650001525878906,63.027000427246094,369146000,62.844852447509766
2024-02-02 09:30:00,63.9739990234375,66.5999984741211,63.689998626708984,66.16000366210938,476578000,65.96880340576172
2024-02-05 09:30:00,68.2249984741211,69.49700164794922,67.20500183105469,69.33200073242188,680078000,69.13162994384766
2024-02-06 09:30:00,69.62999725341797,69.75399780273438,66.30000305175781,68.2229995727539,683111000,68.02583312988281
2024-02-07 09:30:00,68.31900024414062,70.22000122070312,67.5999984741211,70.0989990234375,495575000,69.89639282226562
2024-02-08 09:30:00,70.0739974975586,70.79399871826172,69.45500183105469,69.64099884033203,414422000,69.43973541259766
2024-02-09 09:30:00,70.53299713134766,72.18499755859375,70.21199798583984,72.13300323486328,436637000,71.92453002929688
2024-02-12 09:30:00,72.5999984741211,74.61100006103516,71.25,72.24800109863281,613710000,72.03919219970703
2024-02-13 09:30:00,70.4000015258789,73.44999694824219,69.62000274658203,72.12799835205078,602580000,71.91954040527344
2024-02-14 09:30:00,73.2020034790039,74.23600006103516,71.93800354003906,73.9000015258789,504917000,73.68640899658203
2024-02-15 09:30:00,73.86900329589844,73.9749984741211,72.4000015258789,72.65799713134766,420122000,72.4480209350586
2024-02-16 09:30:00,74.0999984741211,74.4020004272461,72.5009994506836,72.61299896240234,495327000,72.40314483642578
2024-02-20 09:30:00,71.9469985961914,71.95600128173828,67.73400115966797,69.4520034790039,704833000,69.25128173828125
2024-02-21 09:30:00,68.00599670410156,68.88800048828125,66.24800109863281,67.47200012207031,673755000,67.27700805664062
2024-02-22 09:30:00,75.0250015258789,78.57499694824219,74.22000122070312,78.53800201416016,865100000,78.31103515625
2024-02-23 09:30:00,80.79000091552734,82.39399719238281,77.56999969482422,78.81700134277344,829388000,78.58921813964844
2024-02-26 09:30:00,79.69999694824219,80.64600372314453,78.50499725341797,79.09200286865234,503973000,78.8634262084961
2024-02-27 09:30:00,79.38099670410156,79.4800033569336,77.16200256347656,78.70099639892578,391705000,78.47354888916016
2024-02-28 09:30:00,77.62000274658203,78.93299865722656,77.125,77.66300201416016,393110000,77.43855285644531
2024-02-29 09:30:00,79.09400177001953,79.98999786376953,78.3499984741211,79.11199951171875,507289000,78.88336181640625
2024-03-01 09:30:00,80.0,82.30000305175781,79.43499755859375,82.27899932861328,479135000,82.04121398925781
2024-03-04 09:30:00,84.12999725341797,87.69499969482422,83.71900177001953,85.23699951171875,615616000,84.99066925048828
2024-03-05 09:30:00,85.2699966430664,86.09700012207031,83.41699981689453,85.96399688720703,520639000,85.7195816040039
2024-03-06 09:30:00,88.02200317382812,89.7239990234375,87.02999877929688,88.69999694824219,582520000,88.44779205322266
2024-03-07 09:30:00,90.15799713134766,92.76699829101562,89.60199737548828,92.66899871826172,608119000,92.40552520751953
2024-03-08 09:30:00,95.13800048828125,97.4000015258789,86.50599670410156,87.52799987792969,1142269000,87.27912139892578
2024-03-11 09:30:00,86.42900085449219,88.7969970703125,84.16600036621094,85.77400207519531,678364000,85.53012084960938
2024-03-12 09:30:00,88.04900360107422,91.95999908447266,86.1500015258789,91.91300201416016,668075000,91.65167236328125
2024-03-13 09:30:00,91.05500030517578,91.50399780273438,88.43499755859375,90.88800048828125,635713000,90.62958526611328
2024-03-14 09:30:00,89.5770034790039,90.64600372314453,86.5999984741211,87.94400024414062,602318000,87.69395446777344
2024-03-15 09:30:00,86.93000030517578,89.5459976196289,86.25700378417969,87.83699798583984,642086000,87.58726501464844
2024-03-18 09:30:00,90.38800048828125,92.40499877929688,87.08499908447266,88.45500183105469,668976000,88.2034912109375
2024-03-19 09:30:00,86.69999694824219,90.54399871826172,85.01000213623047,89.39800262451172,672171000,89.14381408691406
2024-03-20 09:30:00,89.7969970703125,90.41000366210938,88.2229995727539,90.37200164794922,479063000,90.11505126953125
2024-03-21 09:30:00,92.30000305175781,92.64800262451172,90.40499877929688,91.43499755859375,480372000,91.1750259399414
2024-03-22 09:30:00,91.14099884033203,94.77799987792969,90.83399963378906,94.28900146484375,586719000,94.02091217041016
2024-03-25 09:30:00,93.94100189208984,96.76599884033203,93.51000213623047,95.00199890136719,552136000,94.73188781738281
2024-03-26 09:30:00,95.85099792480469,96.375,92.50199890136719,92.56099700927734,513648000,92.29782104492188
2024-03-27 09:30:00,93.11199951171875,93.23999786376953,89.12300109863281,90.25,586067000,89.993408203125
2024-03-28 09:30:00,90.0,91.30000305175781,89.19300079345703,90.35600280761719,435212000,90.09909057617188
2024-04-01 09:30:00,90.29900360107422,92.2249984741211,89.2040023803711,90.36299896240234,452441000,90.10607147216797
2024-04-02 09:30:00,88.447998046875,90.09400177001953,87.62000274658203,89.4520034790039,433064000,89.19766235351562
2024-04-03 09:30:00,88.48400115966797,90.3740005493164,88.4000015258789,88.96399688720703,370067000,88.7110366821289
2024-04-04 09:30:00,90.40599822998047,90.63400268554688,85.87999725341797,85.90499877929688,434965000,85.66075134277344
2024-04-05 09:30:00,86.86599731445312,88.48100280761719,85.9260025024414,88.00800323486328,399678000,87.75778198242188
2024-04-08 09:30:00,88.69999694824219,88.83000183105469,86.73200225830078,87.13300323486328,283220000,86.88526153564453
2024-04-09 09:30:00,87.44200134277344,87.63500213623047,83.02200317382812,85.35399627685547,501700000,85.11132049560547
2024-04-10 09:30:00,83.9260025024414,87.4000015258789,83.70899963378906,87.03900146484375,431929000,86.79153442382812
2024-04-11 09:30:00,87.41999816894531,90.73899841308594,86.9260025024414,90.61599731445312,431637000,90.35836029052734
2024-04-12 09:30:00,89.6989974975586,90.17500305175781,87.52999877929688,88.18599700927734,426805000,87.93524932861328
2024-04-15 09:30:00,89.0979995727539,90.61299896240234,85.92900085449219,86.0009994506836,443077000,85.7564697265625
2024-04-16 09:30:00,86.43299865722656,88.11799621582031,86.06400299072266,87.41500091552734,370453000,87.16645812988281
2024-04-17 09:30:00,88.33999633789062,88.7750015258789,83.94999694824219,84.03500366210938,495400000,83.79605865478516
2024-04-18 09:30:00,84.97000122070312,86.19000244140625,82.4020004272461,84.6709976196289,447260000,84.43025970458984
2024-04-19 09:30:00,83.1500015258789,84.3239974975586,75.60600280761719,76.19999694824219,875198000,75.98333740234375
2024-04-22 09:30:00,78.10399627685547,80.072998046875,76.4000015258789,79.51799774169922,596341000,79.29191589355469
2024-04-23 09:30:00,80.76899719238281,82.76899719238281,80.26399993896484,82.4229965209961,438559000,82.18864440917969
2024-04-24 09:30:00,83.94999694824219,84.08200073242188,79.18299865722656,79.677001953125,512208000,79.45045471191406
2024-04-25 09:30:00,78.86799621582031,83.322998046875,78.2229995727539,82.63200378417969,424641000,82.39706420898438
2024-04-26 09:30:00,83.81800079345703,88.33100128173828,83.38700103759766,87.73500061035156,551011000,87.48554992675781
2024-04-29 09:30:00,87.59500122070312,87.99199676513672,85.26599884033203,87.75700378417969,388971000,87.50747680664062
2024-04-30 09:30:00,87.23999786376953,88.81900024414062,86.30000305175781,86.4020004272461,363709000,86.15634155273438
2024-05-01 09:30:00,85.0770034790039,86.0,81.25499725341797,83.04100036621094,559863000,82.80489349365234
2024-05-02 09:30:00,84.4489974975586,86.23699951171875,83.19999694824219,85.81700134277344,377898000,85.57300567626953
2024-05-03 09:30:00,87.78900146484375,89.28099822998047,87.04000091552734,88.78900146484375,398341000,88.53654479980469
2024-05-06 09:30:00,89.38999938964844,92.22000122070312,89.05500030517578,92.13999938964844,376203000,91.87801361083984
2024-05-07 09:30:00,91.0979995727539,91.78099822998047,89.01100158691406,90.55400085449219,437342000,90.2965316772461
2024-05-08 09:30:00,89.48300170898438,91.19400024414062,89.41999816894531,90.41200256347656,325721000,90.15493774414062
2024-05-09 09:30:00,90.52899932861328,91.0719985961914,88.23100280761719,88.74700164794922,378013000,88.49467468261719
2024-05-10 09:30:00,90.30500030517578,91.4010009765625,89.22699737548828,89.87799835205078,335325000,89.62245178222656
2024-05-13 09:30:00,90.47799682617188,90.99800109863281,88.52899932861328,90.39900207519531,289680000,90.14197540283203
2024-05-14 09:30:00,89.5989990234375,91.6510009765625,88.93399810791016,91.35600280761719,296507000,91.09626007080078
2024-05-15 09:30:00,92.47200012207031,94.86199951171875,91.5989990234375,94.62999725341797,417735000,94.36094665527344
2024-05-16 09:30:00,94.91000366210938,95.81900024414062,94.10299682617188,94.35900115966797,323952000,94.09071350097656
2024-05-17 09:30:00,94.36900329589844,94.73999786376953,91.80599975585938,92.47899627685547,359691000,92.21605682373047
2024-05-20 09:30:00,93.75,95.19999694824219,93.44000244140625,94.77999877929688,318764000,94.51050567626953
2024-05-21 09:30:00,93.5989990234375,95.4000015258789,93.18000030517578,95.38600158691406,328946000,95.11479949951172
2024-05-22 09:30:00,95.45899963378906,96.0199966430664,93.2490005493164,94.94999694824219,548648000,94.68001556396484
2024-05-23 09:30:00,102.02799987792969,106.31999969482422,101.5199966430664,103.79900360107422,835065000,103.50386810302734
2024-05-24 09:30:00,104.4489974975586,106.4749984741211,103.0,106.46900177001953,429494000,106.16627502441406
2024-05-28 09:30:00,110.24400329589844,114.93900299072266,109.88300323486328,113.9010009765625,652728000,113.57715606689453
2024-05-29 09:30:00,113.05000305175781,115.49199676513672,110.9010009765625,114.82499694824219,557442000,114.4985122680664
2024-05-30 09:30:00,114.6500015258789,115.81900024414062,109.66300201416016,110.5,484553000,110.18582153320312
2024-05-31 09:30:00,112.5199966430664,112.71700286865234,106.94000244140625,109.63300323486328,613263000,109.32127380371094
2024-06-03 09:30:00,113.62100219726562,115.0,112.00299835205078,115.0,438392000,114.67302703857422
2024-06-04 09:30:00,115.71600341796875,116.5999984741211,114.04499816894531,116.43699645996094,403324000,116.1059341430664
2024-06-05 09:30:00,118.37100219726562,122.4489974975586,117.46800231933594,122.44000244140625,528402000,122.09188079833984
2024-06-06 09:30:00,124.0479965209961,125.58699798583984,118.31999969482422,120.99800109863281,664696000,120.65396118164062
2024-06-07 09:30:00,119.7699966430664,121.69200134277344,118.02200317382812,120.88800048828125,412386000,120.54428100585938
2024-06-10 09:30:00,120.37000274658203,123.0999984741211,117.01000213623047,121.79000091552734,313434100,121.44371795654297
2024-06-11 09:30:00,121.7699966430664,122.87000274658203,118.73999786376953,120.91000366210938,222551200,120.57612609863281
2024-06-12 09:30:00,123.05999755859375,126.87999725341797,122.56999969482422,125.19999694824219,299595000,124.85427856445312
2024-06-13 09:30:00,129.38999938964844,129.8000030517578,127.16000366210938,129.61000061035156,260704500,129.25209045410156
2024-06-14 09:30:00,129.9600067138672,132.83999633789062,128.32000732421875,131.8800048828125,309320400,131.51585388183594
2024-06-17 09:30:00,132.99000549316406,133.72999572753906,129.5800018310547,130.97999572753906,288504400,130.61831665039062
2024-06-18 09:30:00,131.13999938964844,136.3300018310547,130.69000244140625,135.5800018310547,294335100,135.20562744140625
2024-06-20 09:30:00,139.8000030517578,140.75999450683594,129.52000427246094,130.77999877929688,517768400,130.4188690185547
2024-06-21 09:30:00,127.12000274658203,130.6300048828125,124.30000305175781,126.56999969482422,649445800,126.2204818725586
2024-06-24 09:30:00,123.23999786376953,124.45999908447266,118.04000091552734,118.11000061035156,476060900,117.78384399414062
2024-06-25 09:30:00,121.19999694824219,126.5,119.31999969482422,126.08999633789062,414192600,125.7418212890625
2024-06-26 09:30:00,126.12999725341797,128.1199951171875,122.5999984741211,126.4000015258789,362975900,126.05095672607422
2024-06-27 09:30:00,124.0999984741211,126.41000366210938,122.91999816894531,123.98999786376953,252571700,123.64761352539062
2024-06-28 09:30:00,124.58000183105469,127.70999908447266,122.75,123.54000091552734,315516700,123.19886779785156
2024-07-01 09:30:00,123.47000122070312,124.83999633789062,118.83000183105469,124.30000305175781,284885500,123.9567642211914
2024-07-02 09:30:00,121.12999725341797,123.41000366210938,121.02999877929688,122.66999816894531,218374000,122.33126068115234
2024-07-03 09:30:00,121.66000366210938,128.27999877929688,121.36000061035156,128.27999877929688,215749000,127.92576599121094
2024-07-05 09:30:00,127.37999725341797,128.85000610351562,125.68000030517578,125.83000183105469,214176700,125.4825439453125
2024-07-08 09:30:00,127.48999786376953,130.77000427246094,127.04000091552734,128.1999969482422,237677300,127.84598541259766
2024-07-09 09:30:00,130.35000610351562,133.82000732421875,128.64999389648438,131.3800048828125,285366600,131.0172119140625
2024-07-10 09:30:00,134.02999877929688,135.10000610351562,132.4199981689453,134.91000366210938,248978600,134.5374755859375
2024-07-11 09:30:00,135.75,136.14999389648438,127.05000305175781,127.4000015258789,374782700,127.04820251464844
2024-07-12 09:30:00,128.25999450683594,131.9199981689453,127.22000122070312,129.24000549316406,252680500,128.8831329345703
2024-07-15 09:30:00,130.55999755859375,131.38999938964844,127.18000030517578,128.44000244140625,208326200,128.08535766601562
2024-07-16 09:30:00,128.44000244140625,129.0399932861328,124.58000183105469,126.36000061035156,214769500,126.01107025146484
2024-07-17 09:30:00,121.3499984741211,121.8499984741211,116.72000122070312,117.98999786376953,390086200,117.6641845703125
2024-07-18 09:30:00,121.8499984741211,122.4000015258789,116.55999755859375,121.08999633789062,320979500,120.755615234375
2024-07-19 09:30:00,120.3499984741211,121.5999984741211,117.37000274658203,117.93000030517578,217223800,117.6043472290039
2024-07-22 09:30:00,120.3499984741211,124.06999969482422,119.86000061035156,123.54000091552734,258068900,123.19886779785156
2024-07-23 09:30:00,122.77999877929688,124.69000244140625,122.0999984741211,122.58999633789062,173911000,122.25148010253906
2024-07-24 09:30:00,119.16999816894531,119.94999694824219,113.44000244140625,114.25,327776900,113.93450927734375
2024-07-25 09:30:00,113.04000091552734,116.62999725341797,106.30000305175781,112.27999877929688,460067000,111.96995544433594
2024-07-26 09:30:00,116.19000244140625,116.19999694824219,111.58000183105469,113.05999755859375,293399100,112.747802734375
2024-07-29 09:30:00,113.69000244140625,116.27999877929688,111.30000305175781,111.58999633789062,248152100,111.2818603515625
2024-07-30 09:30:00,111.5199966430664,111.98999786376953,102.54000091552734,103.7300033569336,486833300,103.44355773925781
2024-07-31 09:30:00,112.9000015258789,118.33999633789062,110.87999725341797,117.0199966430664,473174200,116.69685363769531
2024-08-01 09:30:00,117.52999877929688,120.16000366210938,106.80999755859375,109.20999908447266,523462300,108.9084243774414
2024-08-02 09:30:00,103.76000213623047,108.72000122070312,101.37000274658203,107.2699966430664,482027500,106.97378540039062
2024-08-05 09:30:00,92.05999755859375,103.41000366210938,90.69000244140625,100.44999694824219,552842400,100.17262268066406
2024-08-06 09:30:00,103.83999633789062,107.70999908447266,100.55000305175781,104.25,409012100,103.96212005615234
2024-08-07 09:30:00,107.80999755859375,108.80000305175781,98.69000244140625,98.91000366210938,411440400,98.63687896728516
2024-08-08 09:30:00,102.0,105.5,97.5199966430664,104.97000122070312,391910000,104.68013763427734
2024-08-09 09:30:00,105.63999938964844,106.5999984741211,103.43000030517578,104.75,290844200,104.46075439453125
2024-08-12 09:30:00,106.31999969482422,111.06999969482422,106.26000213623047,109.0199966430664,325559900,108.71896362304688
2024-08-13 09:30:00,112.44000244140625,116.2300033569336,111.58000183105469,116.13999938964844,312646700,115.81929016113281
2024-08-14 09:30:00,118.52999877929688,118.5999984741211,114.06999969482422,118.08000183105469,339246400,117.75394439697266
2024-08-15 09:30:00,118.76000213623047,123.23999786376953,117.47000122070312,122.86000061035156,318086700,122.52074432373047
2024-08-16 09:30:00,121.94000244140625,125.0,121.18000030517578,124.58000183105469,302589900,124.23597717285156
2024-08-19 09:30:00,124.27999877929688,130.0,123.41999816894531,130.0,318333600,129.64102172851562
2024-08-20 09:30:00,128.39999389648438,129.8800048828125,125.88999938964844,127.25,300087400,126.89861297607422
2024-08-21 09:30:00,127.31999969482422,129.35000610351562,126.66000366210938,128.5,257883600,128.14515686035156
2024-08-22 09:30:00,130.02000427246094,130.75,123.0999984741211,123.73999786376953,376189100,123.3982925415039
2024-08-23 09:30:00,125.86000061035156,129.60000610351562,125.22000122070312,129.3699951171875,323230300,129.01275634765625
2024-08-26 09:30:00,129.57000732421875,131.25999450683594,124.37000274658203,126.45999908447266,331964700,126.11080169677734
2024-08-27 09:30:00,125.05000305175781,129.1999969482422,123.87999725341797,128.3000030517578,303134600,127.94572448730469
2024-08-28 09:30:00,128.1199951171875,128.3300018310547,122.63999938964844,125.61000061035156,448101100,125.26314544677734
2024-08-29 09:30:00,121.36000061035156,124.43000030517578,116.70999908447266,117.58999633789062,453023300,117.2652816772461
2024-08-30 09:30:00,119.52999877929688,121.75,117.22000122070312,119.37000274658203,333751600,119.04036712646484
2024-09-03 09:30:00,116.01000213623047,116.20999908447266,107.29000091552734,108.0,477155100,107.70177459716797
2024-09-04 09:30:00,105.41000366210938,113.2699966430664,104.12000274658203,106.20999908447266,372470300,105.91670989990234
2024-09-05 09:30:00,104.98999786376953,109.6500015258789,104.76000213623047,107.20999908447266,306850700,106.91394805908203
2024-09-06 09:30:00,108.04000091552734,108.1500015258789,100.94999694824219,102.83000183105469,413638100,102.5460433959961
2024-09-09 09:30:00,104.87999725341797,106.55000305175781,103.69000244140625,106.47000122070312,273912000,106.17599487304688
2024-09-10 09:30:00,107.80999755859375,109.4000015258789,104.94999694824219,108.0999984741211,268283700,107.8014907836914
2024-09-11 09:30:00,109.38999938964844,117.19000244140625,107.41999816894531,116.91000366210938,441422400,116.58717346191406
2024-09-12 09:30:00,116.83999633789062,120.79000091552734,115.37999725341797,119.13999938964844,366052700,118.82117462158203
2024-09-13 09:30:00,119.08000183105469,119.95999908447266,117.5999984741211,119.0999984741211,238358300,118.7812728881836
2024-09-16 09:30:00,116.79000091552734,118.18000030517578,114.36000061035156,116.77999877929688,248772300,116.46749114990234
2024-09-17 09:30:00,118.16999816894531,118.80000305175781,114.83000183105469,115.58999633789062,231925900,115.2806625366211
2024-09-18 09:30:00,115.88999938964844,117.69999694824219,113.22000122070312,113.37000274658203,310318900,113.06661224365234
2024-09-19 09:30:00,117.3499984741211,119.66000366210938,117.25,117.87000274658203,293506400,117.55457305908203
2024-09-20 09:30:00,117.05999755859375,118.62000274658203,115.38999938964844,116.0,382462400,115.6895751953125
2024-09-23 09:30:00,116.55000305175781,116.98999786376953,114.86000061035156,116.26000213623047,206228500,115.9488754272461
2024-09-24 09:30:00,116.5199966430664,121.80000305175781,115.37999725341797,120.87000274658203,354966800,120.54655456542969
2024-09-25 09:30:00,122.0199966430664,124.94000244140625,121.61000061035156,123.51000213623047,284692900,123.17948913574219
2024-09-26 09:30:00,126.80000305175781,127.66999816894531,121.80000305175781,124.04000091552734,302582900,123.70806121826172
2024-09-27 09:30:00,123.97000122070312,124.02999877929688,119.26000213623047,121.4000015258789,271009200,121.07511901855469
2024-09-30 09:30:00,118.30999755859375,121.5,118.1500015258789,121.44000244140625,226553700,121.11502075195312
2024-10-01 09:30:00,121.7699966430664,122.44000244140625,115.79000091552734,117.0,302094500,116.68689727783203
2024-10-02 09:30:00,116.44000244140625,119.37999725341797,115.13999938964844,118.8499984741211,221845900,118.53195190429688
2024-10-03 09:30:00,120.91999816894531,124.36000061035156,120.33999633789062,122.8499984741211,277118000,122.521240234375
2024-10-04 09:30:00,124.94000244140625,125.04000091552734,121.83000183105469,124.91999816894531,243678100,124.58570098876953
2024-10-07 09:30:00,124.98999786376953,130.63999938964844,124.94999694824219,127.72000122070312,346250200,127.37821197509766
2024-10-08 09:30:00,130.25999450683594,133.47999572753906,129.4199981689453,132.88999938964844,285722500,132.5343780517578
2024-10-09 09:30:00,134.11000061035156,134.52000427246094,131.3800048828125,132.64999389648438,246191600,132.29501342773438
2024-10-10 09:30:00,131.91000366210938,135.0,131.0,134.80999755859375,242311300,134.44921875
2024-10-11 09:30:00,134.00999450683594,135.77999877929688,133.66000366210938,134.8000030517578,170209500,134.4392547607422
2024-10-14 09:30:00,136.47000122070312,139.60000610351562,136.3000030517578,138.07000732421875,232347700,137.7005157470703
2024-10-15 09:30:00,137.8699951171875,138.57000732421875,128.74000549316406,131.60000610351562,377831000,131.24783325195312
2024-10-16 09:30:00,133.97999572753906,136.6199951171875,131.5800018310547,135.72000122070312,264879700,135.3568115234375
2024-10-17 09:30:00,139.33999633789062,140.88999938964844,136.8699951171875,136.92999267578125,306435900,136.56356811523438
2024-10-18 09:30:00,138.6699981689453,138.89999389648438,137.27999877929688,138.0,176090200,137.63070678710938
2024-10-21 09:30:00,138.1300048828125,143.7100067138672,138.0,143.7100067138672,264554500,143.32542419433594
2024-10-22 09:30:00,142.91000366210938,144.4199981689453,141.77999877929688,143.58999633789062,226311600,143.20571899414062
2024-10-23 09:30:00,142.02999877929688,142.42999267578125,137.4600067138672,139.55999755859375,285930000,139.18653869628906
2024-10-24 09:30:00,140.82000732421875,141.35000610351562,138.4600067138672,140.41000366210938,172354900,140.03428649902344
2024-10-25 09:30:00,140.92999267578125,144.1300048828125,140.8000030517578,141.5399932861328,205122100,141.16123962402344
2024-10-28 09:30:00,143.0,143.13999938964844,140.0500030517578,140.52000427246094,173586700,140.14395141601562
2024-10-29 09:30:00,140.2899932861328,142.25999450683594,138.89999389648438,141.25,157593600,140.87200927734375
2024-10-30 09:30:00,139.5399932861328,140.3300018310547,136.80999755859375,139.33999633789062,179418100,138.9670867919922
2024-10-31 09:30:00,137.60000610351562,137.61000061035156,132.11000061035156,132.75999450683594,270039600,132.4047393798828
2024-11-01 09:30:00,134.6999969482422,137.30999755859375,134.57000732421875,135.39999389648438,207127800,135.0376434326172
2024-11-04 09:30:00,137.2100067138672,138.9600067138672,135.57000732421875,136.0500030517578,187528200,135.68592834472656
2024-11-05 09:30:00,137.4499969482422,140.3699951171875,137.3300018310547,139.91000366210938,160537400,139.5355987548828
2024-11-06 09:30:00,142.9600067138672,146.49000549316406,141.9600067138672,145.61000061035156,242043900,145.2203369140625
2024-11-07 09:30:00,146.38999938964844,148.92999267578125,146.1699981689453,148.8800048828125,207323300,148.48158264160156
2024-11-08 09:30:00,148.77000427246094,149.77000427246094,146.25999450683594,147.6300048828125,175665800,147.2349395751953
2024-11-11 09:30:00,148.67999267578125,148.85000610351562,143.57000732421875,145.25999450683594,182325600,144.87127685546875
2024-11-12 09:30:00,146.77999877929688,149.64999389648438,146.00999450683594,148.2899932861328,198634700,147.8931427001953
2024-11-13 09:30:00,149.07000732421875,149.3300018310547,145.89999389648438,146.27000427246094,191903300,145.8785858154297
2024-11-14 09:30:00,147.63999938964844,149.0,145.5500030517578,146.75999450683594,194463300,146.3672637939453
2024-11-15 09:30:00,144.8699951171875,145.24000549316406,140.0800018310547,141.97999572753906,250132900,141.6000518798828
2024-11-18 09:30:00,139.5,141.5500030517578,137.14999389648438,140.14999389648438,221205300,139.7749481201172
2024-11-19 09:30:00,141.32000732421875,147.1300048828125,140.99000549316406,147.00999450683594,227834900,146.61659240722656
2024-11-20 09:30:00,147.41000366210938,147.55999755859375,142.72999572753906,145.88999938964844,309871700,145.4995880126953
2024-11-21 09:30:00,149.35000610351562,152.88999938964844,140.6999969482422,146.6699981689453,400946600,146.2774658203125
2024-11-22 09:30:00,145.92999267578125,147.16000366210938,141.10000610351562,141.9499969482422,236406200,141.57012939453125
2024-11-25 09:30:00,141.99000549316406,142.0500030517578,135.82000732421875,136.02000427246094,344941900,135.656005859375
2024-11-26 09:30:00,137.6999969482422,139.3000030517578,135.6699981689453,136.9199981689453,190287700,136.55360412597656
2024-11-27 09:30:00,135.00999450683594,137.22000122070312,131.8000030517578,135.33999633789062,226370900,134.97781372070312
2024-11-29 09:30:00,136.77999877929688,139.35000610351562,136.0500030517578,138.25,141863200,137.88002014160156
2024-12-02 09:30:00,138.8300018310547,140.4499969482422,137.82000732421875,138.6300048828125,171682800,138.259033203125
2024-12-03 09:30:00,138.25999450683594,140.5399932861328,137.9499969482422,140.25999450683594,164414000,139.8846435546875
2024-12-04 09:30:00,142.0,145.7899932861328,140.2899932861328,145.13999938964844,231224300,144.75157165527344
2024-12-05 09:30:00,145.11000061035156,146.5399932861328,143.9499969482422,145.05999755859375,172621200,144.68177795410156
2024-12-06 09:30:00,144.60000610351562,145.6999969482422,141.30999755859375,142.44000244140625,188505600,142.06861877441406
2024-12-09 09:30:00,138.97000122070312,139.9499969482422,137.1300048828125,138.80999755859375,189308600,138.44805908203125
2024-12-10 09:30:00,139.00999450683594,141.82000732421875,133.7899932861328,135.07000732421875,210020900,134.7178192138672
2024-12-11 09:30:00,137.36000061035156,140.1699981689453,135.2100067138672,139.30999755859375,184905200,138.94677734375
2024-12-12 09:30:00,137.0800018310547,138.44000244140625,135.8000030517578,137.33999633789062,159211400,136.98190307617188
2024-12-13 09:30:00,138.94000244140625,139.60000610351562,132.5399932861328,134.25,231514900,133.8999481201172
2024-12-16 09:30:00,134.17999267578125,134.39999389648438,130.4199981689453,132.0,237951100,131.65582275390625
2024-12-17 09:30:00,129.08999633789062,131.58999633789062,126.86000061035156,130.38999938964844,259410300,130.0500030517578
2024-12-18 09:30:00,133.86000061035156,136.6999969482422,128.27999877929688,128.91000366210938,277444500,128.57388305664062
2024-12-19 09:30:00,131.75999450683594,134.02999877929688,129.5500030517578,130.67999267578125,209719200,130.33924865722656
2024-12-20 09:30:00,129.80999755859375,135.27999877929688,128.22000122070312,134.6999969482422,306528600,134.3488006591797
2024-12-23 09:30:00,136.27999877929688,139.7899932861328,135.1199951171875,139.6699981689453,176053500,139.30581665039062
2024-12-24 09:30:00,140.0,141.89999389648438,138.64999389648438,140.22000122070312,105157000,139.85440063476562
2024-12-26 09:30:00,139.6999969482422,140.85000610351562,137.72999572753906,139.92999267578125,116205600,139.56515502929688
2024-12-27 09:30:00,138.5500030517578,139.02000427246094,134.7100067138672,137.00999450683594,170582600,136.6527557373047
2024-12-30 09:30:00,134.8300018310547,140.27000427246094,134.02000427246094,137.49000549316406,167734700,137.1315155029297
2024-12-31 09:30:00,138.02999877929688,138.07000732421875,133.8300018310547,134.2899932861328,155659200,133.93984985351562
2025-01-02 09:30:00,136.0,138.8800048828125,134.6300048828125,138.30999755859375,198247200,137.94937133789062
2025-01-03 09:30:00,140.00999450683594,144.89999389648438,139.72999572753906,144.47000122070312,229322500,144.09332275390625
2025-01-06 09:30:00,148.58999633789062,152.16000366210938,147.82000732421875,149.42999267578125,265377400,149.04037475585938
2025-01-07 09:30:00,153.02999877929688,153.1300048828125,140.00999450683594,140.13999938964844,351782200,139.7746124267578
2025-01-08 09:30:00,142.5800018310547,143.9499969482422,137.55999755859375,140.11000061035156,227349900,139.7447052001953
2025-01-10 09:30:00,137.4499969482422,139.9199981689453,134.22000122070312,135.91000366210938,207602500,135.55564880371094
2025-01-13 09:30:00,129.99000549316406,133.49000549316406,129.50999450683594,133.22999572753906,204808900,132.8826141357422
2025-01-14 09:30:00,136.0500030517578,136.3800048828125,130.0500030517578,131.75999450683594,195590500,131.41644287109375
2025-01-15 09:30:00,133.64999389648438,136.4499969482422,131.2899932861328,136.24000549316406,185217300,135.88478088378906
2025-01-16 09:30:00,138.63999938964844,138.75,133.49000549316406,133.57000732421875,209235600,133.2217559814453
2025-01-17 09:30:00,136.69000244140625,138.5,135.4600067138672,137.7100067138672,201188800,137.3509521484375
2025-01-21 09:30:00,139.16000366210938,141.8300018310547,137.08999633789062,140.8300018310547,197749000,140.46279907226562
2025-01-22 09:30:00,144.66000366210938,147.7899932861328,143.6699981689453,147.07000732421875,237651400,146.68655395507812
2025-01-23 09:30:00,145.0500030517578,147.22999572753906,143.72000122070312,147.22000122070312,155915500,146.8361358642578
2025-01-24 09:30:00,148.3699951171875,148.97000122070312,141.8800048828125,142.6199951171875,234657600,142.24813842773438
2025-01-27 09:30:00,124.80000305175781,128.39999389648438,116.69999694824219,118.41999816894531,818830900,118.1112289428711
2025-01-28 09:30:00,121.80999755859375,129.0,116.25,128.99000549316406,579666400,128.6536865234375
2025-01-29 09:30:00,126.5,126.88999938964844,120.05000305175781,123.69999694824219,467120600,123.37747192382812
2025-01-30 09:30:00,123.0999984741211,125.0,118.0999984741211,124.6500015258789,392925500,124.32500457763672
2025-01-31 09:30:00,123.77999877929688,127.8499984741211,119.19000244140625,120.06999969482422,388161100,119.75692749023438
2025-02-03 09:30:00,114.75,118.56999969482422,113.01000213623047,116.66000366210938,371235700,116.35581970214844
2025-02-04 09:30:00,116.95999908447266,121.19999694824219,116.69999694824219,118.6500015258789,256550000,118.34062957763672
2025-02-05 09:30:00,121.76000213623047,125.0,120.76000213623047,124.83000183105469,262230800,124.50452423095703
2025-02-06 09:30:00,127.41999816894531,128.77000427246094,125.20999908447266,128.67999267578125,251483600,128.344482421875
2025-02-07 09:30:00,129.22000122070312,130.3699951171875,125.0,129.83999633789062,228186300,129.50143432617188
2025-02-10 09:30:00,130.08999633789062,135.0,129.9600067138672,133.57000732421875,216989100,133.2217559814453
2025-02-11 09:30:00,132.5800018310547,134.47999572753906,131.02000427246094,132.8000030517578,178902400,132.45376586914062
2025-02-12 09:30:00,130.02000427246094,132.24000549316406,129.0800018310547,131.13999938964844,160278600,130.79808044433594
2025-02-13 09:30:00,131.55999755859375,136.5,131.1699981689453,135.2899932861328,197430000,134.937255859375
2025-02-14 09:30:00,136.47999572753906,139.25,135.5,138.85000610351562,195479600,138.48797607421875
2025-02-18 09:30:00,141.27000427246094,143.44000244140625,137.92999267578125,139.39999389648438,219176600,139.03652954101562
2025-02-19 09:30:00,139.50999450683594,141.36000061035156,137.22000122070312,139.22999572753906,167536000,138.86697387695312
2025-02-20 09:30:00,140.02999877929688,140.66000366210938,136.7899932861328,140.11000061035156,143903600,139.7447052001953
2025-02-21 09:30:00,140.0399932861328,141.4600067138672,134.02999877929688,134.42999267578125,228217600,134.0795135498047
2025-02-24 09:30:00,136.55999755859375,138.58999633789062,130.0800018310547,130.27999877929688,251381100,129.94032287597656
2025-02-25 09:30:00,129.97999572753906,130.1999969482422,124.44000244140625,126.62999725341797,271428700,126.29983520507812
2025-02-26 09:30:00,129.99000549316406,133.72999572753906,128.49000549316406,131.27999877929688,322553800,130.93771362304688
2025-02-27 09:30:00,135.0,135.00999450683594,120.01000213623047,120.1500015258789,443175800,119.83672332763672
2025-02-28 09:30:00,118.0199966430664,125.08999633789062,116.4000015258789,124.91999816894531,389091100,124.59428405761719
2025-03-03 09:30:00,123.51000213623047,123.69999694824219,112.27999877929688,114.05999755859375,411381400,113.76260375976562
2025-03-04 09:30:00,110.6500015258789,119.30999755859375,110.11000061035156,115.98999786376953,398163300,115.68756866455078
2025-03-05 09:30:00,117.58000183105469,118.27999877929688,114.51000213623047,117.30000305175781,284337900,116.99417114257812
2025-03-06 09:30:00,113.52999877929688,115.3499984741211,110.22000122070312,110.56999969482422,321181900,110.28170776367188
2025-03-07 09:30:00,111.25,113.4800033569336,107.55999755859375,112.69000244140625,341755500,112.39617919921875
2025-03-10 09:30:00,109.9000015258789,111.8499984741211,105.45999908447266,106.9800033569336,366487400,106.70105743408203
2025-03-11 09:30:00,106.98999786376953,112.23999786376953,104.7699966430664,108.76000213623047,354865700,108.47642517089844
2025-03-12 09:30:00,114.12000274658203,116.76000213623047,112.87999725341797,115.73999786376953,323857500,115.44884490966797
2025-03-13 09:30:00,117.02999877929688,117.76000213623047,113.79000091552734,115.58000183105469,299033100,115.28925323486328
2025-03-14 09:30:00,118.61000061035156,121.87999725341797,118.1500015258789,121.66999816894531,277593500,121.36392211914062
2025-03-17 09:30:00,122.73999786376953,122.88999938964844,118.02999877929688,119.52999877929688,255501500,119.22930908203125
2025-03-18 09:30:00,118.0,119.0199966430664,114.54000091552734,115.43000030517578,299686900,115.13963317871094
2025-03-19 09:30:00,117.2699966430664,120.44999694824219,115.68000030517578,117.5199966430664,273426200,117.224365234375
2025-03-20 09:30:00,116.55000305175781,120.19999694824219,116.47000122070312,118.52999877929688,248829700,118.2318115234375
2025-03-21 09:30:00,116.94000244140625,117.98999786376953,115.41999816894531,117.69999694824219,266498500,117.4039077758789
2025-03-24 09:30:00,119.87999725341797,122.22000122070312,119.33999633789062,121.41000366210938,228452500,121.10458374023438
2025-03-25 09:30:00,120.55000305175781,121.29000091552734,118.91999816894531,120.69000244140625,167447200,120.38639068603516
2025-03-26 09:30:00,118.7300033569336,118.83999633789062,112.70999908447266,113.76000213623047,293463300,113.47382354736328
2025-03-27 09:30:00,111.3499984741211,114.44999694824219,110.66000366210938,111.43000030517578,236902100,111.1496810913086
2025-03-28 09:30:00,111.48999786376953,112.87000274658203,109.06999969482422,109.66999816894531,229872500,109.39411163330078
2025-03-31 09:30:00,105.12999725341797,110.95999908447266,103.6500015258789,108.37999725341797,299212700,108.10735321044922
2025-04-01 09:30:00,108.5199966430664,110.19999694824219,106.47000122070312,110.1500015258789,222614000,109.87291717529297
2025-04-02 09:30:00,107.29000091552734,111.9800033569336,106.79000091552734,110.41999816894531,220601200,110.14221954345703
2025-04-03 09:30:00,103.51000213623047,105.62999725341797,101.5999984741211,101.80000305175781,338769400,101.54390716552734
2025-04-04 09:30:00,98.91000366210938,100.12999725341797,92.11000061035156,94.30999755859375,532273800,94.07275390625
2025-04-07 09:30:00,87.45999908447266,101.75,86.62000274658203,97.63999938964844,611041300,97.39437103271484
2025-04-08 09:30:00,103.80999755859375,105.8499984741211,94.45999908447266,96.30000305175781,476243400,96.05774688720703
2025-04-09 09:30:00,98.88999938964844,115.0999984741211,97.52999877929688,114.33000183105469,612918300,114.04240417480469
2025-04-10 09:30:00,109.37000274658203,110.86000061035156,99.1500015258789,107.56999969482422,437812400,107.29940032958984
2025-04-11 09:30:00,108.5,111.55000305175781,107.4800033569336,110.93000030517578,313417300,110.65094757080078
2025-04-14 09:30:00,114.11000061035156,114.29000091552734,109.06999969482422,110.70999908447266,264705000,110.4314956665039
2025-04-15 09:30:00,110.97000122070312,113.62000274658203,110.5,112.19999694824219,228966900,111.9177474975586
2025-04-16 09:30:00,104.55000305175781,106.79000091552734,100.44999694824219,104.48999786376953,397016900,104.22714233398438
2025-04-17 09:30:00,104.44999694824219,104.47000122070312,100.05000305175781,101.48999786376953,292517500,101.23468780517578
2025-04-21 09:30:00,98.7699966430664,99.44000244140625,95.04000091552734,96.91000366210938,288501100,96.66622161865234
2025-04-22 09:30:00,98.77999877929688,99.80999755859375,97.27999877929688,98.88999938964844,241004800,98.6412353515625
2025-04-23 09:30:00,104.5199966430664,104.80000305175781,102.0199966430664,102.70999908447266,247526000,102.45161437988281
2025-04-24 09:30:00,103.4800033569336,106.54000091552734,103.11000061035156,106.43000030517578,220815000,106.1622543334961
2025-04-25 09:30:00,106.8499984741211,111.91999816894531,105.7300033569336,111.01000213623047,251064700,110.73074340820312
2025-04-28 09:30:00,109.69000244140625,110.37000274658203,106.0199966430664,108.7300033569336,207708500,108.45648193359375
2025-04-29 09:30:00,107.66999816894531,110.19999694824219,107.44000244140625,109.0199966430664,170444300,108.7457504272461
2025-04-30 09:30:00,104.47000122070312,108.91999816894531,104.08000183105469,108.91999816894531,235044600,108.64599609375
2025-05-01 09:30:00,113.08000183105469,114.94000244140625,111.30000305175781,111.61000061035156,236121500,111.32923126220703
2025-05-02 09:30:00,114.18000030517578,115.4000015258789,113.37000274658203,114.5,190194800,114.21197509765625
2025-05-05 09:30:00,112.91000366210938,114.66999816894531,112.66000366210938,113.81999969482422,133163200,113.5336685180664
2025-05-06 09:30:00,111.4800033569336,114.73999786376953,110.81999969482422,113.54000091552734,158525600,113.25438690185547
2025-05-07 09:30:00,113.05000305175781,117.68000030517578,112.27999877929688,117.05999755859375,206758800,116.7655258178711
2025-05-08 09:30:00,118.25,118.68000030517578,115.8499984741211,117.37000274658203,198428100,117.07474517822266
2025-05-09 09:30:00,117.3499984741211,118.2300033569336,115.20999908447266,116.6500015258789,132972200,116.35655212402344
2025-05-12 09:30:00,121.97000122070312,123.0,120.27999877929688,123.0,225023300,122.69058227539062
2025-05-13 09:30:00,124.9800033569336,131.22000122070312,124.47000122070312,129.92999267578125,330430100,129.6031494140625
2025-05-14 09:30:00,133.1999969482422,135.44000244140625,131.67999267578125,135.33999633789062,281180800,134.99952697753906
2025-05-15 09:30:00,134.2899932861328,136.3000030517578,132.66000366210938,134.8300018310547,226632600,134.49081420898438
2025-05-16 09:30:00,136.22000122070312,136.35000610351562,133.4600067138672,135.39999389648438,226542500,135.05938720703125
2025-05-19 09:30:00,132.38999938964844,135.8699951171875,132.38999938964844,135.57000732421875,193154600,135.22897338867188
2025-05-20 09:30:00,134.2899932861328,134.5800018310547,132.6199951171875,134.3800048828125,161514200,134.04196166992188
2025-05-21 09:30:00,133.05999755859375,137.39999389648438,130.58999633789062,131.8000030517578,270608700,131.46844482421875
2025-05-22 09:30:00,132.22999572753906,134.25,131.5500030517578,132.8300018310547,187344000,132.495849609375
2025-05-23 09:30:00,130.0,132.67999267578125,129.16000366210938,131.2899932861328,198821300,130.959716796875
2025-05-27 09:30:00,134.14999389648438,135.66000366210938,133.30999755859375,135.5,192953600,135.15914916992188
2025-05-28 09:30:00,136.02999877929688,137.25,134.7899932861328,134.80999755859375,304021100,134.47085571289062
2025-05-29 09:30:00,142.25,143.49000549316406,137.91000366210938,139.19000244140625,369241900,138.83984375
2025-05-30 09:30:00,138.72000122070312,139.6199951171875,132.9199981689453,135.1300048828125,333170900,134.79006958007812
2025-06-02 09:30:00,135.49000549316406,138.1199951171875,135.39999389648438,137.3800048828125,197663100,137.034423828125
2025-06-03 09:30:00,138.77999877929688,142.0,137.9499969482422,141.22000122070312,225578800,140.86474609375
2025-06-04 09:30:00,142.19000244140625,142.38999938964844,139.5399932861328,141.9199981689453,167120800,141.56297302246094
2025-06-05 09:30:00,142.1699981689453,144.0,138.8300018310547,139.99000549316406,231397900,139.63784790039062
2025-06-06 09:30:00,142.50999450683594,143.27000427246094,141.50999450683594,141.72000122070312,153986200,141.36349487304688
2025-06-09 09:30:00,143.19000244140625,145.0,141.94000244140625,142.6300048828125,185114500,142.27120971679688
2025-06-10 09:30:00,142.69000244140625,144.2899932861328,141.52999877929688,143.9600067138672,155881900,143.5978546142578
2025-06-11 09:30:00,144.61000061035156,144.99000549316406,141.8699951171875,142.8300018310547,167694000,142.4805908203125
2025-06-12 09:30:00,141.97000122070312,145.0,141.85000610351562,145.0,162365000,144.645263671875
2025-06-13 09:30:00,142.47999572753906,143.5800018310547,140.85000610351562,141.97000122070312,180820600,141.62269592285156
2025-06-16 09:30:00,143.35000610351562,146.17999267578125,143.1999969482422,144.69000244140625,183133700,144.33602905273438
2025-06-17 09:30:00,144.49000549316406,145.22000122070312,143.77999877929688,144.1199951171875,139108000,143.76742553710938
2025-06-18 09:30:00,144.00999450683594,145.64999389648438,143.1199951171875,145.47999572753906,161494100,145.12411499023438
2025-06-20 09:30:00,145.4499969482422,146.1999969482422,142.64999389648438,143.85000610351562,242956200,143.4980926513672
2025-06-23 09:30:00,142.5,144.77999877929688,142.02999877929688,144.1699981689453,154308900,143.81732177734375
2025-06-24 09:30:00,145.55999755859375,147.9600067138672,145.5,147.89999389648438,187566100,147.53817749023438
2025-06-25 09:30:00,149.27000427246094,154.4499969482422,149.25999450683594,154.30999755859375,269146500,153.9324951171875
2025-06-26 09:30:00,155.97999572753906,156.72000122070312,154.0,155.02000427246094,198145700,154.6407928466797
2025-06-27 09:30:00,156.0399932861328,158.7100067138672,155.25999450683594,157.75,263234500,157.3640899658203
2025-06-30 09:30:00,158.39999389648438,158.66000366210938,155.9600067138672,157.99000549316406,194580300,157.603515625
2025-07-01 09:30:00,156.2899932861328,157.1999969482422,151.49000549316406,153.3000030517578,213143600,152.92498779296875
2025-07-02 09:30:00,152.97999572753906,157.60000610351562,152.97000122070312,157.25,171224100,156.8653106689453
2025-07-03 09:30:00,158.3699951171875,160.97999572753906,157.77000427246094,159.33999633789062,143716100,158.9501953125
2025-07-07 09:30:00,158.1999969482422,159.30999755859375,157.33999633789062,158.24000549316406,140139000,157.8529052734375
2025-07-08 09:30:00,159.3300018310547,160.22000122070312,158.38999938964844,160.0,138133000,159.60858154296875
2025-07-09 09:30:00,161.22000122070312,164.4199981689453,161.16000366210938,162.8800048828125,183656400,162.48155212402344
2025-07-10 09:30:00,164.32000732421875,164.5,161.61000061035156,164.10000610351562,167704100,163.69857788085938
2025-07-11 09:30:00,163.72000122070312,167.88999938964844,163.47000122070312,164.9199981689453,193633300,164.51657104492188
2025-07-14 09:30:00,165.3699951171875,165.49000549316406,162.02000427246094,164.07000732421875,136975800,163.66864013671875
2025-07-15 09:30:00,171.19000244140625,172.39999389648438,169.1999969482422,170.6999969482422,230627400,170.28240966796875
2025-07-16 09:30:00,171.05999755859375,171.75,168.89999389648438,171.3699951171875,158831500,170.9507598876953
2025-07-17 09:30:00,172.02000427246094,174.16000366210938,170.8300018310547,173.0,160841100,172.5767822265625
2025-07-18 09:30:00,173.63999938964844,174.25,171.25999450683594,172.41000366210938,146456400,171.98822021484375
2025-07-21 09:30:00,172.75,173.3800048828125,171.0,171.3800048828125,123126100,170.9607391357422
2025-07-22 09:30:00,171.33999633789062,171.38999938964844,164.5800018310547,167.02999877929688,193114300,166.6213836669922
2025-07-23 09:30:00,169.52999877929688,171.25999450683594,167.97000122070312,170.77999877929688,154082200,170.36219787597656
2025-07-24 09:30:00,172.44000244140625,173.8300018310547,171.3000030517578,173.74000549316406,128984600,173.3149871826172
2025-07-25 09:30:00,173.61000061035156,174.72000122070312,172.9600067138672,173.5,122316800,173.07554626464844
2025-07-28 09:30:00,174.02000427246094,177.0,173.97000122070312,176.75,140023500,176.31761169433594
2025-07-29 09:30:00,177.9600067138672,179.3800048828125,175.02000427246094,175.50999450683594,154077500,175.0806427001953
2025-07-30 09:30:00,176.50999450683594,179.88999938964844,176.0399932861328,179.27000427246094,174312200,178.83143615722656
2025-07-31 09:30:00,182.89999389648438,183.3000030517578,175.92999267578125,177.8699951171875,221685400,177.43487548828125
2025-08-01 09:30:00,174.08999633789062,176.5399932861328,170.88999938964844,173.72000122070312,204529000,173.2950439453125
2025-08-04 09:30:00,175.16000366210938,180.1999969482422,174.52000427246094,180.0,148174600,179.5596466064453
2025-08-05 09:30:00,179.6199951171875,180.25999450683594,175.89999389648438,178.25999450683594,156407600,177.8238983154297
2025-08-06 09:30:00,176.3300018310547,179.89999389648438,176.25,179.4199981689453,137192300,178.9810791015625
2025-08-07 09:30:00,181.57000732421875,183.8800048828125,178.8000030517578,180.77000427246094,151878400,180.3278045654297
2025-08-08 09:30:00,181.5500030517578,183.3000030517578,180.39999389648438,182.6999969482422,123396700,182.2530517578125
2025-08-11 09:30:00,182.0500030517578,183.83999633789062,180.25,182.05999755859375,138323200,181.61460876464844
2025-08-12 09:30:00,182.9600067138672,184.47999572753906,179.4600067138672,183.16000366210938,145485700,182.71194458007812
2025-08-13 09:30:00,182.6199951171875,183.97000122070312,179.35000610351562,181.58999633789062,179871700,181.14578247070312
2025-08-14 09:30:00,179.75,183.02000427246094,179.4600067138672,182.02000427246094,129554000,181.57470703125
2025-08-15 09:30:00,181.8800048828125,181.89999389648438,178.0399932861328,180.4499969482422,156602200,180.00856018066406
2025-08-18 09:30:00,180.60000610351562,182.94000244140625,180.58999633789062,182.00999450683594,132008000,181.56472778320312
2025-08-19 09:30:00,182.42999267578125,182.5,175.49000549316406,175.63999938964844,185229200,175.21034240722656
2025-08-20 09:30:00,175.1699981689453,176.0,168.8000030517578,175.39999389648438,215142700,174.97091674804688
2025-08-21 09:30:00,174.85000610351562,176.89999389648438,173.80999755859375,174.97999572753906,140040900,174.55194091796875
2025-08-22 09:30:00,172.61000061035156,178.58999633789062,171.1999969482422,177.99000549316406,172789400,177.55458068847656
2025-08-25 09:30:00,178.35000610351562,181.91000366210938,176.57000732421875,179.80999755859375,163012800,179.37013244628906
2025-08-26 09:30:00,180.05999755859375,182.38999938964844,178.80999755859375,181.77000427246094,168688200,181.3253173828125
2025-08-27 09:30:00,181.97999572753906,182.49000549316406,179.10000610351562,181.60000610351562,235518900,181.15576171875
2025-08-28 09:30:00,180.82000732421875,184.47000122070312,176.41000366210938,180.1699981689453,281787800,179.729248046875
2025-08-29 09:30:00,178.11000061035156,178.14999389648438,173.14999389648438,174.17999267578125,243257900,173.75389099121094
2025-09-02 09:30:00,170.0,172.3800048828125,167.22000122070312,170.77999877929688,231164900,170.36219787597656
2025-09-03 09:30:00,171.05999755859375,172.41000366210938,168.8800048828125,170.6199951171875,164424900,170.20260620117188
2025-09-04 09:30:00,170.57000732421875,171.86000061035156,169.41000366210938,171.66000366210938,141670100,171.2400665283203
2025-09-05 09:30:00,168.02999877929688,169.02999877929688,164.07000732421875,167.02000427246094,224441400,166.6114044189453
2025-09-08 09:30:00,167.5500030517578,170.9600067138672,167.35000610351562,168.30999755859375,163769100,167.89825439453125
2025-09-09 09:30:00,169.08999633789062,170.97999572753906,166.74000549316406,170.75999450683594,157548400,170.3422393798828
2025-09-10 09:30:00,176.63999938964844,179.2899932861328,175.47000122070312,177.3300018310547,226852000,176.89620971679688
2025-09-11 09:30:00,179.67999267578125,180.27999877929688,176.47999572753906,177.1699981689453,151159300,176.7465362548828
2025-09-12 09:30:00,177.77000427246094,178.60000610351562,176.4499969482422,177.82000732421875,124911000,177.39500427246094
2025-09-15 09:30:00,175.6699981689453,178.85000610351562,174.50999450683594,177.75,147061600,177.32516479492188
2025-09-16 09:30:00,177.0,177.5,174.3800048828125,174.8800048828125,140737800,174.46202087402344
2025-09-17 09:30:00,172.63999938964844,173.1999969482422,168.41000366210938,170.2899932861328,211843800,169.8829803466797
2025-09-18 09:30:00,173.97999572753906,177.10000610351562,172.9600067138672,176.24000549316406,191763300,175.81878662109375
2025-09-19 09:30:00,175.77000427246094,178.0800018310547,175.17999267578125,176.6699981689453,237182100,176.24774169921875
2025-09-22 09:30:00,175.3000030517578,184.5500030517578,174.7100067138672,183.61000061035156,269637000,183.17115783691406
2025-09-23 09:30:00,181.97000122070312,182.4199981689453,176.2100067138672,178.42999267578125,192559600,178.0035400390625
2025-09-24 09:30:00,179.77000427246094,179.77999877929688,175.39999389648438,176.97000122070312,143564100,176.54702758789062
2025-09-25 09:30:00,174.47999572753906,180.25999450683594,173.1300048828125,177.69000244140625,191586700,177.26528930664062
2025-09-26 09:30:00,178.1699981689453,179.77000427246094,174.92999267578125,178.19000244140625,148573700,177.7641143798828
2025-09-29 09:30:00,180.42999267578125,184.0,180.32000732421875,181.85000610351562,193063500,181.4153594970703
2025-09-30 09:30:00,182.0800018310547,187.35000610351562,181.47999572753906,186.5800018310547,236981000,186.13406372070312
2025-10-01 09:30:00,185.24000549316406,188.13999938964844,183.89999389648438,187.24000549316406,173844900,186.79249572753906
2025-10-02 09:30:00,189.60000610351562,191.0500030517578,188.05999755859375,188.88999938964844,136805800,188.43853759765625
2025-10-03 09:30:00,189.19000244140625,190.36000061035156,185.3800048828125,187.6199951171875,137596900,187.17156982421875
2025-10-06 09:30:00,185.5,187.22999572753906,183.3300018310547,185.5399932861328,157678100,185.09654235839844
2025-10-07 09:30:00,186.22999572753906,189.05999755859375,184.0,185.0399932861328,140088000,184.59771728515625
2025-10-08 09:30:00,186.57000732421875,189.60000610351562,186.5399932861328,189.11000061035156,130168900,188.65802001953125
2025-10-09 09:30:00,192.22999572753906,195.3000030517578,191.05999755859375,192.57000732421875,182997200,192.1097412109375
2025-10-10 09:30:00,193.50999450683594,195.6199951171875,182.0500030517578,183.16000366210938,268774400,182.7222442626953
2025-10-13 09:30:00,187.97000122070312,190.11000061035156,185.9600067138672,188.32000732421875,153482800,187.8699188232422
2025-10-14 09:30:00,184.77000427246094,184.8000030517578,179.6999969482422,180.02999877929688,205641400,179.59971618652344
2025-10-15 09:30:00,184.8000030517578,184.8699951171875,177.2899932861328,179.8300018310547,214450500,179.40017700195312
2025-10-16 09:30:00,182.22999572753906,183.27999877929688,179.77000427246094,181.80999755859375,179723300,181.3754425048828
2025-10-17 09:30:00,180.17999267578125,184.10000610351562,179.75,183.22000122070312,173135200,182.78208923339844
2025-10-20 09:30:00,183.1300048828125,185.1999969482422,181.72999572753906,182.63999938964844,128544700,182.20347595214844
2025-10-21 09:30:00,182.7899932861328,182.7899932861328,179.8000030517578,181.16000366210938,124240200,180.72702026367188
2025-10-22 09:30:00,181.13999938964844,183.44000244140625,176.75999450683594,180.27999877929688,162249600,179.84910583496094
2025-10-23 09:30:00,180.4199981689453,183.02999877929688,179.7899932861328,182.16000366210938,111363700,181.72463989257812
2025-10-24 09:30:00,183.83999633789062,187.47000122070312,183.5,186.25999450683594,131296700,185.81480407714844
2025-10-27 09:30:00,189.99000549316406,192.0,188.42999267578125,191.49000549316406,153452700,191.03233337402344
2025-10-28 09:30:00,193.0500030517578,203.14999389648438,191.91000366210938,201.02999877929688,297986200,200.54953002929688
2025-10-29 09:30:00,207.97999572753906,212.19000244140625,204.77999877929688,207.0399932861328,308829600,206.54513549804688
2025-10-30 09:30:00,205.14999389648438,206.16000366210938,201.41000366210938,202.88999938964844,178864400,202.40505981445312
2025-10-31 09:30:00,206.4499969482422,207.97000122070312,202.07000732421875,202.49000549316406,179802200,202.0060577392578
2025-11-03 09:30:00,208.0800018310547,211.33999633789062,205.55999755859375,206.8800048828125,180267300,206.3855438232422
2025-11-04 09:30:00,203.0,203.97000122070312,197.92999267578125,198.69000244140625,188919300,198.21511840820312
2025-11-05 09:30:00,198.77000427246094,202.9199981689453,194.64999389648438,195.2100067138672,171350300,194.74342346191406
2025-11-06 09:30:00,196.4199981689453,197.6199951171875,186.3800048828125,188.0800018310547,223029800,187.63047790527344
2025-11-07 09:30:00,184.89999389648438,188.32000732421875,178.91000366210938,188.14999389648438,264942300,187.70028686523438
2025-11-10 09:30:00,195.11000061035156,199.94000244140625,193.7899932861328,199.0500030517578,198897100,198.5742645263672
2025-11-11 09:30:00,195.16000366210938,195.4199981689453,191.3000030517578,193.16000366210938,176483300,192.69834899902344
2025-11-12 09:30:00,195.72000122070312,195.88999938964844,191.1300048828125,193.8000030517578,154935300,193.33680725097656
2025-11-13 09:30:00,191.0500030517578,191.44000244140625,183.85000610351562,186.86000061035156,207423100,186.4134063720703
2025-11-14 09:30:00,182.86000061035156,191.00999450683594,180.5800018310547,190.1699981689453,186591900,189.71546936035156
2025-11-17 09:30:00,185.97000122070312,189.0,184.32000732421875,186.60000610351562,173628900,186.15402221679688
2025-11-18 09:30:00,183.3800048828125,184.8000030517578,179.64999389648438,181.36000061035156,213598900,180.92652893066406
2025-11-19 09:30:00,184.7899932861328,187.86000061035156,182.8300018310547,186.52000427246094,247246400,186.07420349121094
2025-11-20 09:30:00,195.9499969482422,196.0,179.85000610351562,180.63999938964844,343504800,180.208251953125
2025-11-21 09:30:00,181.24000549316406,184.55999755859375,172.92999267578125,178.8800048828125,346926200,178.4524688720703
2025-11-24 09:30:00,179.49000549316406,183.5,176.47999572753906,182.5500030517578,256618300,182.1136932373047
2025-11-25 09:30:00,174.91000366210938,178.16000366210938,169.5500030517578,177.82000732421875,320600300,177.39500427246094
2025-11-26 09:30:00,181.6300048828125,182.91000366210938,178.24000549316406,180.25999450683594,183852000,179.82916259765625
2025-11-28 09:30:00,179.00999450683594,179.2899932861328,176.5,177.0,121332800,176.57696533203125
2025-12-01 09:30:00,174.75999450683594,180.3000030517578,173.67999267578125,179.9199981689453,188131000,179.48997497558594
2025-12-02 09:30:00,181.75999450683594,185.66000366210938,180.0,181.4600067138672,182632200,181.02630615234375
2025-12-03 09:30:00,181.0800018310547,182.4499969482422,179.11000061035156,179.58999633789062,165138000,179.1607666015625
2025-12-04 09:30:00,181.6199951171875,184.52000427246094,179.9600067138672,183.3800048828125,167364900,182.95188903808594
2025-12-05 09:30:00,183.88999938964844,184.66000366210938,180.91000366210938,182.41000366210938,143971100,181.98416137695312
2025-12-08 09:30:00,182.63999938964844,188.0,182.39999389648438,185.5500030517578,204378100,185.1168212890625
2025-12-09 09:30:00,185.55999755859375,185.72000122070312,183.32000732421875,184.97000122070312,144719700,184.53819274902344
2025-12-10 09:30:00,184.97000122070312,185.47999572753906,182.0399932861328,183.77999877929688,162785400,183.3509521484375
2025-12-11 09:30:00,180.27999877929688,181.32000732421875,176.6199951171875,180.92999267578125,182136600,180.50759887695312
2025-12-12 09:30:00,181.11000061035156,182.82000732421875,174.6199951171875,175.02000427246094,204274900,174.61141967773438
2025-12-15 09:30:00,177.94000244140625,178.4199981689453,175.02999877929688,176.2899932861328,164775600,175.87843322753906
2025-12-16 09:30:00,176.25999450683594,178.49000549316406,174.89999389648438,177.72000122070312,148588100,177.3050994873047
2025-12-17 09:30:00,176.10000610351562,176.1300048828125,170.30999755859375,170.94000244140625,222775500,170.5409393310547
2025-12-18 09:30:00,174.52999877929688,176.14999389648438,171.82000732421875,174.13999938964844,176096000,173.73345947265625
2025-12-19 09:30:00,176.6699981689453,181.4499969482422,176.33999633789062,180.99000549316406,324925900,180.56747436523438
2025-12-22 09:30:00,183.9199981689453,184.16000366210938,182.35000610351562,183.69000244140625,129064400,183.26116943359375
2025-12-23 09:30:00,182.97000122070312,189.3300018310547,182.89999389648438,189.2100067138672,174873600,188.76829528808594
2025-12-24 09:30:00,187.94000244140625,188.91000366210938,186.58999633789062,188.61000061035156,65528500,188.169677734375
2025-12-26 09:30:00,189.9199981689453,192.69000244140625,188.0,190.52999877929688,139740300,190.085205078125
2025-12-29 09:30:00,187.7100067138672,188.75999450683594,185.91000366210938,188.22000122070312,120006100,187.7805938720703
2025-12-30 09:30:00,188.24000549316406,188.99000549316406,186.92999267578125,187.5399932861328,97687300,187.10218811035156
2025-12-31 09:30:00,189.57000732421875,190.55999755859375,186.49000549316406,186.5,120100500,186.06460571289062
2026-01-02 09:30:00,189.83999633789062,192.92999267578125,188.25999450683594,188.85000610351562,148240500,188.4091339111328
2026-01-05 09:30:00,191.75999450683594,193.6300048828125,186.14999389648438,188.1199951171875,183529700,187.6808319091797
2026-01-06 09:30:00,190.52000427246094,192.1699981689453,186.82000732421875,187.24000549316406,176862600,186.8029022216797
2026-01-07 09:30:00,188.57000732421875,191.3699951171875,186.55999755859375,189.11000061035156,153543200,188.66851806640625
2026-01-08 09:30:00,189.11000061035156,189.5500030517578,183.7100067138672,185.0399932861328,172457000,184.60800170898438
2026-01-09 09:30:00,185.0800018310547,186.33999633789062,183.6699981689453,184.86000061035156,131327500,184.42843627929688
2026-01-12 09:30:00,183.22000122070312,187.1199951171875,183.02000427246094,184.94000244140625,137968500,184.5082550048828
2026-01-13 09:30:00,185.0,188.11000061035156,183.39999389648438,185.80999755859375,160128900,185.376220703125
2026-01-14 09:30:00,184.32000732421875,184.4600067138672,180.8000030517578,183.13999938964844,159586100,182.7124481201172
2026-01-15 09:30:00,186.5,189.6999969482422,186.3300018310547,187.0500030517578,206188600,186.6133270263672
2026-01-16 09:30:00,189.0800018310547,190.44000244140625,186.0800018310547,186.22999572753906,187967200,185.7952423095703
2026-01-20 09:30:00,181.89999389648438,182.3800048828125,177.61000061035156,178.07000732421875,223345300,177.65428161621094
2026-01-21 09:30:00,179.0500030517578,185.3800048828125,178.39999389648438,183.32000732421875,200381000,182.8920440673828
2026-01-22 09:30:00,184.75,186.1699981689453,183.92999267578125,184.83999633789062,139636600,184.40847778320312
2026-01-23 09:30:00,187.5,189.60000610351562,186.82000732421875,187.6699981689453,142748100,187.23187255859375
2026-01-26 09:30:00,187.16000366210938,189.1199951171875,185.99000549316406,186.47000122070312,124799600,186.03466796875
2026-01-27 09:30:00,187.24000549316406,190.0,185.6999969482422,188.52000427246094,143711600,188.07989501953125
2026-01-28 09:30:00,191.27000427246094,192.35000610351562,189.83999633789062,191.52000427246094,148552700,191.0728759765625
2026-01-29 09:30:00,191.33999633789062,193.47999572753906,186.05999755859375,192.50999450683594,171764400,192.06057739257812
2026-01-30 09:30:00,191.2100067138672,194.49000549316406,189.47000122070312,191.1300048828125,179489500,190.68380737304688
2026-02-02 09:30:00,187.1999969482422,190.3000030517578,184.8800048828125,185.61000061035156,165794100,185.1766815185547
2026-02-03 09:30:00,186.24000549316406,186.27000427246094,176.22999572753906,180.33999633789062,204019600,179.91897583007812
2026-02-04 09:30:00,179.4600067138672,179.5800018310547,171.91000366210938,174.19000244140625,207014100,173.78335571289062
2026-02-05 09:30:00,174.92999267578125,176.82000732421875,171.02999877929688,171.8800048828125,206312900,171.47874450683594
2026-02-06 09:30:00,176.69000244140625,187.0,174.60000610351562,185.41000366210938,231346200,184.97715759277344
2026-02-09 09:30:00,184.25999450683594,193.66000366210938,183.9499969482422,190.0399932861328,196387400,189.59634399414062
2026-02-10 09:30:00,191.3800048828125,192.47999572753906,188.1199951171875,188.5399932861328,136764800,188.09983825683594
2026-02-11 09:30:00,192.4499969482422,193.25999450683594,188.77000427246094,190.0500030517578,144192700,189.60633850097656
2026-02-12 09:30:00,193.02999877929688,193.61000061035156,186.50999450683594,186.94000244140625,189932500,186.50360107421875
2026-02-13 09:30:00,187.47999572753906,187.5,181.58999633789062,182.80999755859375,161888000,182.38320922851562
2026-02-17 09:30:00,181.75,187.14999389648438,179.17999267578125,184.97000122070312,162276900,184.53819274902344
2026-02-18 09:30:00,188.75,190.3699951171875,186.75999450683594,187.97999572753906,164749100,187.5411376953125
2026-02-19 09:30:00,187.05999755859375,188.42999267578125,185.66000366210938,187.89999389648438,126554500,187.46131896972656
2026-02-20 09:30:00,186.57000732421875,190.3300018310547,185.94000244140625,189.82000732421875,178422300,189.37686157226562
2026-02-23 09:30:00,191.39999389648438,193.9499969482422,189.5800018310547,191.5500030517578,171584800,191.10281372070312
2026-02-24 09:30:00,191.49000549316406,193.77000427246094,187.39999389648438,192.85000610351562,175123600,192.39979553222656
2026-02-25 09:30:00,194.4499969482422,197.6300048828125,193.7899932861328,195.55999755859375,250637100,195.10345458984375
2026-02-26 09:30:00,194.27000427246094,194.2899932861328,184.32000732421875,184.88999938964844,360807900,184.4583740234375
2026-02-27 09:30:00,181.25,182.58999633789062,176.3800048828125,177.19000244140625,311636500,176.77633666992188
2026-03-02 09:30:00,175.00999450683594,183.4600067138672,174.63999938964844,182.47999572753906,209095300,182.05397033691406
2026-03-03 09:30:00,178.49000549316406,180.89999389648438,176.9199981689453,180.0500030517578,178099400,179.62966918945312
2026-03-04 09:30:00,180.44000244140625,184.6999969482422,180.05999755859375,183.0399932861328,177731200,182.61268615722656
2026-03-05 09:30:00,181.1699981689453,184.05999755859375,177.8800048828125,183.33999633789062,198779700,182.91197204589844
2026-03-06 09:30:00,179.83999633789062,182.75999450683594,176.82000732421875,177.82000732421875,189021900,177.40487670898438
2026-03-09 09:30:00,176.8300018310547,182.91000366210938,175.55999755859375,182.64999389648438,177213600,182.2235870361328
2026-03-10 09:30:00,182.39999389648438,186.44000244140625,182.00999450683594,184.77000427246094,179118500,184.33865356445312
2026-03-11 09:30:00,185.91000366210938,187.6199951171875,184.4499969482422,186.02999877929688,145280400,185.60574340820312
2026-03-12 09:30:00,184.0500030517578,184.94000244140625,181.75,183.13999938964844,155762700,182.7223358154297
2026-03-13 09:30:00,184.9199981689453,186.08999633789062,179.94000244140625,180.25,160988400,179.8389434814453
2026-03-16 09:30:00,182.97000122070312,188.8800048828125,181.41000366210938,183.22000122070312,217307400,182.80215454101562
2026-03-17 09:30:00,185.05999755859375,185.39999389648438,181.67999267578125,181.92999267578125,182497800,181.51510620117188
2026-03-18 09:30:00,182.47999572753906,183.3800048828125,180.3300018310547,180.39999389648438,156683100,179.98858642578125
2026-03-19 09:30:00,178.00999450683594,179.97999572753906,175.7899932861328,178.55999755859375,170968500,178.15277099609375
2026-03-20 09:30:00,178.0,178.25999450683594,171.72000122070312,172.6999969482422,241323500,172.30615234375
2026-03-23 09:30:00,177.25999450683594,178.3699951171875,174.75999450683594,175.63999938964844,182836300,175.23944091796875
2026-03-24 09:30:00,174.8300018310547,176.22000122070312,173.97999572753906,175.1999969482422,147667800,174.80044555664062
2026-03-25 09:30:00,177.10000610351562,181.22000122070312,176.85000610351562,178.67999267578125,162602100,178.2725067138672
2026-03-26 09:30:00,176.07000732421875,176.50999450683594,171.13999938964844,171.24000549316406,186152200,170.8494873046875
2026-03-27 09:30:00,170.0,170.97000122070312,167.00999450683594,167.52000427246094,196212700,167.13796997070312
2026-03-30 09:30:00,168.77999877929688,169.4499969482422,164.27000427246094,165.1699981689453,185627000,164.79331970214844
2026-03-31 09:30:00,166.97000122070312,174.6199951171875,166.9600067138672,174.39999389648438,226181300,174.00225830078125
2026-04-01 09:30:00,176.0,177.3699951171875,174.75,175.75,168132000,175.34918212890625
2026-04-02 09:30:00,172.17999267578125,177.49000549316406,171.3699951171875,177.38999938964844,143143200,176.98545837402344
2026-04-06 09:30:00,177.16000366210938,177.7899932861328,175.75999450683594,177.63999938964844,107564300,177.23487854003906
2026-04-07 09:30:00,175.72999572753906,178.22999572753906,173.66000366210938,178.10000610351562,132534900,177.69383239746094
2026-04-08 09:30:00,184.5,185.25999450683594,180.3000030517578,182.0800018310547,147732700,181.66476440429688
2026-04-09 09:30:00,181.83999633789062,184.0800018310547,180.6199951171875,183.91000366210938,116428500,183.4906005859375
2026-04-10 09:30:00,184.30999755859375,190.0,184.3000030517578,188.6300048828125,160459500,188.1998291015625
2026-04-13 09:30:00,186.02999877929688,189.66000366210938,185.74000549316406,189.30999755859375,133648200,188.87826538085938
2026-04-14 09:30:00,190.83999633789062,196.50999450683594,190.77000427246094,196.50999450683594,161307000,196.0618438720703
2026-04-15 09:30:00,196.5399932861328,200.39999389648438,195.74000549316406,198.8699951171875,185338400,198.41647338867188
2026-04-16 09:30:00,197.42999267578125,199.85000610351562,195.80999755859375,198.35000610351562,134012900,197.8976593017578
2026-04-17 09:30:00,199.89999389648438,201.6999969482422,199.27000427246094,201.67999267578125,160324400,201.2200469970703
2026-04-20 09:30:00,199.97999572753906,202.1699981689453,197.83999633789062,202.05999755859375,119381400,201.59918212890625
2026-04-21 09:30:00,202.1300048828125,202.75,199.0,199.8800048828125,107945300,199.42417907714844
2026-04-22 09:30:00,200.99000549316406,202.5,199.0,202.5,107501000,202.03819274902344
2026-04-23 09:30:00,202.4600067138672,203.8300018310547,197.22000122070312,199.63999938964844,113561800,199.18470764160156
2026-04-24 09:30:00,199.9600067138672,210.9499969482422,199.80999755859375,208.27000427246094,214134400,207.79502868652344
2026-04-27 09:30:00,209.64999389648438,216.8300018310547,207.3800048828125,216.61000061035156,187172400,216.1160125732422
2026-04-28 09:30:00,209.49000549316406,214.72999572753906,208.1999969482422,213.1699981689453,180275400,212.68385314941406
2026-04-29 09:30:00,212.6999969482422,212.72000122070312,207.5800018310547,209.25,123711800,208.77279663085938
2026-04-30 09:30:00,209.92999267578125,210.3000030517578,198.6999969482422,199.57000732421875,225239200,199.1148681640625
2026-05-01 09:30:00,201.27999877929688,203.0,197.1199951171875,198.4499969482422,128647000,197.9974365234375
2026-05-04 09:30:00,199.5,201.72999572753906,194.74000549316406,198.47999572753906,125368100,198.02734375
2026-05-05 09:30:00,199.3000030517578,200.24000549316406,196.02999877929688,196.5,113406600,196.05186462402344
2026-05-06 09:30:00,199.88999938964844,208.27000427246094,198.61000061035156,207.8300018310547,188362800,207.3560333251953
2026-05-07 09:30:00,208.33999633789062,214.1999969482422,206.5,211.5,168307900,211.01766967773438
2026-05-08 09:30:00,213.02999877929688,217.8000030517578,212.88999938964844,215.1999969482422,136421400,214.709228515625
2026-05-11 09:30:00,214.0399932861328,222.3000030517578,213.88999938964844,219.44000244140625,160685800,218.93955993652344
2026-05-12 09:30:00,218.5500030517578,223.75,214.9199981689453,220.77999877929688,159176600,220.27650451660156
2026-05-13 09:30:00,224.92999267578125,227.83999633789062,221.57000732421875,225.8300018310547,150405400,225.3149871826172
2026-05-14 09:30:00,229.85000610351562,236.5399932861328,229.3000030517578,235.74000549316406,180782900,235.202392578125
2026-05-15 09:30:00,229.75999450683594,231.5,224.24000549316406,225.32000732421875,180977600,224.80615234375
2026-05-18 09:30:00,229.8699951171875,230.0,218.3699951171875,222.32000732421875,146280900,221.81300354003906
2026-05-19 09:30:00,219.6199951171875,224.47999572753906,217.91000366210938,220.61000061035156,140948200,220.1068878173828
2026-05-20 09:30:00,223.17999267578125,226.1300048828125,220.5,223.47000122070312,184201600,222.9603729248047
2026-05-21 09:30:00,222.2899932861328,227.39999389648438,217.92999267578125,219.50999450683594,203381800,219.0093994140625
2026-05-22 09:30:00,220.89999389648438,221.00999450683594,214.8000030517578,215.3300018310547,169275700,214.83892822265625
2026-05-26 09:30:00,216.5399932861328,218.17999267578125,212.0,214.86000061035156,187202600,214.37001037597656
2026-05-27 09:30:00,214.1199951171875,214.14999389648438,208.77999877929688,212.60000610351562,167601200,212.1151580810547
2026-05-28 09:30:00,211.27999877929688,215.52000427246094,211.22000122070312,214.25,143996000,213.7613983154297
2026-05-29 09:30:00,214.5800018310547,217.86000061035156,211.1300048828125,211.13999938964844,289410600,210.6584930419922
2026-06-01 09:30:00,215.72999572753906,224.8699951171875,215.6999969482422,224.36000061035156,212850700,223.8483428955078
2026-06-02 09:30:00,227.17999267578125,232.27999877929688,221.35000610351562,222.82000732421875,193362900,222.3118438720703
2026-06-03 09:30:00,221.72000122070312,222.82000732421875,214.50999450683594,214.75,160907000,214.26025390625
2026-06-04 09:30:00,213.91000366210938,221.60000610351562,210.97000122070312,218.66000366210938,169022200,218.4156036376953
2026-06-05 09:30:00,214.52999877929688,214.8699951171875,204.3300018310547,205.10000610351562,219655500,204.87075805664062
2026-06-08 09:30:00,210.17999267578125,210.47000122070312,206.0,208.63999938964844,138372800,208.40679931640625
2026-06-09 09:30:00,210.6199951171875,211.39999389648438,199.33999633789062,208.19000244140625,180962500,207.95730590820312
2026-06-10 09:30:00,204.42999267578125,207.22000122070312,199.9199981689453,200.4199981689453,161746600,200.19598388671875
2026-06-11 09:30:00,201.49000549316406,205.66000366210938,199.5399932861328,204.8699951171875,158643200,204.64100646972656
2026-06-12 09:30:00,204.86000061035156,207.07000732421875,203.44000244140625,205.19000244140625,112001800,204.96066284179688
2026-06-15 09:30:00,208.9199981689453,212.7100067138672,208.33999633789062,212.4499969482422,149936700,212.21253967285156
2026-06-16 09:30:00,211.17999267578125,211.49000549316406,207.2899932861328,207.41000366210938,125694100,207.1781768798828
2026-06-17 09:30:00,208.52999877929688,209.2100067138672,203.0800018310547,204.64999389648438,128363500,204.42124938964844
2026-06-18 09:30:00,207.3300018310547,211.38999938964844,206.5,210.69000244140625,241272000,210.4545135498047
2026-06-22 09:30:00,211.44000244140625,213.99000549316406,207.72000122070312,208.64999389648438,122041400,208.41677856445312
2026-06-23 09:30:00,202.1699981689453,203.77000427246094,200.0,200.0399932861328,153496200,199.81640625
2026-06-24 09:30:00,200.1199951171875,201.6699981689453,196.5800018310547,199.0,151810700,198.77757263183594
2026-06-25 09:30:00,200.0800018310547,200.8000030517578,192.1300048828125,195.74000549316406,149550000,195.52122497558594
2026-06-26 09:30:00,193.1199951171875,195.5500030517578,191.22000122070312,192.52999877929688,179304100,192.31480407714844
2026-06-29 09:30:00,193.85000610351562,196.17999267578125,189.8000030517578,194.97000122070312,148835700,194.7520751953125
2026-06-30 09:30:00,197.24000549316406,200.6300048828125,195.11000061035156,200.08999633789062,166476700,199.86634826660156
2026-07-01 09:30:00,196.1999969482422,199.85000610351562,193.4499969482422,197.5800018310547,146147600,197.35916137695312
2026-07-02 09:30:00,197.13999938964844,200.05999755859375,192.35000610351562,194.8300018310547,142068700,194.61224365234375
2026-07-06 09:30:00,194.4199981689453,197.5500030517578,193.99000549316406,195.5500030517578,108999000,195.33143615722656
2026-07-07 09:30:00,192.3699951171875,198.41000366210938,191.13999938964844,196.92999267578125,124154600,196.7098846435547
2026-07-08 09:30:00,195.17999267578125,205.16000366210938,195.05999755859375,204.1199951171875,147419100,203.891845703125
2026-07-09 09:30:00,204.4600067138672,204.58999633789062,198.9600067138672,202.77999877929688,132037400,202.5533447265625
2026-07-10 09:30:00,202.0,211.0,201.9199981689453,210.9600067138672,148421000,210.72421264648438
2026-07-13 09:30:00,208.5399932861328,210.57000732421875,203.0,203.52999877929688,121411000,203.30250549316406
2026-07-14 09:30:00,208.1999969482422,212.5500030517578,203.8000030517578,211.8000030517578,124379600,211.5632781982422
2026-07-15 09:30:00,211.9600067138672,213.80999755859375,206.0399932861328,212.5,124797200,212.26248168945312
2026-07-16 09:30:00,210.1699981689453,211.0800018310547,205.85000610351562,207.39999389648438,122986100,207.16818237304688
2026-07-17 09:30:00,202.63999938964844,206.64999389648438,197.97000122070312,202.80999755859375,144281900,202.58331298828125
2026-07-20 09:30:00,205.8699951171875,207.74000549316406,202.27999877929688,203.27999877929688,88701500,203.05279541015625
2026-07-21 09:30:00,207.5399932861328,208.64999389648438,204.00999450683594,207.2899932861328,108685600,207.0583038330078
2026-07-22 09:30:00,205.80999755859375,214.38999938964844,204.9499969482422,212.05999755859375,137645600,211.82298278808594
2026-07-23 09:30:00,209.4600067138672,210.8699951171875,205.9600067138672,208.75999450683594,110505300,208.5266571044922
2026-07-24 09:30:00,207.4499969482422,211.91000366210938,204.80999755859375,206.83999633789062,114836800,206.6088104248047
2026-07-27 09:30:00,208.1999969482422,208.75,195.44000244140625,196.50999450683594,154353700,196.2903594970703
2026-07-28 09:30:00,195.0,198.6999969482422,192.74000549316406,197.00999450683594,134111500,196.789794921875
2026-07-29 09:30:00,195.85000610351562,197.07000732421875,190.00999450683594,190.00999450683594,147680800,189.79762268066406
2026-07-30 09:30:00,193.4499969482422,197.25,191.52000427246094,195.0399932861328,129010200,194.82199096679688
2026-07-31 09:30:00,198.44000244140625,202.0,194.9499969482422,200.75,139961200,200.52561950683594
2026-08-03 09:30:00,197.69000244140625,208.74000549316406,196.85000610351562,206.63999938964844,128406900,206.40904235839844
2026-08-04 09:30:00,211.3000030517578,213.05999755859375,209.0500030517578,211.94000244140625,134922000,211.70310974121094
2026-08-05 09:30:00,216.86000061035156,222.22000122070312,216.39999389648438,219.22000122070312,158187400,218.9749755859375
2026-08-06 09:30:00,221.52999877929688,223.6300048828125,217.0,218.99000549316406,113940600,218.7452392578125
2026-08-07 09:30:00,221.5399932861328,224.75999450683594,220.66000366210938,223.9600067138672,105669400,223.70968627929688
2026-08-10 09:30:00,223.39999389648438,224.13999938964844,216.77000427246094,217.5500030517578,115846600,217.3068389892578
2026-08-11 09:30:00,222.1699981689453,222.1999969482422,216.1999969482422,217.5,101273100,217.25689697265625
2026-08-12 09:30:00,221.0399932861328,225.10000610351562,220.1999969482422,224.08999633789062,108783600,223.8395233154297
2026-08-13 09:30:00,225.05999755859375,227.22999572753906,223.7100067138672,225.3000030517578,98867200,225.04818725585938
2026-08-14 09:30:00,226.77000427246094,227.49000549316406,224.5,225.16000366210938,75680900,224.90834045410156
2026-08-17 09:30:00,225.97999572753906,227.9199981689453,224.86000061035156,225.00999450683594,93678700,224.7584991455078
2026-08-18 09:30:00,220.4499969482422,221.63999938964844,218.69000244140625,219.74000549316406,103128200,219.49440002441406
2026-08-19 09:30:00,221.6699981689453,222.8699951171875,216.75999450683594,217.55999755859375,96797300,217.31683349609375
2026-08-20 09:30:00,218.36000061035156,219.86000061035156,215.66000366210938,216.85000610351562,92457000,216.60763549804688
2026-08-21 09:30:00,218.4199981689453,218.74000549316406,214.5,214.72000122070312,98869300,214.48001098632812
2026-08-24 09:30:00,215.52999877929688,215.58999633789062,207.25,208.47999572753906,135187300,208.24697875976562
2026-08-25 09:30:00,211.02999877929688,214.72999572753906,210.11000061035156,213.0500030517578,122309000,212.81187438964844
2026-08-26 09:30:00,212.63999938964844,213.60000610351562,209.22999572753906,209.66000366210938,179900000,209.4256591796875
2026-08-27 09:30:00,222.86000061035156,230.47000122070312,220.89999389648438,227.97999572753906,298909800,227.7251739501953
2026-08-28 09:30:00,227.36000061035156,229.25999450683594,216.80999755859375,217.5500030517578,195116400,217.3068389892578
2026-08-31 09:30:00,218.8699951171875,221.3000030517578,216.2100067138672,220.77999877929688,124702700,220.53323364257812
2026-09-01 09:30:00,216.75,220.41000366210938,215.10000610351562,217.44000244140625,109756200,217.1969757080078
2026-09-02 09:30:00,218.7899932861328,227.9499969482422,218.47999572753906,224.41000366210938,157104700,224.1591796875
2026-09-03 09:30:00,226.02000427246094,230.39999389648438,224.75,228.4499969482422,134681600,228.1946563720703
2026-09-04 09:30:00,231.08999633789062,234.75999450683594,229.6300048828125,230.36000061035156,135352400,230.10252380371094
2026-09-08 09:30:00,233.11000061035156,233.7100067138672,224.85000610351562,225.72999572753906,122965600,225.47769165039062
2026-09-09 09:30:00,225.27999877929688,226.17999267578125,223.4600067138672,223.6699981689453,82955500,223.4199981689453
2026-09-10 09:30:00,220.52999877929688,220.99000549316406,217.1999969482422,218.36000061035156,105768000,218.36000061035156
2026-09-11 09:30:00,221.24000549316406,222.0,218.14999389648438,218.2899932861328,89060100,218.2899932861328
2026-09-14 09:30:00,211.24000549316406,212.77000427246094,208.92999267578125,210.9600067138672,132267200,210.9600067138672
2026-09-15 09:30:00,213.3800048828125,213.94000244140625,211.16000366210938,212.1699981689453,88059700,212.1699981689453
2026-09-16 09:30:00,214.13999938964844,216.75999450683594,212.5,213.89999389648438,96563600,213.89999389648438
2026-09-17 09:30:00,218.3800048828125,219.91000366210938,217.14999389648438,219.33999633789062,94191300,219.33999633789062
2026-09-18 09:30:00,219.35000610351562,222.72999572753906,218.02999877929688,222.27000427246094,190287400,222.27000427246094
2026-09-21 09:30:00,222.94000244140625,228.5,221.55999755859375,227.3800048828125,109806100,227.3800048828125
2026-09-22 09:30:00,226.85000610351562,229.97999572753906,226.5,228.8699951171875,95746700,228.8699951171875
2026-09-23 09:30:00,228.02999877929688,228.9499969482422,224.02000427246094,225.50999450683594,89547300,225.50999450683594
2026-09-24 09:30:00,222.0800018310547,224.94000244140625,221.08999633789062,224.5800018310547,77469900,224.5800018310547
2026-09-25 09:30:00,225.1300048828125,226.94000244140625,223.1300048828125,225.07000732421875,89947700,225.07000732421875
2026-09-28 09:30:00,229.75,233.2100067138672,228.0399932861328,228.86000061035156,142344300,228.86000061035156
2026-09-29 09:30:00,230.97000122070312,232.82000732421875,227.02999877929688,227.2100067138672,101494900,227.2100067138672
2026-09-30 09:30:00,229.27000427246094,232.3699951171875,228.1699981689453,228.3800048828125,121732200,228.3800048828125
2026-10-01 09:30:00,229.97999572753906,232.2899932861328,228.16000366210938,230.86000061035156,98591400,230.86000061035156
2026-10-02 09:30:00,236.05999755859375,237.8800048828125,233.60000610351562,233.9499969482422,135167800,233.9499969482422
2026-10-05 09:30:00,236.08999633789062,240.10000610351562,235.14999389648438,238.89999389648438,127171500,238.89999389648438
2026-10-06 09:30:00,242.10000610351562,243.3699951171875,238.92999267578125,239.24000549316406,100868800,239.24000549316406
