time,open,high,low,close,volume,adj_close
2020-10-08 09:30:00,342.8500061035156,343.8500061035156,341.8599853515625,343.7799987792969,45242500,317.0718078613281
2020-10-09 09:30:00,345.55999755859375,347.3500061035156,344.8900146484375,346.8500061035156,59528600,319.9033203125
2020-10-12 09:30:00,349.5899963378906,354.0199890136719,349.05999755859375,352.42999267578125,80388500,325.0498046875
2020-10-13 09:30:00,352.2799987792969,352.4700012207031,349.0899963378906,350.1300048828125,73255500,322.9284973144531
2020-10-14 09:30:00,350.75,351.92999267578125,347.1400146484375,347.92999267578125,57727900,320.8994140625
2020-10-15 09:30:00,343.7099914550781,348.0199890136719,343.1300048828125,347.5,60357700,320.5028076171875
2020-10-16 09:30:00,348.9599914550781,350.75,347.1000061035156,347.2900085449219,89501900,320.30914306640625
2020-10-19 09:30:00,348.6499938964844,349.3299865722656,341.0400085449219,342.010009765625,68425600,315.4393310546875
2020-10-20 09:30:00,343.4599914550781,346.8800048828125,342.6400146484375,343.3800048828125,60051900,316.7028503417969
2020-10-21 09:30:00,343.3299865722656,345.6700134277344,342.3999938964844,342.7300109863281,63575000,316.1034240722656
2020-10-22 09:30:00,342.9599914550781,345.239990234375,340.6499938964844,344.6099853515625,55399300,317.83734130859375
2020-10-23 09:30:00,345.92999267578125,345.989990234375,343.1300048828125,345.7799987792969,49143900,318.91644287109375
2020-10-26 09:30:00,342.1300048828125,342.9800109863281,335.6199951171875,339.3900146484375,91473000,313.0229187011719
2020-10-27 09:30:00,339.760009765625,340.1199951171875,337.989990234375,338.2200012207031,65994100,311.9438171386719
2020-10-28 09:30:00,332.1000061035156,338.25,326.1300048828125,326.6600036621094,127094300,301.2818603515625
2020-10-29 09:30:00,326.9100036621094,333.3999938964844,325.0899963378906,329.9800109863281,90597700,304.34393310546875
2020-10-30 09:30:00,328.2799987792969,329.69000244140625,322.6000061035156,326.5400085449219,120287300,301.1712646484375
2020-11-02 09:30:00,330.20001220703125,332.3599853515625,327.239990234375,330.20001220703125,86068300,304.546875
2020-11-03 09:30:00,333.69000244140625,338.25,330.2900085449219,336.0299987792969,93294200,309.9239196777344
2020-11-04 09:30:00,340.8599853515625,347.94000244140625,339.5899963378906,343.5400085449219,126959700,316.8504943847656
2020-11-05 09:30:00,349.239990234375,352.19000244140625,348.8599853515625,350.239990234375,82039700,323.0299377441406
2020-11-06 09:30:00,349.92999267578125,351.510009765625,347.6499938964844,350.1600036621094,74973000,322.9561767578125
2020-11-09 09:30:00,363.9700012207031,364.3800048828125,354.05999755859375,354.55999755859375,172304200,327.0143127441406
2020-11-10 09:30:00,353.489990234375,355.17999267578125,350.510009765625,354.0400085449219,85552000,326.5346984863281
2020-11-11 09:30:00,356.3999938964844,357.55999755859375,355.05999755859375,356.6700134277344,58649000,328.96044921875
2020-11-12 09:30:00,355.5799865722656,356.7200012207031,351.260009765625,353.2099914550781,67546200,325.7692565917969
2020-11-13 09:30:00,355.2699890136719,358.8999938964844,354.7099914550781,358.1000061035156,62892200,330.279296875
2020-11-16 09:30:00,360.9800109863281,362.7799987792969,359.5899963378906,362.57000732421875,74541100,334.4020080566406
2020-11-17 09:30:00,359.9700012207031,361.9200134277344,358.3399963378906,360.6199951171875,66111000,332.603515625
2020-11-18 09:30:00,360.9100036621094,361.5,356.239990234375,356.2799987792969,70591300,328.6007385253906
2020-11-19 09:30:00,355.6000061035156,358.17999267578125,354.1499938964844,357.7799987792969,59940900,329.984130859375
2020-11-20 09:30:00,357.5,357.7200012207031,355.25,355.3299865722656,70417300,327.7245178222656
2020-11-23 09:30:00,357.2799987792969,358.82000732421875,354.8699951171875,357.4599914550781,63230600,329.68902587890625
2020-11-24 09:30:00,360.2099914550781,363.80999755859375,359.2900085449219,363.2200012207031,62415900,335.0015563964844
2020-11-25 09:30:00,363.1300048828125,363.1600036621094,361.4800109863281,362.6600036621094,45330900,334.4850158691406
2020-11-27 09:30:00,363.8399963378906,364.17999267578125,362.5799865722656,363.6700134277344,28514100,335.41656494140625
2020-11-30 09:30:00,362.8299865722656,363.1199951171875,359.1700134277344,362.05999755859375,83872700,333.93157958984375
2020-12-01 09:30:00,365.57000732421875,367.67999267578125,364.92999267578125,366.0199890136719,74231400,337.583984375
2020-12-02 09:30:00,364.82000732421875,366.9599914550781,364.20001220703125,366.7900085449219,45927000,338.29412841796875
2020-12-03 09:30:00,366.67999267578125,368.19000244140625,365.5,366.69000244140625,62882000,338.2020263671875
2020-12-04 09:30:00,367.32000732421875,369.8500061035156,367.2200012207031,369.8500061035156,50749900,341.1164245605469
2020-12-07 09:30:00,369.0199890136719,369.6199951171875,367.7200012207031,369.0899963378906,48944300,340.41552734375
2020-12-08 09:30:00,367.7200012207031,370.7799987792969,367.6700134277344,370.1700134277344,42458900,341.41162109375
2020-12-09 09:30:00,370.8800048828125,371.04998779296875,365.95001220703125,366.8500061035156,74098300,338.3494873046875
2020-12-10 09:30:00,365.3699951171875,367.8599853515625,364.42999267578125,366.7300109863281,57735400,338.2388610839844
2020-12-11 09:30:00,364.8999938964844,366.739990234375,363.260009765625,366.29998779296875,57698600,337.84228515625
2020-12-14 09:30:00,368.6400146484375,369.79998779296875,364.4700012207031,364.6600036621094,69216200,336.32965087890625
2020-12-15 09:30:00,367.3999938964844,369.5899963378906,365.9200134277344,369.5899963378906,63865300,340.8766174316406
2020-12-16 09:30:00,369.82000732421875,371.1600036621094,368.8699951171875,370.1700134277344,58420500,341.41162109375
2020-12-17 09:30:00,371.94000244140625,372.4599914550781,371.04998779296875,372.239990234375,64119500,343.32080078125
2020-12-18 09:30:00,370.9700012207031,371.1499938964844,367.0199890136719,369.17999267578125,136542300,341.94989013671875
2020-12-21 09:30:00,364.9700012207031,378.4599914550781,362.0299987792969,367.8599853515625,96386700,340.727294921875
2020-12-22 09:30:00,368.2099914550781,368.3299865722656,366.0299987792969,367.239990234375,47949000,340.1529846191406
2020-12-23 09:30:00,368.2799987792969,369.6199951171875,367.2200012207031,367.57000732421875,46201400,340.4587097167969
2020-12-24 09:30:00,368.0799865722656,369.0299987792969,367.45001220703125,369.0,26457900,341.78314208984375
2020-12-28 09:30:00,371.739990234375,372.5899963378906,371.07000732421875,372.1700134277344,39000400,344.7193908691406
2020-12-29 09:30:00,373.80999755859375,374.0,370.8299865722656,371.4599914550781,53680500,344.061767578125
2020-12-30 09:30:00,372.3399963378906,373.1000061035156,371.57000732421875,371.989990234375,49455300,344.5527038574219
2020-12-31 09:30:00,371.7799987792969,374.6600036621094,371.2300109863281,373.8800048828125,78520700,346.3033142089844
2021-01-04 09:30:00,375.30999755859375,375.45001220703125,364.82000732421875,368.7900085449219,110210800,341.5887756347656
2021-01-05 09:30:00,368.1000061035156,372.5,368.04998779296875,371.3299865722656,66426200,343.9413757324219
2021-01-06 09:30:00,369.7099914550781,376.9800109863281,369.1199951171875,373.54998779296875,107997700,345.99761962890625
2021-01-07 09:30:00,376.1000061035156,379.8999938964844,375.9100036621094,379.1000061035156,68766800,351.1383056640625
2021-01-08 09:30:00,380.5899963378906,381.489990234375,377.1000061035156,381.260009765625,71677200,353.138916015625
2021-01-11 09:30:00,377.8500061035156,380.5799865722656,377.7200012207031,378.69000244140625,51034700,350.7584533691406
2021-01-12 09:30:00,378.8900146484375,379.8599853515625,376.3599853515625,378.7699890136719,52547700,350.83251953125
2021-01-13 09:30:00,378.69000244140625,380.8599853515625,377.8500061035156,379.7900085449219,45303600,351.77734375
2021-01-14 09:30:00,380.5899963378906,381.1300048828125,378.1000061035156,378.4599914550781,49989100,350.5454406738281
2021-01-15 09:30:00,376.7200012207031,377.5799865722656,373.70001220703125,375.70001220703125,107160000,347.98907470703125
2021-01-19 09:30:00,378.3399963378906,379.2300109863281,376.75,378.6499938964844,51233300,350.721435546875
2021-01-20 09:30:00,381.1099853515625,384.7900085449219,380.69000244140625,383.8900146484375,61836100,355.574951171875
2021-01-21 09:30:00,384.489990234375,384.95001220703125,383.25,384.239990234375,47840100,355.899169921875
2021-01-22 09:30:00,382.25,384.1300048828125,381.8399963378906,382.8800048828125,52860500,354.6395263671875
2021-01-25 09:30:00,383.6700134277344,384.7699890136719,378.4599914550781,384.3900146484375,70402000,356.0380554199219
2021-01-26 09:30:00,385.4100036621094,385.8500061035156,383.5400085449219,383.7900085449219,42665300,355.48236083984375
2021-01-27 09:30:00,380.2200012207031,380.32000732421875,372.010009765625,374.4100036621094,123351100,346.79425048828125
2021-01-28 09:30:00,376.3599853515625,381.92999267578125,375.8900146484375,377.6300048828125,94198100,349.7767028808594
2021-01-29 09:30:00,375.6300048828125,376.6700134277344,368.2699890136719,370.07000732421875,126765100,342.77435302734375
2021-02-01 09:30:00,373.7200012207031,377.3399963378906,370.3800048828125,376.2300109863281,75817600,348.4798889160156
2021-02-02 09:30:00,379.6499938964844,383.2200012207031,376.32000732421875,381.54998779296875,64450700,353.4075622558594
2021-02-03 09:30:00,382.44000244140625,383.70001220703125,380.4800109863281,381.8500061035156,52427100,353.6854553222656
2021-02-04 09:30:00,382.9599914550781,386.239990234375,381.9700012207031,386.19000244140625,47142600,357.7053527832031
2021-02-05 09:30:00,388.20001220703125,388.4700012207031,386.1400146484375,387.7099914550781,48669800,359.1131591796875
2021-02-08 09:30:00,389.2699890136719,390.55999755859375,388.3500061035156,390.510009765625,38365200,361.7066650390625
2021-02-09 09:30:00,389.6099853515625,390.8900146484375,389.1700134277344,390.25,35551100,361.4658203125
2021-02-10 09:30:00,392.1199951171875,392.2799987792969,387.5,390.0799865722656,59154400,361.3083190917969
2021-02-11 09:30:00,391.239990234375,391.69000244140625,388.1000061035156,390.7099914550781,42913300,361.89190673828125
2021-02-12 09:30:00,389.8500061035156,392.8999938964844,389.7699890136719,392.6400146484375,50593300,363.6795349121094
2021-02-16 09:30:00,393.9599914550781,394.1700134277344,391.5299987792969,392.29998779296875,50972400,363.36456298828125
2021-02-17 09:30:00,390.4200134277344,392.6600036621094,389.3299865722656,392.3900146484375,52290600,363.447998046875
2021-02-18 09:30:00,389.5899963378906,391.5199890136719,387.739990234375,390.7200012207031,59712800,361.901123046875
2021-02-19 09:30:00,392.07000732421875,392.3800048828125,389.54998779296875,390.0299987792969,83241000,361.2620849609375
2021-02-22 09:30:00,387.05999755859375,389.6199951171875,386.739990234375,387.0299987792969,67414200,358.4833068847656
2021-02-23 09:30:00,384.6600036621094,388.95001220703125,380.20001220703125,387.5,107284100,358.918701171875
2021-02-24 09:30:00,386.3299865722656,392.2300109863281,385.2699890136719,391.7699890136719,72433900,362.8736267089844
2021-02-25 09:30:00,390.4100036621094,391.8800048828125,380.7799987792969,382.3299865722656,146670500,354.1299743652344
2021-02-26 09:30:00,384.3500061035156,385.5799865722656,378.2300109863281,380.3599853515625,152701600,352.3052978515625
2021-03-01 09:30:00,385.5899963378906,390.9200134277344,380.57000732421875,389.5799865722656,105348800,360.8452453613281
2021-03-02 09:30:00,389.82000732421875,390.07000732421875,386.0,386.5400085449219,79595300,358.029541015625
2021-03-03 09:30:00,385.7900085449219,386.8299865722656,381.30999755859375,381.4200134277344,119940200,353.2872314453125
2021-03-04 09:30:00,381.2200012207031,384.0,371.8800048828125,376.70001220703125,183433000,348.9152526855469
2021-03-05 09:30:00,380.4599914550781,384.760009765625,372.6400146484375,383.6300048828125,152039600,355.3341064453125
2021-03-08 09:30:00,384.6600036621094,387.67999267578125,381.4200134277344,381.7200012207031,123149200,353.5650634765625
2021-03-09 09:30:00,385.8500061035156,389.9100036621094,385.30999755859375,387.1700134277344,113633600,358.6131286621094
2021-03-10 09:30:00,389.69000244140625,391.3999938964844,388.1700134277344,389.5799865722656,109899400,360.8452453613281
2021-03-11 09:30:00,392.2300109863281,395.6499938964844,391.739990234375,393.5299987792969,86245000,364.50390625
2021-03-12 09:30:00,392.07000732421875,394.2099914550781,391.20001220703125,394.05999755859375,64653600,364.99481201171875
2021-03-15 09:30:00,394.3299865722656,396.69000244140625,392.0299987792969,396.4100036621094,73427200,367.1714172363281
2021-03-16 09:30:00,397.07000732421875,397.8299865722656,395.0799865722656,395.9100036621094,73722500,366.7083740234375
2021-03-17 09:30:00,394.5299987792969,398.1199951171875,393.29998779296875,397.260009765625,97959300,367.9587707519531
2021-03-18 09:30:00,394.4800109863281,396.7200012207031,390.75,391.4800109863281,115349100,362.60516357421875
2021-03-19 09:30:00,389.8800048828125,391.57000732421875,387.1499938964844,389.4800109863281,113624500,361.9342041015625
2021-03-22 09:30:00,390.0299987792969,394.07000732421875,389.9700012207031,392.5899963378906,73778600,364.8243103027344
2021-03-23 09:30:00,391.9100036621094,393.4599914550781,388.6600036621094,389.5,90686600,361.9527282714844
2021-03-24 09:30:00,391.0,392.75,387.4700012207031,387.5199890136719,97588600,360.11279296875
2021-03-25 09:30:00,385.9800109863281,390.54998779296875,383.8999938964844,389.70001220703125,116128600,362.13861083984375
2021-03-26 09:30:00,390.92999267578125,396.4100036621094,390.2900085449219,395.9800109863281,114409100,367.9744567871094
2021-03-29 09:30:00,394.3999938964844,396.75,392.80999755859375,395.7799987792969,108107600,367.7886047363281
2021-03-30 09:30:00,394.4200134277344,395.45001220703125,393.0199890136719,394.7300109863281,76262200,366.8129577636719
2021-03-31 09:30:00,395.3399963378906,398.0,395.30999755859375,396.3299865722656,112734200,368.2996520996094
2021-04-01 09:30:00,398.3999938964844,400.6700134277344,398.17999267578125,400.6099853515625,99682900,372.27703857421875
2021-04-05 09:30:00,403.4599914550781,406.94000244140625,403.3800048828125,406.3599853515625,91684800,377.620361328125
2021-04-06 09:30:00,405.760009765625,407.239990234375,405.3999938964844,406.1199951171875,62021000,377.3973693847656
2021-04-07 09:30:00,405.94000244140625,406.9599914550781,405.45001220703125,406.5899963378906,55836300,377.8340759277344
2021-04-08 09:30:00,407.92999267578125,408.5799865722656,406.92999267578125,408.5199890136719,57863100,379.6275329589844
2021-04-09 09:30:00,408.3900146484375,411.6700134277344,408.260009765625,411.489990234375,61104600,382.3875732421875
2021-04-12 09:30:00,410.8500061035156,411.92999267578125,410.20001220703125,411.6400146484375,56704900,382.5269775390625
2021-04-13 09:30:00,411.5299987792969,413.5299987792969,411.1199951171875,412.8599853515625,56551000,383.66064453125
2021-04-14 09:30:00,412.8299865722656,413.9599914550781,410.8699951171875,411.45001220703125,61659900,382.350341796875
2021-04-15 09:30:00,413.739990234375,416.1600036621094,413.69000244140625,415.8699951171875,60229800,386.457763671875
2021-04-16 09:30:00,417.25,417.9100036621094,415.7300109863281,417.260009765625,82037300,387.7494201660156
2021-04-19 09:30:00,416.260009765625,416.739990234375,413.7900085449219,415.2099914550781,78498500,385.8444519042969
2021-04-20 09:30:00,413.9100036621094,415.0899963378906,410.5899963378906,412.1700134277344,81851800,383.01953125
2021-04-21 09:30:00,411.510009765625,416.2900085449219,411.3599853515625,416.07000732421875,66793000,386.6437072753906
2021-04-22 09:30:00,415.8900146484375,416.7799987792969,411.1300048828125,412.2699890136719,97582800,383.11236572265625
2021-04-23 09:30:00,412.8699951171875,418.25,412.7900085449219,416.739990234375,73209200,387.2662353515625
2021-04-26 09:30:00,417.44000244140625,418.2200012207031,416.80999755859375,417.6099853515625,52182400,388.07464599609375
2021-04-27 09:30:00,417.92999267578125,418.1400146484375,416.29998779296875,417.5199890136719,51303100,387.9910583496094
2021-04-28 09:30:00,417.80999755859375,419.010009765625,416.8999938964844,417.3999938964844,51238900,387.87957763671875
2021-04-29 09:30:00,420.32000732421875,420.7200012207031,416.44000244140625,420.05999755859375,78544300,390.35137939453125
2021-04-30 09:30:00,417.6300048828125,418.5400085449219,416.3399963378906,417.29998779296875,85527000,387.7866516113281
2021-05-03 09:30:00,419.42999267578125,419.8399963378906,417.6700134277344,418.20001220703125,68128300,388.6229248046875
2021-05-04 09:30:00,416.07000732421875,416.6000061035156,411.6700134277344,415.6199951171875,101591200,386.2254638671875
2021-05-05 09:30:00,417.3800048828125,417.6300048828125,415.1499938964844,415.75,60162200,386.34619140625
2021-05-06 09:30:00,415.8299865722656,419.2099914550781,413.67999267578125,419.07000732421875,74321400,389.43145751953125
2021-05-07 09:30:00,419.8900146484375,422.82000732421875,419.1600036621094,422.1199951171875,67733800,392.26580810546875
2021-05-10 09:30:00,422.5,422.739990234375,417.80999755859375,417.94000244140625,81852400,388.38140869140625
2021-05-11 09:30:00,413.1000061035156,415.2699890136719,410.05999755859375,414.2099914550781,116888000,384.9151916503906
2021-05-12 09:30:00,411.2300109863281,412.5899963378906,404.0,405.4100036621094,134811000,376.7376403808594
2021-05-13 09:30:00,407.07000732421875,412.3500061035156,407.0199890136719,410.2799987792969,106394000,381.26312255859375
2021-05-14 09:30:00,413.2099914550781,417.489990234375,413.17999267578125,416.5799865722656,82201600,387.1175537109375
2021-05-17 09:30:00,415.3900146484375,416.3900146484375,413.3599853515625,415.5199890136719,65129200,386.1324768066406
2021-05-18 09:30:00,415.79998779296875,416.05999755859375,411.7699890136719,411.94000244140625,59810200,382.8056945800781
2021-05-19 09:30:00,406.9200134277344,411.04998779296875,405.3299865722656,410.8599853515625,106467100,381.8020935058594
2021-05-20 09:30:00,411.79998779296875,416.6300048828125,411.6700134277344,415.2799987792969,78022200,385.9095458984375
2021-05-21 09:30:00,416.8699951171875,418.20001220703125,414.45001220703125,414.94000244140625,76578700,385.59356689453125
2021-05-24 09:30:00,417.3399963378906,420.32000732421875,417.0799865722656,419.1700134277344,51376700,389.5244140625
2021-05-25 09:30:00,420.3299865722656,420.7099914550781,417.6199951171875,418.239990234375,57451400,388.6600646972656
2021-05-26 09:30:00,418.8699951171875,419.6099853515625,417.760009765625,419.07000732421875,43088600,389.43145751953125
2021-05-27 09:30:00,420.1700134277344,420.7200012207031,418.989990234375,419.2900085449219,56707700,389.63580322265625
2021-05-28 09:30:00,420.9700012207031,421.25,419.7900085449219,420.0400085449219,58520200,390.3327941894531
2021-06-01 09:30:00,422.57000732421875,422.7200012207031,419.20001220703125,419.6700134277344,54216600,389.989013671875
2021-06-02 09:30:00,420.3699951171875,421.2300109863281,419.2900085449219,420.3299865722656,49097100,390.6022644042969
2021-06-03 09:30:00,417.8500061035156,419.989990234375,416.2799987792969,418.7699890136719,58138800,389.1526794433594
2021-06-04 09:30:00,420.75,422.9200134277344,418.8399963378906,422.6000061035156,55938800,392.71185302734375
2021-06-07 09:30:00,422.5899963378906,422.7799987792969,421.19000244140625,422.19000244140625,51555000,392.33074951171875
2021-06-08 09:30:00,423.1099853515625,423.2099914550781,420.32000732421875,422.2799987792969,47134300,392.4143981933594
2021-06-09 09:30:00,423.17999267578125,423.260009765625,421.4100036621094,421.6499938964844,48436300,391.8289794921875
2021-06-10 09:30:00,422.9599914550781,424.6300048828125,421.54998779296875,423.6099853515625,51020100,393.6502990722656
2021-06-11 09:30:00,424.20001220703125,424.42999267578125,422.82000732421875,424.30999755859375,45570800,394.3008117675781
2021-06-14 09:30:00,424.42999267578125,425.3699951171875,423.1000061035156,425.260009765625,42358500,395.1836242675781
2021-06-15 09:30:00,425.4200134277344,425.4599914550781,423.5400085449219,424.4800109863281,51508500,394.45880126953125
2021-06-16 09:30:00,424.6300048828125,424.8699951171875,419.9200134277344,422.1099853515625,80386100,392.2564392089844
2021-06-17 09:30:00,421.6700134277344,423.0199890136719,419.32000732421875,421.9700012207031,90949700,392.1263427734375
2021-06-18 09:30:00,417.0899963378906,417.8299865722656,414.70001220703125,414.9200134277344,118676300,386.83642578125
2021-06-21 09:30:00,416.79998779296875,421.05999755859375,415.92999267578125,420.8599853515625,72822000,392.3742980957031
2021-06-22 09:30:00,420.8500061035156,424.0,420.0799865722656,423.1099853515625,57700300,394.4720458984375
2021-06-23 09:30:00,423.19000244140625,424.04998779296875,422.510009765625,422.6000061035156,49445400,393.99664306640625
2021-06-24 09:30:00,424.8900146484375,425.54998779296875,424.6199951171875,425.1000061035156,45110300,396.3273620605469
2021-06-25 09:30:00,425.8999938964844,427.0899963378906,425.54998779296875,426.6099853515625,58129500,397.73504638671875
2021-06-28 09:30:00,427.1700134277344,427.6499938964844,425.8900146484375,427.4700012207031,53159600,398.5370178222656
2021-06-29 09:30:00,427.8800048828125,428.55999755859375,427.1300048828125,427.70001220703125,35970500,398.7513732910156
2021-06-30 09:30:00,427.2099914550781,428.7799987792969,427.17999267578125,428.05999755859375,64827900,399.0870361328125
2021-07-01 09:30:00,428.8699951171875,430.6000061035156,428.79998779296875,430.42999267578125,53441000,401.2965087890625
2021-07-02 09:30:00,431.6700134277344,434.1000061035156,430.5199890136719,433.7200012207031,57697700,404.3639221191406
2021-07-06 09:30:00,433.7799987792969,434.010009765625,430.010009765625,432.92999267578125,68710400,403.6274108886719
2021-07-07 09:30:00,433.6600036621094,434.760009765625,431.510009765625,434.4599914550781,63549500,405.0538024902344
2021-07-08 09:30:00,428.7799987792969,431.7300109863281,427.5199890136719,430.9200134277344,97595200,401.7534484863281
2021-07-09 09:30:00,432.5299987792969,435.8399963378906,430.7099914550781,435.5199890136719,76238600,406.0420837402344
2021-07-12 09:30:00,435.42999267578125,437.3500061035156,434.9700012207031,437.0799865722656,52889600,407.4965515136719
2021-07-13 09:30:00,436.239990234375,437.8399963378906,435.30999755859375,435.5899963378906,52911300,406.1072998046875
2021-07-14 09:30:00,437.3999938964844,437.9200134277344,434.9100036621094,436.239990234375,64130400,406.71331787109375
2021-07-15 09:30:00,434.80999755859375,435.5299987792969,432.7200012207031,434.75,55126400,405.3241882324219
2021-07-16 09:30:00,436.010009765625,436.05999755859375,430.9200134277344,431.3399963378906,75874700,402.14508056640625
2021-07-19 09:30:00,426.19000244140625,431.4100036621094,421.9700012207031,424.9700012207031,147987000,396.2060852050781
2021-07-20 09:30:00,425.67999267578125,432.4200134277344,424.8299865722656,431.05999755859375,99608200,401.8840637207031
2021-07-21 09:30:00,432.3399963378906,434.70001220703125,431.010009765625,434.54998779296875,64724400,405.1377868652344
2021-07-22 09:30:00,434.739990234375,435.7200012207031,433.69000244140625,435.4599914550781,47878500,405.986083984375
2021-07-23 09:30:00,437.5199890136719,440.29998779296875,436.7900085449219,439.94000244140625,63766600,410.1629333496094
2021-07-26 09:30:00,439.30999755859375,441.0299987792969,439.260009765625,441.0199890136719,43719200,411.1698303222656
2021-07-27 09:30:00,439.9100036621094,439.94000244140625,435.989990234375,439.010009765625,67397100,409.2959289550781
2021-07-28 09:30:00,439.67999267578125,440.29998779296875,437.30999755859375,438.8299865722656,52472400,409.12799072265625
2021-07-29 09:30:00,439.82000732421875,441.79998779296875,439.80999755859375,440.6499938964844,47435300,410.824951171875
2021-07-30 09:30:00,437.9100036621094,440.05999755859375,437.7699890136719,438.510009765625,68951200,408.82977294921875
2021-08-02 09:30:00,440.3399963378906,440.92999267578125,437.2099914550781,437.5899963378906,58783300,407.9720153808594
2021-08-03 09:30:00,438.44000244140625,441.2799987792969,436.1000061035156,441.1499938964844,58053900,411.2910461425781
2021-08-04 09:30:00,439.7799987792969,441.1199951171875,438.7300109863281,438.9800109863281,46732200,409.2679138183594
2021-08-05 09:30:00,440.2200012207031,441.8500061035156,439.8800048828125,441.760009765625,38969700,411.8597717285156
2021-08-06 09:30:00,442.1000061035156,442.94000244140625,441.79998779296875,442.489990234375,46930000,412.5403137207031
2021-08-09 09:30:00,442.4599914550781,442.79998779296875,441.30999755859375,442.1300048828125,41222600,412.2046203613281
2021-08-10 09:30:00,442.6099853515625,443.44000244140625,441.8800048828125,442.67999267578125,43339300,412.7174987792969
2021-08-11 09:30:00,443.82000732421875,443.8800048828125,442.6199951171875,443.7799987792969,44034300,413.7430419921875
2021-08-12 09:30:00,443.6199951171875,445.260009765625,442.6600036621094,445.1099853515625,38909400,414.9829406738281
2021-08-13 09:30:00,445.5899963378906,445.94000244140625,445.07000732421875,445.9200134277344,39470300,415.7381896972656
2021-08-16 09:30:00,444.5299987792969,447.1099853515625,442.8699951171875,446.9700012207031,73740000,416.7170715332031
2021-08-17 09:30:00,444.239990234375,444.9599914550781,440.8500061035156,444.0400085449219,92673900,413.98541259765625
2021-08-18 09:30:00,442.9599914550781,444.6300048828125,438.9200134277344,439.17999267578125,89351900,409.4543151855469
2021-08-19 09:30:00,436.2699890136719,441.1400146484375,436.1199951171875,439.8599853515625,92812200,410.08837890625
2021-08-20 09:30:00,440.2300109863281,443.7099914550781,439.7099914550781,443.3599853515625,72008700,413.3514099121094
2021-08-23 09:30:00,445.1600036621094,448.2300109863281,443.44000244140625,447.260009765625,54973000,416.98748779296875
2021-08-24 09:30:00,447.9700012207031,448.5400085449219,447.4200134277344,447.9700012207031,38744700,417.6494445800781
2021-08-25 09:30:00,448.1700134277344,449.4599914550781,447.7699890136719,448.9100036621094,40529700,418.5257873535156
2021-08-26 09:30:00,448.6099853515625,448.8599853515625,446.1600036621094,446.260009765625,57829600,416.0551452636719
2021-08-27 09:30:00,447.1199951171875,450.6499938964844,447.05999755859375,450.25,77235100,419.7751159667969
2021-08-30 09:30:00,450.9700012207031,453.07000732421875,450.7099914550781,452.2300109863281,48357400,421.62103271484375
2021-08-31 09:30:00,452.1300048828125,452.489990234375,450.9200134277344,451.55999755859375,59300200,420.9964904785156
2021-09-01 09:30:00,452.55999755859375,453.1099853515625,451.54998779296875,451.79998779296875,48721400,421.22021484375
2021-09-02 09:30:00,453.32000732421875,454.04998779296875,451.9100036621094,453.19000244140625,42501000,422.5161437988281
2021-09-03 09:30:00,451.9800109863281,453.6300048828125,451.54998779296875,453.0799865722656,47170500,422.4134826660156
2021-09-07 09:30:00,452.7099914550781,452.80999755859375,450.739990234375,451.4599914550781,51671500,420.9032287597656
2021-09-08 09:30:00,450.8900146484375,451.6700134277344,448.8599853515625,450.9100036621094,56181900,420.3904724121094
2021-09-09 09:30:00,450.70001220703125,452.57000732421875,448.7200012207031,448.9800109863281,57970400,418.5910339355469
2021-09-10 09:30:00,451.0400085449219,451.489990234375,445.30999755859375,445.44000244140625,89948200,415.2906188964844
2021-09-13 09:30:00,448.6400146484375,448.9200134277344,444.1099853515625,446.5799865722656,83738600,416.3534851074219
2021-09-14 09:30:00,448.1199951171875,448.3399963378906,443.2200012207031,444.1700134277344,78197100,414.10662841796875
2021-09-15 09:30:00,444.6199951171875,448.4100036621094,443.44000244140625,447.8800048828125,78792200,417.5655212402344
2021-09-16 09:30:00,447.32000732421875,448.3599853515625,444.0199890136719,447.1700134277344,77786700,416.9036560058594
2021-09-17 09:30:00,444.9200134277344,445.3699951171875,441.0199890136719,441.3999938964844,118425000,412.8424377441406
2021-09-20 09:30:00,434.8800048828125,436.55999755859375,428.8599853515625,434.0400085449219,166445500,405.95867919921875
2021-09-21 09:30:00,436.5299987792969,437.9100036621094,433.07000732421875,433.6300048828125,92526100,405.57513427734375
2021-09-22 09:30:00,436.04998779296875,440.0299987792969,433.75,437.8599853515625,102350100,409.531494140625
2021-09-23 09:30:00,439.8500061035156,444.8900146484375,439.6000061035156,443.17999267578125,76396000,414.50732421875
2021-09-24 09:30:00,441.44000244140625,444.6700134277344,441.2099914550781,443.9100036621094,62094800,415.1901550292969
2021-09-27 09:30:00,442.80999755859375,444.04998779296875,441.8999938964844,442.6400146484375,61371100,414.0022888183594
2021-09-28 09:30:00,439.69000244140625,440.0400085449219,432.94000244140625,433.7200012207031,130436300,405.6593322753906
2021-09-29 09:30:00,435.19000244140625,437.0400085449219,433.8500061035156,434.45001220703125,82329200,406.3421936035156
2021-09-30 09:30:00,436.0199890136719,436.7699890136719,428.7799987792969,429.1400146484375,140506000,401.37567138671875
2021-10-01 09:30:00,430.9800109863281,436.0299987792969,427.2300109863281,434.239990234375,129240100,406.145751953125
2021-10-04 09:30:00,433.0,433.9599914550781,426.3599853515625,428.6400146484375,128570000,400.9080505371094
2021-10-05 09:30:00,430.239990234375,435.489990234375,429.3900146484375,433.1000061035156,90682500,405.0794982910156
2021-10-06 09:30:00,429.2699890136719,435.1199951171875,427.5400085449219,434.8999938964844,113032200,406.7630615234375
2021-10-07 09:30:00,438.3900146484375,441.67999267578125,438.20001220703125,438.6600036621094,72437500,410.2796936035156
2021-10-08 09:30:00,439.4800109863281,439.8900146484375,437.19000244140625,437.8599853515625,74557400,409.531494140625
2021-10-11 09:30:00,437.1600036621094,440.260009765625,434.6199951171875,434.69000244140625,65233300,406.5665588378906
2021-10-12 09:30:00,435.6700134277344,436.1000061035156,432.7799987792969,433.6199951171875,71181200,405.56585693359375
2021-10-13 09:30:00,434.7099914550781,436.04998779296875,431.5400085449219,435.17999267578125,72974000,407.02490234375
2021-10-14 09:30:00,439.0799865722656,442.6600036621094,438.5799865722656,442.5,70236800,413.871337890625
2021-10-15 09:30:00,444.75,446.260009765625,444.0899963378906,445.8699951171875,66260200,417.0233154296875
2021-10-18 09:30:00,443.9700012207031,447.54998779296875,443.2699890136719,447.19000244140625,62213200,418.2579650878906
2021-10-19 09:30:00,448.9200134277344,450.7099914550781,448.2699890136719,450.6400146484375,46996800,421.4847106933594
2021-10-20 09:30:00,451.1300048828125,452.7300109863281,451.010009765625,452.4100036621094,49571600,423.14013671875
2021-10-21 09:30:00,451.7699890136719,453.8299865722656,451.30999755859375,453.5899963378906,41305400,424.24383544921875
2021-10-22 09:30:00,453.1300048828125,454.6700134277344,451.04998779296875,453.1199951171875,58845100,423.8042907714844
2021-10-25 09:30:00,454.2799987792969,455.8999938964844,452.3900146484375,455.54998779296875,45214500,426.0769348144531
2021-10-26 09:30:00,457.20001220703125,458.489990234375,455.55999755859375,455.9599914550781,56075100,426.4604797363281
2021-10-27 09:30:00,456.45001220703125,457.1600036621094,453.8599853515625,453.94000244140625,72438000,424.5711975097656
2021-10-28 09:30:00,455.4599914550781,458.3999938964844,455.45001220703125,458.32000732421875,51437900,428.6678466796875
2021-10-29 09:30:00,455.8699951171875,459.55999755859375,455.55999755859375,459.25,70162400,429.5376281738281
2021-11-01 09:30:00,460.29998779296875,460.70001220703125,458.20001220703125,460.0400085449219,48433600,430.27655029296875
2021-11-02 09:30:00,460.2200012207031,462.2300109863281,460.0799865722656,461.8999938964844,48908400,432.0162048339844
2021-11-03 09:30:00,461.29998779296875,465.1499938964844,460.8299865722656,464.7200012207031,52509800,434.65374755859375
2021-11-04 09:30:00,465.3599853515625,467.0,464.989990234375,466.9100036621094,52847100,436.7020263671875
2021-11-05 09:30:00,469.2799987792969,470.6499938964844,466.9200134277344,468.5299987792969,66390600,438.2172546386719
2021-11-08 09:30:00,469.70001220703125,470.2300109863281,468.20001220703125,468.92999267578125,50405200,438.5913391113281
2021-11-09 09:30:00,469.32000732421875,469.57000732421875,465.8800048828125,467.3800048828125,51149100,437.14166259765625
2021-11-10 09:30:00,465.5799865722656,467.3800048828125,462.0400085449219,463.6199951171875,69429700,433.62493896484375
2021-11-11 09:30:00,465.2099914550781,465.2900085449219,463.75,463.7699890136719,34848500,433.76519775390625
2021-11-12 09:30:00,465.1199951171875,467.8599853515625,464.1099853515625,467.2699890136719,53466700,437.03875732421875
2021-11-15 09:30:00,468.6400146484375,468.80999755859375,466.2300109863281,467.42999267578125,46980500,437.1884765625
2021-11-16 09:30:00,467.1499938964844,470.489990234375,467.07000732421875,469.2799987792969,48857500,438.91876220703125
2021-11-17 09:30:00,469.0,469.19000244140625,467.4800109863281,468.1400146484375,47858300,437.8525695800781
2021-11-18 09:30:00,469.239990234375,470.010009765625,466.3399963378906,469.7300109863281,50625600,439.339599609375
2021-11-19 09:30:00,469.6099853515625,470.94000244140625,468.5,468.8900146484375,57315600,438.5539855957031
2021-11-22 09:30:00,470.8900146484375,473.5400085449219,467.3500061035156,467.57000732421875,72762000,437.3193054199219
2021-11-23 09:30:00,467.2200012207031,469.1000061035156,464.45001220703125,468.19000244140625,73206500,437.89923095703125
2021-11-24 09:30:00,466.05999755859375,469.57000732421875,465.19000244140625,469.44000244140625,61858800,439.0683288574219
2021-11-26 09:30:00,462.3399963378906,463.8999938964844,457.7699890136719,458.9700012207031,112669600,429.2757873535156
2021-11-29 09:30:00,464.07000732421875,466.55999755859375,461.7300109863281,464.6000061035156,86268800,434.5414733886719
2021-11-30 09:30:00,462.0,464.0299987792969,455.29998779296875,455.55999755859375,148559600,426.0863037109375
2021-12-01 09:30:00,461.6400146484375,464.6700134277344,450.2900085449219,450.5,131939200,421.3537292480469
2021-12-02 09:30:00,450.7300109863281,459.07000732421875,450.30999755859375,457.3999938964844,127637800,427.8073425292969
2021-12-03 09:30:00,459.1700134277344,460.29998779296875,448.9200134277344,453.4200134277344,137331600,424.0848693847656
2021-12-06 09:30:00,456.1300048828125,460.7900085449219,453.55999755859375,458.7900085449219,98977500,429.1074523925781
2021-12-07 09:30:00,464.4100036621094,468.8800048828125,458.6499938964844,468.2799987792969,95484700,437.9834899902344
2021-12-08 09:30:00,468.70001220703125,470.0,466.8299865722656,469.5199890136719,72238800,439.1431884765625
2021-12-09 09:30:00,468.1499938964844,469.6300048828125,466.1400146484375,466.3500061035156,61272600,436.1783142089844
2021-12-10 09:30:00,469.2300109863281,470.8999938964844,466.510009765625,470.739990234375,77159800,440.2843322753906
2021-12-13 09:30:00,470.19000244140625,470.55999755859375,466.2699890136719,466.57000732421875,87724700,436.3840637207031
2021-12-14 09:30:00,463.0899963378906,465.739990234375,460.25,463.3599853515625,97264100,433.3816833496094
2021-12-15 09:30:00,463.4200134277344,470.8599853515625,460.739990234375,470.6000061035156,116899300,440.1532897949219
2021-12-16 09:30:00,472.57000732421875,472.8699951171875,464.79998779296875,466.45001220703125,116568600,436.27178955078125
2021-12-17 09:30:00,461.54998779296875,464.739990234375,458.05999755859375,459.8699951171875,135511600,431.6286315917969
2021-12-20 09:30:00,454.4800109863281,455.3999938964844,451.1400146484375,454.9800109863281,107134800,427.0389099121094
2021-12-21 09:30:00,458.6099853515625,463.2099914550781,456.30999755859375,463.05999755859375,69806300,434.6226806640625
2021-12-22 09:30:00,462.7900085449219,467.80999755859375,462.5799865722656,467.69000244140625,58890200,438.9684143066406
2021-12-23 09:30:00,468.75,472.19000244140625,468.6400146484375,470.6000061035156,56439700,441.6996765136719
2021-12-27 09:30:00,472.05999755859375,477.30999755859375,472.010009765625,477.260009765625,56808600,447.95068359375
2021-12-28 09:30:00,477.7200012207031,478.80999755859375,476.05999755859375,476.8699951171875,47274600,447.5845947265625
2021-12-29 09:30:00,476.9800109863281,478.55999755859375,475.9200134277344,477.4800109863281,54503000,448.15716552734375
2021-12-30 09:30:00,477.92999267578125,479.0,475.6700134277344,476.1600036621094,55329000,446.9182434082031
2021-12-31 09:30:00,475.6400146484375,476.8599853515625,474.6700134277344,474.9599914550781,65237400,445.7918395996094
2022-01-03 09:30:00,476.29998779296875,477.8500061035156,473.8500061035156,477.7099914550781,72668200,448.3730773925781
2022-01-04 09:30:00,479.2200012207031,479.9800109863281,475.5799865722656,477.54998779296875,71178700,448.2228698730469
2022-01-05 09:30:00,477.1600036621094,477.9800109863281,468.2799987792969,468.3800048828125,104538900,439.6160583496094
2022-01-06 09:30:00,467.8900146484375,470.82000732421875,465.42999267578125,467.94000244140625,86858900,439.2030944824219
2022-01-07 09:30:00,467.95001220703125,469.20001220703125,464.6499938964844,466.0899963378906,85111600,437.4666748046875
2022-01-10 09:30:00,462.70001220703125,465.739990234375,456.6000061035156,465.510009765625,119362000,436.9222717285156
2022-01-11 09:30:00,465.2300109863281,469.8500061035156,462.04998779296875,469.75,74303100,440.9019470214844
2022-01-12 09:30:00,471.5899963378906,473.20001220703125,468.94000244140625,471.0199890136719,67605400,442.09393310546875
2022-01-13 09:30:00,472.19000244140625,472.8800048828125,463.44000244140625,464.5299987792969,91173100,436.0024719238281
2022-01-14 09:30:00,461.19000244140625,465.0899963378906,459.8999938964844,464.7200012207031,95890900,436.1808166503906
2022-01-18 09:30:00,459.739990234375,459.9599914550781,455.30999755859375,456.489990234375,109709100,428.4562072753906
2022-01-19 09:30:00,458.1300048828125,459.6099853515625,451.4599914550781,451.75,109357600,424.0073547363281
2022-01-20 09:30:00,453.75,458.739990234375,444.5,446.75,122379700,419.3143615722656
2022-01-21 09:30:00,445.55999755859375,448.05999755859375,437.95001220703125,437.9800109863281,202271200,411.0829772949219
2022-01-24 09:30:00,432.0299987792969,440.3800048828125,420.760009765625,439.8399963378906,251783900,412.8287048339844
2022-01-25 09:30:00,433.05999755859375,439.7200012207031,427.1499938964844,434.4700012207031,167997300,407.7884521484375
2022-01-26 09:30:00,440.7200012207031,444.0400085449219,428.8599853515625,433.3800048828125,186391100,406.7654724121094
2022-01-27 09:30:00,438.260009765625,441.5899963378906,429.45001220703125,431.239990234375,149878300,404.7568054199219
2022-01-28 09:30:00,432.67999267578125,442.0,427.82000732421875,441.95001220703125,164457400,414.80914306640625
2022-01-31 09:30:00,441.239990234375,450.2799987792969,439.80999755859375,449.9100036621094,152251400,422.2803955078125
2022-02-01 09:30:00,450.67999267578125,453.6300048828125,446.94000244140625,452.95001220703125,123155400,425.13360595703125
2022-02-02 09:30:00,455.5,458.1199951171875,453.04998779296875,457.3500061035156,117361000,429.2633972167969
2022-02-03 09:30:00,450.95001220703125,452.9700012207031,445.7099914550781,446.6000061035156,118024400,419.1735534667969
2022-02-04 09:30:00,446.3500061035156,452.7799987792969,443.8299865722656,448.70001220703125,118454400,421.14459228515625
2022-02-07 09:30:00,449.510009765625,450.989990234375,445.8500061035156,447.260009765625,84472900,419.7930908203125
2022-02-08 09:30:00,446.7300109863281,451.9200134277344,445.2200012207031,450.94000244140625,81012000,423.2470703125
2022-02-09 09:30:00,455.2200012207031,457.8800048828125,455.010009765625,457.5400085449219,92589900,429.4417724609375
2022-02-10 09:30:00,451.3399963378906,457.7099914550781,447.20001220703125,449.32000732421875,140103700,421.72650146484375
2022-02-11 09:30:00,449.4100036621094,451.6099853515625,438.94000244140625,440.4599914550781,153214600,413.4106140136719
2022-02-14 09:30:00,439.9200134277344,441.6000061035156,435.3399963378906,439.0199890136719,123006300,412.0590515136719
2022-02-15 09:30:00,443.7300109863281,446.2799987792969,443.17999267578125,446.1000061035156,88482700,418.7042541503906
2022-02-16 09:30:00,443.92999267578125,448.05999755859375,441.94000244140625,446.6000061035156,84863600,419.1735534667969
2022-02-17 09:30:00,443.2200012207031,446.57000732421875,436.4200134277344,437.05999755859375,102259100,410.2194519042969
2022-02-18 09:30:00,437.3299865722656,438.6600036621094,431.82000732421875,434.2300109863281,132642900,407.5632019042969
2022-02-22 09:30:00,431.8900146484375,435.5,425.8599853515625,429.57000732421875,124391800,403.189453125
2022-02-23 09:30:00,432.6600036621094,433.260009765625,421.3500061035156,421.95001220703125,132578000,396.0373229980469
2022-02-24 09:30:00,411.0199890136719,428.760009765625,410.6400146484375,428.29998779296875,213942900,401.9973449707031
2022-02-25 09:30:00,429.6099853515625,437.8399963378906,427.8599853515625,437.75,121804500,410.8670654296875
2022-02-28 09:30:00,432.0299987792969,438.20001220703125,430.70001220703125,436.6300048828125,145615000,409.81591796875
2022-03-01 09:30:00,435.0400085449219,437.1700134277344,427.1099853515625,429.9800109863281,137785900,403.57427978515625
2022-03-02 09:30:00,432.3699951171875,439.7200012207031,431.57000732421875,437.8900146484375,117726500,410.9985656738281
2022-03-03 09:30:00,440.4700012207031,441.1099853515625,433.79998779296875,435.7099914550781,105501700,408.952392578125
2022-03-04 09:30:00,431.75,433.3699951171875,427.8800048828125,432.1700134277344,113978200,405.62969970703125
2022-03-07 09:30:00,431.54998779296875,432.29998779296875,419.3599853515625,419.42999267578125,137896600,393.6721496582031
2022-03-08 09:30:00,419.6199951171875,427.2099914550781,415.1199951171875,416.25,164772700,390.6873779296875
2022-03-09 09:30:00,425.1400146484375,429.510009765625,422.82000732421875,427.4100036621094,116990800,401.16204833984375
2022-03-10 09:30:00,422.5199890136719,426.42999267578125,420.44000244140625,425.4800109863281,93972700,399.35064697265625
2022-03-11 09:30:00,428.1199951171875,428.7699890136719,419.5299987792969,420.07000732421875,95636300,394.2728576660156
2022-03-14 09:30:00,420.8900146484375,424.54998779296875,415.7900085449219,417.0,95729200,391.391357421875
2022-03-15 09:30:00,419.7699890136719,426.8399963378906,418.4200134277344,426.1700134277344,106219100,399.9981994628906
2022-03-16 09:30:00,429.8900146484375,435.67999267578125,424.79998779296875,435.6199951171875,144954800,408.8678283691406
2022-03-17 09:30:00,433.5899963378906,441.07000732421875,433.19000244140625,441.07000732421875,102676900,413.9831848144531
2022-03-18 09:30:00,438.0,444.8599853515625,437.2200012207031,444.5199890136719,106345500,418.5174255371094
2022-03-21 09:30:00,444.3399963378906,446.4599914550781,440.67999267578125,444.3900146484375,88349800,418.39501953125
2022-03-22 09:30:00,445.8599853515625,450.5799865722656,445.8599853515625,449.5899963378906,74650400,423.2908935546875
2022-03-23 09:30:00,446.9100036621094,448.489990234375,443.7099914550781,443.79998779296875,79426100,417.839599609375
2022-03-24 09:30:00,445.94000244140625,450.5,444.760009765625,450.489990234375,64736900,424.13818359375
2022-03-25 09:30:00,451.1600036621094,452.9800109863281,448.42999267578125,452.69000244140625,77101300,426.20953369140625
2022-03-28 09:30:00,452.05999755859375,455.9100036621094,450.05999755859375,455.9100036621094,68529800,429.24114990234375
2022-03-29 09:30:00,460.0199890136719,462.07000732421875,457.17999267578125,461.54998779296875,86581500,434.5511779785156
2022-03-30 09:30:00,460.3399963378906,461.20001220703125,456.4700012207031,458.70001220703125,79666900,431.8679504394531
2022-03-31 09:30:00,457.8900146484375,458.760009765625,451.1600036621094,451.6400146484375,121699900,425.22100830078125
2022-04-01 09:30:00,453.30999755859375,453.4599914550781,449.1400146484375,452.9200134277344,89048800,426.4261169433594
2022-04-04 09:30:00,453.1300048828125,456.9100036621094,452.260009765625,456.79998779296875,59601000,430.0791015625
2022-04-05 09:30:00,455.2200012207031,457.8299865722656,449.82000732421875,451.0299987792969,74214500,424.6466369628906
2022-04-06 09:30:00,446.8900146484375,448.92999267578125,443.4700012207031,446.5199890136719,106898000,420.4004821777344
2022-04-07 09:30:00,445.5899963378906,450.69000244140625,443.5299987792969,448.7699890136719,78097200,422.518798828125
2022-04-08 09:30:00,447.9700012207031,450.6300048828125,445.94000244140625,447.57000732421875,79272700,421.3890075683594
2022-04-11 09:30:00,444.1099853515625,445.0,439.3900146484375,439.9200134277344,89770500,414.1864929199219
2022-04-12 09:30:00,443.0799865722656,445.75,436.6499938964844,438.2900085449219,84363600,412.65191650390625
2022-04-13 09:30:00,438.0299987792969,444.1099853515625,437.8399963378906,443.30999755859375,74070400,417.37823486328125
2022-04-14 09:30:00,443.54998779296875,444.7300109863281,437.67999267578125,437.7900085449219,97869500,412.18115234375
2022-04-18 09:30:00,436.80999755859375,439.75,435.6099853515625,437.9700012207031,66002500,412.3506774902344
2022-04-19 09:30:00,437.8599853515625,445.79998779296875,437.67999267578125,445.0400085449219,77821000,419.007080078125
2022-04-20 09:30:00,446.9200134277344,447.57000732421875,443.4800109863281,444.7099914550781,65224400,418.6964416503906
2022-04-21 09:30:00,448.5400085449219,450.010009765625,437.1000061035156,438.05999755859375,85417300,412.4352722167969
2022-04-22 09:30:00,436.9100036621094,438.0799865722656,425.44000244140625,426.0400085449219,132471800,401.1184997558594
2022-04-25 09:30:00,423.6700134277344,428.69000244140625,418.8399963378906,428.510009765625,119647700,403.4439392089844
2022-04-26 09:30:00,425.8299865722656,426.0400085449219,416.07000732421875,416.1000061035156,103996300,391.75994873046875
2022-04-27 09:30:00,417.239990234375,422.9200134277344,415.010009765625,417.2699890136719,122030000,392.8614196777344
2022-04-28 09:30:00,422.2900085449219,429.6400146484375,417.6000061035156,427.80999755859375,105449100,402.784912109375
2022-04-29 09:30:00,423.5899963378906,425.8699951171875,411.2099914550781,412.0,145491100,387.8997802734375
2022-05-02 09:30:00,412.07000732421875,415.9200134277344,405.0199890136719,414.4800109863281,158312500,390.23468017578125
2022-05-03 09:30:00,415.010009765625,418.92999267578125,413.3599853515625,416.3800048828125,100028200,392.0235290527344
2022-05-04 09:30:00,417.0799865722656,429.6600036621094,413.7099914550781,429.05999755859375,144247900,403.9618225097656
2022-05-05 09:30:00,424.54998779296875,425.0,409.44000244140625,413.80999755859375,172929100,389.60394287109375
2022-05-06 09:30:00,411.1000061035156,414.79998779296875,405.7300109863281,411.3399963378906,151770800,387.2783203125
2022-05-09 09:30:00,405.1000061035156,406.4100036621094,396.5,398.1700134277344,155586100,374.8787841796875
2022-05-10 09:30:00,404.489990234375,406.0799865722656,394.82000732421875,399.0899963378906,132497200,375.74493408203125
2022-05-11 09:30:00,398.07000732421875,404.0400085449219,391.9599914550781,392.75,142361000,369.77581787109375
2022-05-12 09:30:00,389.3699951171875,395.79998779296875,385.1499938964844,392.3399963378906,125090800,369.3898010253906
2022-05-13 09:30:00,396.7099914550781,403.17999267578125,395.6099853515625,401.7200012207031,104174400,378.2210693359375
2022-05-16 09:30:00,399.9800109863281,403.9700012207031,397.6000061035156,400.0899963378906,78622400,376.6863708496094
2022-05-17 09:30:00,406.5299987792969,408.57000732421875,402.5799865722656,408.32000732421875,83029700,384.43505859375
2022-05-18 09:30:00,403.5,403.79998779296875,390.54998779296875,391.8599853515625,117674500,368.93780517578125
2022-05-19 09:30:00,388.6199951171875,394.1400146484375,387.1099853515625,389.4599914550781,98510700,366.6781921386719
2022-05-20 09:30:00,393.25,397.0299987792969,380.5400085449219,389.6300048828125,131432200,366.8383483886719
2022-05-23 09:30:00,392.8299865722656,397.7300109863281,390.3800048828125,396.9200134277344,76414900,373.7018737792969
2022-05-24 09:30:00,392.55999755859375,395.1499938964844,386.9599914550781,393.8900146484375,91448800,370.84912109375
2022-05-25 09:30:00,392.30999755859375,399.45001220703125,391.8900146484375,397.3699951171875,91472900,374.12554931640625
2022-05-26 09:30:00,398.6700134277344,407.0400085449219,398.45001220703125,405.30999755859375,82168300,381.6010437011719
2022-05-27 09:30:00,407.9100036621094,415.3800048828125,407.70001220703125,415.260009765625,84768700,390.9690856933594
2022-05-31 09:30:00,413.54998779296875,416.4599914550781,410.0299987792969,412.92999267578125,95937000,388.77532958984375
2022-06-01 09:30:00,415.1700134277344,416.239990234375,406.92999267578125,409.5899963378906,86585800,385.6307067871094
2022-06-02 09:30:00,409.4200134277344,417.44000244140625,407.0400085449219,417.3900146484375,79609600,392.9744567871094
2022-06-03 09:30:00,412.3999938964844,414.0400085449219,409.510009765625,410.5400085449219,71874300,386.52520751953125
2022-06-06 09:30:00,414.7799987792969,416.6099853515625,410.54998779296875,411.7900085449219,57508900,387.7019958496094
2022-06-07 09:30:00,408.1000061035156,416.2200012207031,407.6099853515625,415.739990234375,59272400,391.4209289550781
2022-06-08 09:30:00,413.92999267578125,415.82000732421875,410.3800048828125,411.2200012207031,64350000,387.1653137207031
2022-06-09 09:30:00,409.3399963378906,411.739990234375,401.44000244140625,401.44000244140625,86289800,377.95751953125
2022-06-10 09:30:00,394.8800048828125,395.7799987792969,389.75,389.79998779296875,132893900,366.99835205078125
2022-06-13 09:30:00,379.8500061035156,381.80999755859375,373.29998779296875,375.0,170004900,353.0641174316406
2022-06-14 09:30:00,376.8500061035156,377.94000244140625,370.5899963378906,373.8699951171875,104011800,352.0002136230469
2022-06-15 09:30:00,377.3599853515625,383.8999938964844,372.1199951171875,379.20001220703125,125666800,357.0184326171875
2022-06-16 09:30:00,370.510009765625,370.94000244140625,364.0799865722656,366.6499938964844,134473300,345.2025146484375
2022-06-17 09:30:00,365.510009765625,369.3800048828125,362.1700134277344,365.8599853515625,111113900,345.9466247558594
2022-06-21 09:30:00,371.8900146484375,376.5299987792969,371.80999755859375,375.07000732421875,76811900,354.6554260253906
2022-06-22 09:30:00,370.6199951171875,378.7200012207031,370.17999267578125,374.3900146484375,90059400,354.0124206542969
2022-06-23 09:30:00,376.6400146484375,378.8299865722656,372.8900146484375,378.05999755859375,79292100,357.4826354980469
2022-06-24 09:30:00,381.3999938964844,390.0899963378906,381.3699951171875,390.0799865722656,98050300,368.8484191894531
2022-06-27 09:30:00,391.04998779296875,391.3599853515625,387.44000244140625,388.5899963378906,66009600,367.43951416015625
2022-06-28 09:30:00,390.2300109863281,393.1600036621094,380.5299987792969,380.6499938964844,86548900,359.9316711425781
2022-06-29 09:30:00,381.2300109863281,382.2699890136719,378.4200134277344,380.3399963378906,65676000,359.6385498046875
2022-06-30 09:30:00,376.239990234375,380.6600036621094,372.55999755859375,377.25,112508300,356.716796875
2022-07-01 09:30:00,376.55999755859375,381.70001220703125,373.79998779296875,381.239990234375,74839700,360.4895935058594
2022-07-05 09:30:00,375.8800048828125,381.9800109863281,372.8999938964844,381.9599914550781,81438000,361.1703796386719
2022-07-06 09:30:00,382.1099853515625,385.8699951171875,379.6000061035156,383.25,70426200,362.3902282714844
2022-07-07 09:30:00,385.1199951171875,389.8299865722656,383.2699890136719,388.989990234375,64525900,367.81768798828125
2022-07-08 09:30:00,387.2699890136719,390.6400146484375,385.6600036621094,388.6700134277344,72397800,367.5152282714844
2022-07-11 09:30:00,385.8500061035156,386.8699951171875,383.5,384.2300109863281,58366900,363.31683349609375
2022-07-12 09:30:00,383.6499938964844,386.1600036621094,378.989990234375,380.8299865722656,62219200,360.1019287109375
2022-07-13 09:30:00,375.1000061035156,381.9200134277344,374.6600036621094,378.8299865722656,84224600,358.2107849121094
2022-07-14 09:30:00,373.6099853515625,379.04998779296875,371.0400085449219,377.9100036621094,89704800,357.3408508300781
2022-07-15 09:30:00,382.54998779296875,385.25,380.5400085449219,385.1300048828125,79060400,364.1679382324219
2022-07-18 09:30:00,388.3800048828125,389.0899963378906,380.6600036621094,381.95001220703125,63203600,361.160888671875
2022-07-19 09:30:00,386.0799865722656,392.8699951171875,385.3900146484375,392.2699890136719,78506000,370.919189453125
2022-07-20 09:30:00,392.4700012207031,396.260009765625,391.0299987792969,394.7699890136719,71843800,373.28314208984375
2022-07-21 09:30:00,394.1600036621094,398.8399963378906,391.6300048828125,398.7900085449219,64903900,377.0842590332031
2022-07-22 09:30:00,398.9200134277344,400.17999267578125,392.75,395.0899963378906,72197300,373.5856628417969
2022-07-25 09:30:00,395.75,396.4700012207031,393.2099914550781,395.57000732421875,53631500,374.0396728515625
2022-07-26 09:30:00,393.8399963378906,394.05999755859375,389.95001220703125,390.8900146484375,52946400,369.6143493652344
2022-07-27 09:30:00,394.3599853515625,402.8800048828125,394.04998779296875,401.0400085449219,82342100,379.21197509765625
2022-07-28 09:30:00,401.8900146484375,406.79998779296875,398.1499938964844,406.07000732421875,73966600,383.96807861328125
2022-07-29 09:30:00,407.5799865722656,413.0299987792969,406.7699890136719,411.989990234375,87003700,389.56585693359375
2022-08-01 09:30:00,409.1499938964844,413.4100036621094,408.3999938964844,410.7699890136719,69997500,388.4123229980469
2022-08-02 09:30:00,409.1199951171875,413.0,406.82000732421875,408.05999755859375,63435400,385.84979248046875
2022-08-03 09:30:00,410.29998779296875,415.67999267578125,410.0,414.45001220703125,67820600,391.8919982910156
2022-08-04 09:30:00,414.3699951171875,415.0899963378906,412.44000244140625,414.1700134277344,45656600,391.6272277832031
2022-08-05 09:30:00,409.6600036621094,414.1499938964844,409.6000061035156,413.4700012207031,56814900,390.96533203125
2022-08-08 09:30:00,415.25,417.6199951171875,411.8299865722656,412.989990234375,53886100,390.5114440917969
2022-08-09 09:30:00,412.2200012207031,412.75,410.2200012207031,411.3500061035156,44931800,388.96075439453125
2022-08-10 09:30:00,418.7799987792969,420.1400146484375,416.7200012207031,419.989990234375,68665700,397.13043212890625
2022-08-11 09:30:00,422.989990234375,424.95001220703125,419.2099914550781,419.989990234375,59489700,397.13043212890625
2022-08-12 09:30:00,422.0299987792969,427.2099914550781,421.0299987792969,427.1000061035156,61694500,403.85345458984375
2022-08-15 09:30:00,424.7699890136719,429.4100036621094,424.7099914550781,428.8599853515625,54048300,405.51763916015625
2022-08-16 09:30:00,427.7300109863281,431.7300109863281,426.8800048828125,429.70001220703125,59289000,406.3119812011719
2022-08-17 09:30:00,425.9100036621094,429.5,424.5400085449219,426.6499938964844,63563400,403.4280090332031
2022-08-18 09:30:00,426.8599853515625,428.6099853515625,425.5,427.8900146484375,49023200,404.6004638671875
2022-08-19 09:30:00,424.9800109863281,425.260009765625,421.2200012207031,422.1400146484375,68016900,399.1634521484375
2022-08-22 09:30:00,417.04998779296875,417.2300109863281,412.3999938964844,413.3500061035156,77695600,390.851806640625
2022-08-23 09:30:00,412.8999938964844,415.4200134277344,411.7699890136719,412.3500061035156,49105200,389.90631103515625
2022-08-24 09:30:00,412.1099853515625,415.1099853515625,411.3900146484375,413.6700134277344,49177800,391.1545104980469
2022-08-25 09:30:00,415.239990234375,419.55999755859375,414.0899963378906,419.510009765625,50942300,396.6766662597656
2022-08-26 09:30:00,419.3900146484375,419.9599914550781,405.25,405.30999755859375,103087000,383.24945068359375
2022-08-29 09:30:00,402.20001220703125,405.8399963378906,401.20001220703125,402.6300048828125,65370800,380.7153625488281
2022-08-30 09:30:00,403.8500061035156,404.1000061035156,396.0,398.2099914550781,85652400,376.535888671875
2022-08-31 09:30:00,399.92999267578125,401.239990234375,395.0400085449219,395.17999267578125,76029700,373.6708679199219
2022-09-01 09:30:00,392.8900146484375,396.7799987792969,390.0400085449219,396.4200134277344,78740100,374.8433532714844
2022-09-02 09:30:00,400.2799987792969,401.55999755859375,390.3299865722656,392.239990234375,99632100,370.8908386230469
2022-09-06 09:30:00,393.1300048828125,394.1199951171875,388.4200134277344,390.760009765625,76637400,369.4914855957031
2022-09-07 09:30:00,390.42999267578125,398.5899963378906,390.20001220703125,397.7799987792969,70964200,376.12933349609375
2022-09-08 09:30:00,395.3900146484375,400.8599853515625,394.1199951171875,400.3800048828125,80821700,378.587890625
2022-09-09 09:30:00,402.739990234375,407.510009765625,402.4599914550781,406.6000061035156,76706900,384.46923828125
2022-09-12 09:30:00,408.7799987792969,411.7300109863281,408.4599914550781,410.9700012207031,69256300,388.6014404296875
2022-09-13 09:30:00,401.8299865722656,403.1000061035156,391.9200134277344,393.1000061035156,122947100,371.7040100097656
2022-09-14 09:30:00,394.4700012207031,396.20001220703125,391.1199951171875,394.6000061035156,85023700,373.1224670410156
2022-09-15 09:30:00,392.9599914550781,395.9599914550781,388.7799987792969,390.1199951171875,87633800,368.88623046875
2022-09-16 09:30:00,384.1400146484375,386.25,382.1099853515625,385.55999755859375,103084800,366.072021484375
2022-09-19 09:30:00,382.260009765625,388.54998779296875,382.17999267578125,388.54998779296875,73278500,368.9110107421875
2022-09-20 09:30:00,385.05999755859375,386.1199951171875,381.20001220703125,384.0899963378906,77274900,364.6763610839844
2022-09-21 09:30:00,386.1099853515625,389.30999755859375,377.3800048828125,377.3900146484375,106746600,358.3149719238281
2022-09-22 09:30:00,376.5799865722656,378.29998779296875,373.44000244140625,374.2200012207031,89472600,355.3052673339844
2022-09-23 09:30:00,370.5799865722656,370.6199951171875,363.2900085449219,367.95001220703125,122346900,349.3521728515625
2022-09-26 09:30:00,366.4100036621094,370.2099914550781,363.0299987792969,364.30999755859375,92581200,345.8961181640625
2022-09-27 09:30:00,368.0199890136719,370.3999938964844,360.8699951171875,363.3800048828125,108294100,345.01312255859375
2022-09-28 09:30:00,364.3800048828125,372.29998779296875,362.6000061035156,370.5299987792969,110802200,351.8017883300781
2022-09-29 09:30:00,366.80999755859375,367.1099853515625,359.70001220703125,362.7900085449219,112952300,344.4529724121094
2022-09-30 09:30:00,361.79998779296875,365.9100036621094,357.0400085449219,357.17999267578125,153711200,339.12646484375
2022-10-03 09:30:00,361.0799865722656,368.54998779296875,359.2099914550781,366.6099853515625,89756500,348.079833984375
2022-10-04 09:30:00,372.3999938964844,378.0,366.57000732421875,377.9700012207031,103602800,358.86566162109375
2022-10-05 09:30:00,373.3900146484375,379.4599914550781,370.95001220703125,377.0899963378906,88065700,358.0301513671875
2022-10-06 09:30:00,375.6199951171875,378.7200012207031,372.67999267578125,373.20001220703125,82333500,354.3367614746094
2022-10-07 09:30:00,368.9700012207031,373.2900085449219,360.94000244140625,362.7900085449219,107789500,344.4529724121094
2022-10-10 09:30:00,363.9599914550781,364.2099914550781,357.6700134277344,360.0199890136719,76042800,341.8229064941406
2022-10-11 09:30:00,358.239990234375,363.0299987792969,355.7099914550781,357.739990234375,92482800,339.658203125
2022-10-12 09:30:00,358.1700134277344,359.82000732421875,356.29998779296875,356.55999755859375,76991800,338.5378112792969
2022-10-13 09:30:00,349.2099914550781,367.510009765625,348.1099853515625,365.9700012207031,147254500,347.47216796875
2022-10-14 09:30:00,368.54998779296875,370.260009765625,356.9599914550781,357.6300048828125,123737000,339.5538024902344
2022-10-17 09:30:00,364.010009765625,367.9800109863281,357.2799987792969,366.82000732421875,93168200,348.2792663574219
2022-10-18 09:30:00,375.1300048828125,375.45001220703125,367.5199890136719,371.1300048828125,97162900,352.3714599609375
2022-10-19 09:30:00,368.989990234375,371.8500061035156,365.54998779296875,368.5,79746900,349.8742980957031
2022-10-20 09:30:00,368.0299987792969,372.6700134277344,364.6099853515625,365.4100036621094,88283100,346.9405517578125
2022-10-21 09:30:00,365.1199951171875,374.79998779296875,363.5400085449219,374.2900085449219,131038400,355.3717041015625
2022-10-24 09:30:00,375.8900146484375,380.05999755859375,373.1099853515625,378.8699951171875,85436900,359.7202453613281
2022-10-25 09:30:00,378.7900085449219,385.25,378.6700134277344,384.9200134277344,78846300,365.46441650390625
2022-10-26 09:30:00,381.6199951171875,387.5799865722656,381.3500061035156,382.0199890136719,104087300,362.71087646484375
2022-10-27 09:30:00,383.07000732421875,385.0,379.3299865722656,379.9800109863281,81971800,360.7740783691406
2022-10-28 09:30:00,379.8699951171875,389.5199890136719,379.67999267578125,389.0199890136719,100302000,369.3571472167969
2022-10-31 09:30:00,386.44000244140625,388.3999938964844,385.260009765625,386.2099914550781,96631300,366.6891784667969
2022-11-01 09:30:00,390.1400146484375,390.3900146484375,383.2900085449219,384.5199890136719,85407600,365.0846252441406
2022-11-02 09:30:00,383.8999938964844,388.6300048828125,374.760009765625,374.8699951171875,126990400,355.92242431640625
2022-11-03 09:30:00,371.4700012207031,374.20001220703125,368.7900085449219,371.010009765625,87100100,352.25750732421875
2022-11-04 09:30:00,377.0,378.8699951171875,370.0,376.3500061035156,103505200,357.32763671875
2022-11-07 09:30:00,377.7099914550781,380.57000732421875,375.5299987792969,379.95001220703125,68286900,360.74560546875
2022-11-08 09:30:00,381.1099853515625,385.1199951171875,377.7200012207031,382.0,84641100,362.6920166015625
2022-11-09 09:30:00,379.92999267578125,381.1400146484375,373.6099853515625,374.1300048828125,78495500,355.21978759765625
2022-11-10 09:30:00,388.04998779296875,395.0400085449219,385.6400146484375,394.69000244140625,141455800,374.7406005859375
2022-11-11 09:30:00,395.5899963378906,399.3500061035156,393.6099853515625,398.510009765625,93839900,378.3674621582031
2022-11-14 09:30:00,396.6600036621094,400.17999267578125,394.8299865722656,395.1199951171875,71903500,375.14886474609375
2022-11-15 09:30:00,401.1499938964844,402.30999755859375,394.489990234375,398.489990234375,93194500,378.3485107421875
2022-11-16 09:30:00,396.7799987792969,397.7799987792969,394.7900085449219,395.45001220703125,68508500,375.4621276855469
2022-11-17 09:30:00,390.4599914550781,394.95001220703125,390.1400146484375,394.239990234375,74496300,374.3133239746094
2022-11-18 09:30:00,397.739990234375,397.80999755859375,393.0400085449219,396.0299987792969,92922500,376.0128479003906
2022-11-21 09:30:00,394.6400146484375,395.82000732421875,392.6600036621094,394.5899963378906,51243200,374.64569091796875
2022-11-22 09:30:00,396.6300048828125,400.07000732421875,395.1499938964844,399.8999938964844,60429000,379.687255859375
2022-11-23 09:30:00,399.54998779296875,402.92999267578125,399.30999755859375,402.4200134277344,68261600,382.07989501953125
2022-11-25 09:30:00,401.8299865722656,402.9100036621094,401.5400085449219,402.3299865722656,30545400,381.9944152832031
2022-11-28 09:30:00,399.0899963378906,400.80999755859375,395.1099853515625,395.9100036621094,67881600,375.89892578125
2022-11-29 09:30:00,396.04998779296875,397.29998779296875,393.29998779296875,395.2300109863281,52310000,375.2532958984375
2022-11-30 09:30:00,395.489990234375,407.67999267578125,393.4800109863281,407.67999267578125,144566700,387.0740661621094
2022-12-01 09:30:00,408.7699890136719,410.0,404.75,407.3800048828125,76398200,386.78912353515625
2022-12-02 09:30:00,402.25,407.8599853515625,402.1400146484375,406.9100036621094,85342700,386.3429870605469
2022-12-05 09:30:00,403.95001220703125,404.92999267578125,398.1700134277344,399.5899963378906,77289800,379.39288330078125
2022-12-06 09:30:00,399.4200134277344,399.989990234375,391.6400146484375,393.8299865722656,77972200,373.92401123046875
2022-12-07 09:30:00,392.94000244140625,395.6400146484375,391.9700012207031,393.1600036621094,65927900,373.2879333496094
2022-12-08 09:30:00,395.1400146484375,397.3599853515625,393.2699890136719,396.239990234375,60737900,376.2122497558594
2022-12-09 09:30:00,394.94000244140625,397.6199951171875,393.1499938964844,393.2799987792969,81447700,373.40185546875
2022-12-12 09:30:00,394.1099853515625,398.95001220703125,393.4100036621094,398.95001220703125,75405800,378.7853088378906
2022-12-13 09:30:00,410.2200012207031,410.489990234375,399.07000732421875,401.9700012207031,123782500,381.65264892578125
2022-12-14 09:30:00,401.6099853515625,405.5,396.30999755859375,399.3999938964844,108111300,379.2125549316406
2022-12-15 09:30:00,394.29998779296875,395.25,387.8900146484375,389.6300048828125,117705900,369.9363708496094
2022-12-16 09:30:00,385.17999267578125,386.5799865722656,381.0400085449219,383.2699890136719,119858000,365.5688171386719
2022-12-19 09:30:00,383.4700012207031,383.82000732421875,378.2799987792969,380.0199890136719,79878100,362.46893310546875
2022-12-20 09:30:00,379.2300109863281,382.2300109863281,377.8500061035156,380.5400085449219,74427200,362.9648742675781
2022-12-21 09:30:00,383.25,387.4100036621094,382.69000244140625,386.2300109863281,78167400,368.3921813964844
2022-12-22 09:30:00,383.04998779296875,386.2099914550781,374.7699890136719,380.7200012207031,100120900,363.1365966796875
2022-12-23 09:30:00,379.6499938964844,383.05999755859375,378.0299987792969,382.9100036621094,59857300,365.2254638671875
2022-12-27 09:30:00,382.7900085449219,383.1499938964844,379.6499938964844,381.3999938964844,51638200,363.78515625
2022-12-28 09:30:00,381.3299865722656,383.3900146484375,376.4200134277344,376.6600036621094,70911500,359.2640686035156
2022-12-29 09:30:00,379.6300048828125,384.3500061035156,379.0799865722656,383.44000244140625,66970900,365.73095703125
2022-12-30 09:30:00,380.6400146484375,382.5799865722656,378.42999267578125,382.42999267578125,84022200,364.7676086425781
2023-01-03 09:30:00,384.3699951171875,386.42999267578125,377.8299865722656,380.82000732421875,74850700,363.2320251464844
2023-01-04 09:30:00,383.17999267578125,385.8800048828125,380.0,383.760009765625,85934100,366.03619384765625
2023-01-05 09:30:00,381.7200012207031,381.8399963378906,378.760009765625,379.3800048828125,76970500,361.8584899902344
2023-01-06 09:30:00,382.6099853515625,389.25,379.4100036621094,388.0799865722656,104189600,370.15667724609375
2023-01-09 09:30:00,390.3699951171875,393.70001220703125,387.6700134277344,387.8599853515625,73978100,369.94683837890625
2023-01-10 09:30:00,387.25,390.6499938964844,386.2699890136719,390.5799865722656,65358100,372.5412292480469
2023-01-11 09:30:00,392.2300109863281,395.6000061035156,391.3800048828125,395.5199890136719,68881100,377.25311279296875
2023-01-12 09:30:00,396.6700134277344,398.489990234375,392.4200134277344,396.9599914550781,90157700,378.6266174316406
2023-01-13 09:30:00,393.6199951171875,399.1000061035156,393.3399963378906,398.5,63903900,380.0954895019531
2023-01-17 09:30:00,398.4800109863281,400.2300109863281,397.05999755859375,397.7699890136719,62677300,379.3991394042969
2023-01-18 09:30:00,399.010009765625,400.1199951171875,391.2799987792969,391.489990234375,99632300,373.4092102050781
2023-01-19 09:30:00,389.3599853515625,391.0799865722656,387.260009765625,388.6400146484375,86958900,370.69085693359375
2023-01-20 09:30:00,390.1000061035156,396.0400085449219,388.3800048828125,395.8800048828125,91806400,377.5964660644531
2023-01-23 09:30:00,396.7200012207031,402.6499938964844,395.7200012207031,400.6300048828125,84178800,382.1270751953125
2023-01-24 09:30:00,398.8800048828125,401.1499938964844,397.6400146484375,400.20001220703125,59524900,381.7169189453125
2023-01-25 09:30:00,395.95001220703125,400.70001220703125,393.55999755859375,400.3500061035156,84800300,381.8600158691406
2023-01-26 09:30:00,403.1300048828125,404.9200134277344,400.0299987792969,404.75,72287400,386.0568542480469
2023-01-27 09:30:00,403.6600036621094,408.1600036621094,403.44000244140625,405.67999267578125,68346200,386.94384765625
2023-01-30 09:30:00,402.79998779296875,405.1300048828125,400.2799987792969,400.5899963378906,74202000,382.0888977050781
2023-01-31 09:30:00,401.1300048828125,406.5299987792969,400.7699890136719,406.4800109863281,86811800,387.7069396972656
2023-02-01 09:30:00,405.2099914550781,413.6700134277344,402.3500061035156,410.79998779296875,101459200,391.8273620605469
2023-02-02 09:30:00,414.8599853515625,418.30999755859375,412.8800048828125,416.7799987792969,101654500,397.53118896484375
2023-02-03 09:30:00,411.5899963378906,416.9700012207031,411.0899963378906,412.3500061035156,94736800,393.30584716796875
2023-02-06 09:30:00,409.7900085449219,411.2900085449219,408.1000061035156,409.8299865722656,60295300,390.90216064453125
2023-02-07 09:30:00,408.8699951171875,416.489990234375,407.57000732421875,415.19000244140625,90990700,396.0146179199219
2023-02-08 09:30:00,413.1300048828125,414.5299987792969,409.92999267578125,410.6499938964844,76227500,391.6842956542969
2023-02-09 09:30:00,414.4100036621094,414.57000732421875,405.80999755859375,407.0899963378906,78694900,388.28875732421875
2023-02-10 09:30:00,405.8599853515625,408.44000244140625,405.010009765625,408.0400085449219,70769700,389.19488525390625
2023-02-13 09:30:00,408.7200012207031,412.9700012207031,408.239990234375,412.8299865722656,64913500,393.76361083984375
2023-02-14 09:30:00,411.239990234375,415.04998779296875,408.510009765625,412.6400146484375,88389300,393.5823974609375
2023-02-15 09:30:00,410.3500061035156,414.05999755859375,409.4700012207031,413.9800109863281,61555700,394.8604736328125
2023-02-16 09:30:00,408.7900085449219,412.9100036621094,408.1400146484375,408.2799987792969,76431500,389.4237060546875
2023-02-17 09:30:00,406.05999755859375,407.510009765625,404.04998779296875,407.260009765625,89257800,388.45086669921875
2023-02-21 09:30:00,403.05999755859375,404.1600036621094,398.82000732421875,399.0899963378906,82655900,380.65814208984375
2023-02-22 09:30:00,399.5199890136719,401.1300048828125,397.0199890136719,398.5400085449219,83742300,380.13360595703125
2023-02-23 09:30:00,401.55999755859375,402.20001220703125,396.25,400.6600036621094,96242400,382.1556701660156
2023-02-24 09:30:00,395.4200134277344,397.25,393.6400146484375,396.3800048828125,108194400,378.0732727050781
2023-02-27 09:30:00,399.8699951171875,401.2900085449219,396.75,397.7300109863281,80444700,379.3609924316406
2023-02-28 09:30:00,397.2300109863281,399.2799987792969,396.1499938964844,396.260009765625,96438600,377.9588928222656
2023-03-01 09:30:00,395.4100036621094,396.69000244140625,393.3800048828125,394.739990234375,99706800,376.50909423828125
2023-03-02 09:30:00,392.67999267578125,398.69000244140625,392.3299865722656,397.80999755859375,85127800,379.43731689453125
2023-03-03 09:30:00,399.7099914550781,404.45001220703125,399.0299987792969,404.19000244140625,90120000,385.5226745605469
2023-03-06 09:30:00,405.04998779296875,407.45001220703125,404.010009765625,404.4700012207031,72795900,385.7897033691406
2023-03-07 09:30:00,404.4200134277344,404.6700134277344,397.6300048828125,398.2699890136719,108310600,379.87603759765625
2023-03-08 09:30:00,398.3900146484375,399.7099914550781,396.5899963378906,398.9200134277344,74746600,380.49609375
2023-03-09 09:30:00,399.739990234375,401.4800109863281,390.5299987792969,391.55999755859375,111945300,373.47589111328125
2023-03-10 09:30:00,390.989990234375,393.1600036621094,384.32000732421875,385.9100036621094,189253000,368.0868835449219
2023-03-13 09:30:00,381.80999755859375,390.3900146484375,380.6499938964844,385.3599853515625,157790000,367.562255859375
2023-03-14 09:30:00,390.5,393.45001220703125,387.04998779296875,391.7300109863281,149752400,373.6381530761719
2023-03-15 09:30:00,385.8900146484375,389.489990234375,383.7099914550781,389.2799987792969,172996900,371.30126953125
2023-03-16 09:30:00,386.82000732421875,396.4700012207031,386.2900085449219,396.1099853515625,143254200,377.8157958984375
2023-03-17 09:30:00,393.2200012207031,394.3999938964844,388.54998779296875,389.989990234375,140553400,373.3981018066406
2023-03-20 09:30:00,390.79998779296875,394.1700134277344,390.07000732421875,393.739990234375,93055800,376.98858642578125
2023-03-21 09:30:00,397.239990234375,399.4100036621094,395.5799865722656,398.9100036621094,91524200,381.93865966796875
2023-03-22 09:30:00,398.7300109863281,402.489990234375,392.07000732421875,392.1099853515625,111746600,375.427978515625
2023-03-23 09:30:00,395.0899963378906,399.2900085449219,390.3500061035156,393.1700134277344,119351300,376.44287109375
2023-03-24 09:30:00,391.8399963378906,395.8399963378906,389.3999938964844,395.75,107682400,378.91302490234375
2023-03-27 09:30:00,398.1199951171875,398.9200134277344,395.55999755859375,396.489990234375,74010400,379.62152099609375
2023-03-28 09:30:00,395.7699890136719,396.489990234375,393.69000244140625,395.6000061035156,62871700,378.7694396972656
2023-03-29 09:30:00,399.92999267578125,401.6000061035156,398.67999267578125,401.3500061035156,77497900,384.2748718261719
2023-03-30 09:30:00,404.0899963378906,404.3500061035156,401.760009765625,403.70001220703125,69840000,386.5248718261719
2023-03-31 09:30:00,404.6600036621094,409.70001220703125,404.54998779296875,409.3900146484375,112062600,391.9727783203125
2023-04-03 09:30:00,408.8500061035156,411.3699951171875,408.44000244140625,410.95001220703125,67391100,393.4664306640625
2023-04-04 09:30:00,411.6199951171875,411.9200134277344,407.239990234375,408.6700134277344,66601500,391.28338623046875
2023-04-05 09:30:00,407.9100036621094,408.70001220703125,405.8800048828125,407.6000061035156,65200200,390.2589416503906
2023-04-06 09:30:00,406.7699890136719,409.4800109863281,405.67999267578125,409.19000244140625,63743300,391.7812805175781
2023-04-10 09:30:00,406.6099853515625,409.69000244140625,405.9700012207031,409.6099853515625,63681000,392.1833801269531
2023-04-11 09:30:00,410.260009765625,411.17999267578125,408.9200134277344,409.7200012207031,59297900,392.28875732421875
2023-04-12 09:30:00,411.8699951171875,412.1700134277344,407.44000244140625,408.04998779296875,86420400,390.6898193359375
2023-04-13 09:30:00,409.17999267578125,413.8399963378906,407.989990234375,413.4700012207031,85814800,395.8792419433594
2023-04-14 09:30:00,412.80999755859375,415.0899963378906,410.05999755859375,412.4599914550781,78161500,394.9121398925781
2023-04-17 09:30:00,412.3699951171875,413.9599914550781,411.0899963378906,413.94000244140625,66436400,396.3291931152344
2023-04-18 09:30:00,415.5799865722656,415.7200012207031,412.7799987792969,414.2099914550781,63560000,396.5877380371094
2023-04-19 09:30:00,412.2200012207031,415.0799865722656,412.1600036621094,414.1400146484375,55227300,396.52069091796875
2023-04-20 09:30:00,411.2099914550781,413.70001220703125,410.2699890136719,411.8800048828125,75840400,394.3568115234375
2023-04-21 09:30:00,412.19000244140625,412.67999267578125,410.1700134277344,412.20001220703125,73457400,394.6632080078125
2023-04-24 09:30:00,411.989990234375,413.07000732421875,410.6000061035156,412.6300048828125,64332100,395.0749206542969
2023-04-25 09:30:00,410.5799865722656,411.1600036621094,406.0199890136719,406.0799865722656,97766700,388.8035888671875
2023-04-26 09:30:00,406.7200012207031,407.8399963378906,403.7799987792969,404.3599853515625,80447000,387.15673828125
2023-04-27 09:30:00,407.0,412.69000244140625,406.739990234375,412.4100036621094,92968400,394.8642883300781
2023-04-28 09:30:00,411.489990234375,415.94000244140625,411.42999267578125,415.92999267578125,89433100,398.2344970703125
2023-05-01 09:30:00,415.4700012207031,417.6199951171875,415.2699890136719,415.510009765625,62122300,397.8324279785156
2023-05-02 09:30:00,414.7699890136719,414.82000732421875,407.82000732421875,410.8399963378906,103998500,393.361083984375
2023-05-03 09:30:00,411.3599853515625,413.8699951171875,407.7699890136719,408.0199890136719,91531800,390.66107177734375
2023-05-04 09:30:00,406.92999267578125,407.2699890136719,403.739990234375,405.1300048828125,94901900,387.8940124511719
2023-05-05 09:30:00,408.9100036621094,413.7200012207031,408.6400146484375,412.6300048828125,87891800,395.0749206542969
2023-05-08 09:30:00,412.9700012207031,413.239990234375,411.2799987792969,412.739990234375,50046800,395.18023681640625
2023-05-09 09:30:00,411.1300048828125,412.0899963378906,410.69000244140625,410.92999267578125,49220100,393.4472961425781
2023-05-10 09:30:00,413.8800048828125,414.5400085449219,408.8699951171875,412.8500061035156,96142900,395.2856140136719
2023-05-11 09:30:00,411.95001220703125,412.42999267578125,409.9700012207031,412.1300048828125,70157100,394.5961608886719
2023-05-12 09:30:00,413.4200134277344,413.6400146484375,409.07000732421875,411.5899963378906,70481500,394.0791320800781
2023-05-15 09:30:00,412.2200012207031,413.42999267578125,410.2300109863281,413.010009765625,54289400,395.4387512207031
2023-05-16 09:30:00,411.8599853515625,412.82000732421875,410.239990234375,410.25,57705500,392.7961730957031
2023-05-17 09:30:00,412.3500061035156,415.8599853515625,410.6400146484375,415.2300109863281,87287000,397.5643005371094
2023-05-18 09:30:00,414.8999938964844,419.6700134277344,414.6700134277344,419.2300109863281,97177200,401.3940734863281
2023-05-19 09:30:00,420.1700134277344,420.7200012207031,417.3500061035156,418.6199951171875,103793300,400.8100891113281
2023-05-22 09:30:00,418.6400146484375,420.3900146484375,417.3500061035156,418.7900085449219,60745400,400.97283935546875
2023-05-23 09:30:00,417.0799865722656,418.7200012207031,413.67999267578125,414.0899963378906,86383500,396.4727783203125
2023-05-24 09:30:00,412.4200134277344,412.82000732421875,409.8800048828125,411.0899963378906,89213700,393.6004638671875
2023-05-25 09:30:00,414.739990234375,416.1600036621094,412.4100036621094,414.6499938964844,90961600,397.0090026855469
2023-05-26 09:30:00,415.3299865722656,420.7699890136719,415.25,420.0199890136719,93830000,402.1505432128906
2023-05-30 09:30:00,422.0299987792969,422.5799865722656,418.739990234375,420.17999267578125,72216000,402.30364990234375
2023-05-31 09:30:00,418.2799987792969,419.2200012207031,416.2200012207031,417.8500061035156,110811800,400.0728759765625
2023-06-01 09:30:00,418.0899963378906,422.9200134277344,416.7900085449219,421.82000732421875,88865000,403.8739013671875
2023-06-02 09:30:00,424.5,428.739990234375,423.95001220703125,427.9200134277344,91426200,409.7144470214844
2023-06-05 09:30:00,428.2799987792969,429.6199951171875,426.3699951171875,427.1000061035156,65460200,408.9293212890625
2023-06-06 09:30:00,426.6700134277344,428.5799865722656,425.989990234375,428.0299987792969,64022200,409.81976318359375
2023-06-07 09:30:00,428.44000244140625,429.6199951171875,426.1099853515625,426.54998779296875,85373300,408.4027404785156
2023-06-08 09:30:00,426.6199951171875,429.6000061035156,425.82000732421875,429.1300048828125,61952800,410.8729248046875
2023-06-09 09:30:00,429.9599914550781,431.989990234375,428.8699951171875,429.8999938964844,85742800,411.6101989746094
2023-06-12 09:30:00,430.9200134277344,433.8800048828125,430.1700134277344,433.79998779296875,76104300,415.3443298339844
2023-06-13 09:30:00,435.32000732421875,437.3299865722656,434.6300048828125,436.6600036621094,95899700,418.0826110839844
2023-06-14 09:30:00,437.010009765625,439.05999755859375,433.5899963378906,437.17999267578125,100612100,418.5804443359375
2023-06-15 09:30:00,436.3299865722656,443.8999938964844,436.2300109863281,442.6000061035156,110303100,423.7698974609375
2023-06-16 09:30:00,443.0199890136719,443.6099853515625,438.9700012207031,439.4599914550781,114165800,422.326416015625
2023-06-20 09:30:00,437.45001220703125,438.3699951171875,435.0299987792969,437.17999267578125,76160400,420.1352844238281
2023-06-21 09:30:00,436.1600036621094,436.989990234375,434.3299865722656,434.94000244140625,76982300,417.98272705078125
2023-06-22 09:30:00,433.95001220703125,436.6199951171875,433.6000061035156,436.510009765625,70637200,419.491455078125
2023-06-23 09:30:00,432.92999267578125,435.05999755859375,432.4700012207031,433.2099914550781,92074500,416.320068359375
2023-06-26 09:30:00,432.6199951171875,434.6099853515625,431.19000244140625,431.44000244140625,72823600,414.61907958984375
2023-06-27 09:30:00,432.3500061035156,436.80999755859375,431.8800048828125,436.1700134277344,72813700,419.1647033691406
2023-06-28 09:30:00,435.04998779296875,437.44000244140625,434.4100036621094,436.3900146484375,75636000,419.3761291503906
2023-06-29 09:30:00,435.9599914550781,438.2799987792969,435.5400085449219,438.1099853515625,67882300,421.029052734375
2023-06-30 09:30:00,441.44000244140625,444.29998779296875,441.1099853515625,443.2799987792969,104964000,425.9974670410156
2023-07-03 09:30:00,442.9200134277344,444.0799865722656,442.6300048828125,443.7900085449219,32793400,426.48760986328125
2023-07-05 09:30:00,441.9100036621094,443.8900146484375,441.8999938964844,443.1300048828125,58418400,425.85333251953125
2023-07-06 09:30:00,439.4200134277344,440.1000061035156,437.05999755859375,439.6600036621094,80658300,422.5186767578125
2023-07-07 09:30:00,438.6300048828125,442.6400146484375,438.29998779296875,438.54998779296875,86134200,421.4518737792969
2023-07-10 09:30:00,438.17999267578125,439.8399963378906,437.5899963378906,439.6600036621094,62443500,422.5186767578125
2023-07-11 09:30:00,440.45001220703125,442.9700012207031,439.44000244140625,442.4599914550781,64463800,425.20947265625
2023-07-12 09:30:00,446.3900146484375,447.4800109863281,444.9100036621094,446.0199890136719,91924500,428.6307067871094
2023-07-13 09:30:00,447.8999938964844,450.3800048828125,447.45001220703125,449.55999755859375,72425200,432.03265380859375
2023-07-14 09:30:00,450.4800109863281,451.3599853515625,448.489990234375,449.2799987792969,69815800,431.7636413574219
2023-07-17 09:30:00,449.1300048828125,451.92999267578125,449.0799865722656,450.8399963378906,52680200,433.2627258300781
2023-07-18 09:30:00,450.5,454.8599853515625,450.04998779296875,454.19000244140625,80668200,436.482177734375
2023-07-19 09:30:00,455.010009765625,456.42999267578125,454.1099853515625,455.20001220703125,65891700,437.45281982421875
2023-07-20 09:30:00,454.1700134277344,455.1000061035156,451.44000244140625,452.17999267578125,70591600,434.55047607421875
2023-07-21 09:30:00,453.9599914550781,454.1700134277344,452.1700134277344,452.17999267578125,71275600,434.55047607421875
2023-07-24 09:30:00,453.3699951171875,455.0400085449219,452.29998779296875,454.20001220703125,54023400,436.4917907714844
2023-07-25 09:30:00,453.9200134277344,456.739990234375,453.8699951171875,455.44000244140625,55191200,437.6833190917969
2023-07-26 09:30:00,454.4700012207031,456.989990234375,453.3800048828125,455.510009765625,71052900,437.75067138671875
2023-07-27 09:30:00,459.0199890136719,459.44000244140625,451.54998779296875,452.489990234375,92194400,434.848388671875
2023-07-28 09:30:00,455.8800048828125,457.7799987792969,452.489990234375,456.9200134277344,80011800,439.10577392578125
2023-07-31 09:30:00,457.4100036621094,458.1600036621094,456.04998779296875,457.7900085449219,62040400,439.9418029785156
2023-08-01 09:30:00,456.2699890136719,457.25,455.489990234375,456.4800109863281,55291500,438.6828308105469
2023-08-02 09:30:00,453.25,453.5199890136719,449.3500061035156,450.1300048828125,93933400,432.5804443359375
2023-08-03 09:30:00,448.0400085449219,450.7900085449219,447.3699951171875,448.8399963378906,64276100,431.3407287597656
2023-08-04 09:30:00,450.7200012207031,452.8999938964844,446.2699890136719,446.80999755859375,100128900,429.3898620605469
2023-08-07 09:30:00,448.7099914550781,450.8699951171875,447.989990234375,450.7099914550781,58357500,433.1377868652344
2023-08-08 09:30:00,448.0799865722656,450.70001220703125,445.2699890136719,448.75,71361300,431.2542419433594
2023-08-09 09:30:00,449.0299987792969,449.20001220703125,444.9599914550781,445.75,78789600,428.3711853027344
2023-08-10 09:30:00,448.19000244140625,451.70001220703125,444.70001220703125,445.9100036621094,93005500,428.52496337890625
2023-08-11 09:30:00,443.9700012207031,446.70001220703125,443.3500061035156,445.6499938964844,68690900,428.27508544921875
2023-08-14 09:30:00,444.70001220703125,448.1099853515625,444.3800048828125,448.1099853515625,47867400,430.6391906738281
2023-08-15 09:30:00,446.2699890136719,446.6400146484375,442.29998779296875,442.8900146484375,75707500,425.6227111816406
2023-08-16 09:30:00,442.4599914550781,444.17999267578125,439.5299987792969,439.6400146484375,80107200,422.4994201660156
2023-08-17 09:30:00,441.1600036621094,441.42999267578125,435.75,436.2900085449219,95711300,419.2799987792969
2023-08-18 09:30:00,433.3699951171875,437.57000732421875,433.010009765625,436.5,98852000,419.4818115234375
2023-08-21 09:30:00,437.54998779296875,440.1099853515625,435.32000732421875,439.3399963378906,68719000,422.21112060546875
2023-08-22 09:30:00,441.17999267578125,441.17999267578125,437.57000732421875,438.1499938964844,64994200,421.0674743652344
2023-08-23 09:30:00,439.25,443.6700134277344,439.1000061035156,443.0299987792969,68441000,425.7572021484375
2023-08-24 09:30:00,444.69000244140625,445.2200012207031,436.8599853515625,436.8900146484375,88517300,419.8565979003906
2023-08-25 09:30:00,438.67999267578125,441.29998779296875,435.0,439.9700012207031,102325100,422.8165588378906
2023-08-28 09:30:00,442.239990234375,443.3999938964844,439.9700012207031,442.760009765625,61595400,425.4977722167969
2023-08-29 09:30:00,442.6499938964844,449.45001220703125,442.4599914550781,449.1600036621094,83081900,431.6481628417969
2023-08-30 09:30:00,449.510009765625,451.6700134277344,448.7799987792969,451.010009765625,69053900,433.4261474609375
2023-08-31 09:30:00,451.6499938964844,452.8299865722656,450.1600036621094,450.3500061035156,66084600,432.7919006347656
2023-09-01 09:30:00,453.1700134277344,453.6700134277344,449.67999267578125,451.19000244140625,58944100,433.59906005859375
2023-09-05 09:30:00,450.7300109863281,451.05999755859375,449.1700134277344,449.239990234375,55166200,431.72509765625
2023-09-06 09:30:00,448.3999938964844,448.510009765625,443.80999755859375,446.2200012207031,70758500,428.8228759765625
2023-09-07 09:30:00,443.1099853515625,445.54998779296875,442.75,444.8500061035156,70355400,427.5062561035156
2023-09-08 09:30:00,444.8999938964844,447.1099853515625,444.5299987792969,445.5199890136719,61659700,428.1501770019531
2023-09-11 09:30:00,448.239990234375,448.7699890136719,446.4700012207031,448.45001220703125,60180100,430.9659423828125
2023-09-12 09:30:00,446.95001220703125,448.5299987792969,445.3900146484375,445.989990234375,67565400,428.6018371582031
2023-09-13 09:30:00,446.2200012207031,447.7099914550781,445.0799865722656,446.510009765625,60199300,429.1015930175781
2023-09-14 09:30:00,449.07000732421875,451.0799865722656,447.7200012207031,450.3599853515625,83430800,432.8014831542969
2023-09-15 09:30:00,447.1400146484375,447.4800109863281,442.9200134277344,443.3699951171875,111848900,427.58697509765625
2023-09-18 09:30:00,443.04998779296875,444.9700012207031,442.55999755859375,443.6300048828125,55752200,427.837646484375
2023-09-19 09:30:00,442.67999267578125,443.2900085449219,439.94000244140625,442.7099914550781,66514600,426.950439453125
2023-09-20 09:30:00,444.010009765625,444.44000244140625,438.42999267578125,438.6400146484375,82562600,423.0252685546875
2023-09-21 09:30:00,435.70001220703125,435.9700012207031,431.2300109863281,431.3900146484375,104095800,416.03338623046875
2023-09-22 09:30:00,432.45001220703125,434.1000061035156,429.989990234375,430.4200134277344,100829700,415.09796142578125
2023-09-25 09:30:00,429.1700134277344,432.2699890136719,428.7200012207031,432.2300109863281,70874500,416.843505859375
2023-09-26 09:30:00,429.0899963378906,429.82000732421875,425.0199890136719,425.8800048828125,96168400,410.7195129394531
2023-09-27 09:30:00,427.0899963378906,427.6700134277344,422.2900085449219,426.04998779296875,104705800,410.88348388671875
2023-09-28 09:30:00,425.4800109863281,430.25,424.8699951171875,428.5199890136719,92258300,413.2655334472656
2023-09-29 09:30:00,431.6700134277344,431.8500061035156,425.9100036621094,427.4800109863281,115111300,412.2626037597656
2023-10-02 09:30:00,426.6199951171875,428.6000061035156,424.4599914550781,427.30999755859375,83798600,412.0986022949219
2023-10-03 09:30:00,425.05999755859375,427.3699951171875,420.17999267578125,421.5899963378906,103760600,406.5823059082031
2023-10-04 09:30:00,422.07000732421875,425.42999267578125,420.55999755859375,424.6600036621094,87453000,409.54296875
2023-10-05 09:30:00,424.3599853515625,425.3699951171875,421.1700134277344,424.5,70142700,409.388671875
2023-10-06 09:30:00,421.9700012207031,431.1300048828125,420.6000061035156,429.5400085449219,113273300,414.249267578125
2023-10-09 09:30:00,427.5799865722656,432.8800048828125,427.010009765625,432.2900085449219,80374400,416.9013671875
2023-10-10 09:30:00,432.94000244140625,437.2200012207031,432.5299987792969,434.5400085449219,78607300,419.0713195800781
2023-10-11 09:30:00,435.6400146484375,436.5799865722656,433.17999267578125,436.32000732421875,62451700,420.78790283203125
2023-10-12 09:30:00,436.95001220703125,437.3399963378906,431.2300109863281,433.6600036621094,81154200,418.2225646972656
2023-10-13 09:30:00,435.2099914550781,436.45001220703125,429.8800048828125,431.5,95143100,416.13946533203125
2023-10-16 09:30:00,433.82000732421875,437.1400146484375,433.57000732421875,436.0400085449219,75433200,420.517822265625
2023-10-17 09:30:00,432.80999755859375,438.1400146484375,432.45001220703125,436.0199890136719,75324700,420.49859619140625
2023-10-18 09:30:00,434.19000244140625,435.17999267578125,429.0899963378906,430.2099914550781,93559800,414.8954162597656
2023-10-19 09:30:00,430.95001220703125,432.82000732421875,425.7300109863281,426.42999267578125,121323000,411.2499694824219
2023-10-20 09:30:00,425.9800109863281,426.5400085449219,421.0799865722656,421.19000244140625,123919900,406.1964416503906
2023-10-23 09:30:00,419.6099853515625,424.45001220703125,417.79998779296875,420.4599914550781,92035100,405.49249267578125
2023-10-24 09:30:00,422.6499938964844,424.82000732421875,420.739990234375,423.6300048828125,78564200,408.5496826171875
2023-10-25 09:30:00,421.8900146484375,421.9200134277344,417.0199890136719,417.54998779296875,94223200,402.68603515625
2023-10-26 09:30:00,416.45001220703125,417.3299865722656,411.6000061035156,412.54998779296875,115156800,397.864013671875
2023-10-27 09:30:00,414.19000244140625,414.6000061035156,409.2099914550781,410.67999267578125,107367700,396.0606384277344
2023-10-30 09:30:00,413.55999755859375,416.67999267578125,412.2200012207031,415.5899963378906,86562700,400.7958068847656
2023-10-31 09:30:00,416.17999267578125,418.5299987792969,414.2099914550781,418.20001220703125,79665200,403.3129577636719
2023-11-01 09:30:00,419.20001220703125,423.5,418.6499938964844,422.6600036621094,98068100,407.6141662597656
2023-11-02 09:30:00,426.5799865722656,430.9200134277344,426.55999755859375,430.760009765625,94938900,415.42584228515625
2023-11-03 09:30:00,433.1400146484375,436.2900085449219,433.010009765625,434.69000244140625,100167800,419.2159118652344
2023-11-06 09:30:00,435.4700012207031,436.1499938964844,433.67999267578125,435.69000244140625,67831700,420.1802978515625
2023-11-07 09:30:00,435.69000244140625,437.5899963378906,434.510009765625,436.92999267578125,64256100,421.37615966796875
2023-11-08 09:30:00,437.54998779296875,438.0899963378906,434.8699951171875,437.25,61746000,421.684814453125
2023-11-09 09:30:00,438.42999267578125,438.4700012207031,433.3999938964844,433.8399963378906,83174400,418.39617919921875
2023-11-10 09:30:00,435.9800109863281,440.92999267578125,433.8299865722656,440.6099853515625,89462200,424.9251708984375
2023-11-13 09:30:00,439.2300109863281,441.3299865722656,438.4200134277344,440.19000244140625,52236100,424.52008056640625
2023-11-14 09:30:00,446.32000732421875,450.05999755859375,446.0899963378906,448.7300109863281,97176900,432.7561340332031
2023-11-15 09:30:00,450.1099853515625,451.3800048828125,448.79998779296875,449.67999267578125,77327600,433.67230224609375
2023-11-16 09:30:00,449.2200012207031,450.55999755859375,448.1199951171875,450.2300109863281,66665800,434.2027587890625
2023-11-17 09:30:00,450.239990234375,451.4200134277344,449.2900085449219,450.7900085449219,83133200,434.7427978515625
2023-11-20 09:30:00,450.5299987792969,455.1300048828125,450.5199890136719,454.260009765625,69936200,438.0893249511719
2023-11-21 09:30:00,453.17999267578125,454.1300048828125,451.9599914550781,453.2699890136719,49244600,437.1344909667969
2023-11-22 09:30:00,454.9800109863281,456.3800048828125,453.8900146484375,455.0199890136719,59394900,438.82220458984375
2023-11-24 09:30:00,455.07000732421875,455.5,454.7300109863281,455.29998779296875,29737400,439.09222412109375
2023-11-27 09:30:00,454.6499938964844,455.489990234375,454.0799865722656,454.4800109863281,50506000,438.30145263671875
2023-11-28 09:30:00,454.0799865722656,456.2699890136719,453.5,454.92999267578125,62115000,438.73541259765625
2023-11-29 09:30:00,457.1499938964844,458.32000732421875,454.20001220703125,454.6099853515625,63146000,438.4267578125
2023-11-30 09:30:00,455.4800109863281,456.760009765625,453.3399963378906,456.3999938964844,79752700,440.1530456542969
2023-12-01 09:30:00,455.7699890136719,459.6499938964844,455.1600036621094,459.1000061035156,89183400,442.7569885253906
2023-12-04 09:30:00,455.6000061035156,459.1199951171875,454.3399963378906,456.69000244140625,72430900,440.4327697753906
2023-12-05 09:30:00,455.260009765625,457.5899963378906,454.8699951171875,456.6000061035156,69793500,440.345947265625
2023-12-06 09:30:00,458.80999755859375,458.8399963378906,454.30999755859375,454.760009765625,69124700,438.571533203125
2023-12-07 09:30:00,456.9100036621094,458.8999938964844,456.2900085449219,458.2300109863281,66995400,441.91790771484375
2023-12-08 09:30:00,457.4599914550781,460.75,457.2099914550781,460.20001220703125,83194400,443.81787109375
2023-12-11 09:30:00,459.69000244140625,462.1700134277344,459.4700012207031,461.989990234375,65002200,445.54412841796875
2023-12-12 09:30:00,461.6300048828125,464.20001220703125,460.6000061035156,464.1000061035156,68327600,447.5789489746094
2023-12-13 09:30:00,464.489990234375,470.760009765625,464.1199951171875,470.5,93278000,453.7510986328125
2023-12-14 09:30:00,472.5,473.7300109863281,469.25,472.010009765625,119026000,455.2074279785156
2023-12-15 09:30:00,469.489990234375,470.70001220703125,467.42999267578125,469.3299865722656,141553700,454.45794677734375
2023-12-18 09:30:00,470.9800109863281,472.9800109863281,469.8900146484375,471.9700012207031,70375300,457.0142822265625
2023-12-19 09:30:00,472.5299987792969,474.9200134277344,472.45001220703125,474.8399963378906,55761800,459.7933654785156
2023-12-20 09:30:00,473.9599914550781,475.8999938964844,467.82000732421875,468.260009765625,102921000,453.42181396484375
2023-12-21 09:30:00,471.3299865722656,472.9800109863281,468.8399963378906,472.70001220703125,86667500,457.72113037109375
2023-12-22 09:30:00,473.8599853515625,475.3800048828125,471.70001220703125,473.6499938964844,67160400,458.6410217285156
2023-12-26 09:30:00,474.07000732421875,476.5799865722656,473.989990234375,475.6499938964844,55387000,460.5776672363281
2023-12-27 09:30:00,475.44000244140625,476.6600036621094,474.8900146484375,476.510009765625,68000300,461.4104309082031
2023-12-28 09:30:00,476.8800048828125,477.54998779296875,476.260009765625,476.69000244140625,77158100,461.5846862792969
2023-12-29 09:30:00,476.489990234375,477.0299987792969,473.29998779296875,475.30999755859375,122283100,460.2484130859375
2024-01-02 09:30:00,472.1600036621094,473.6700134277344,470.489990234375,472.6499938964844,123623700,457.6726989746094
2024-01-03 09:30:00,470.42999267578125,471.19000244140625,468.1700134277344,468.7900085449219,103585900,453.9350280761719
2024-01-04 09:30:00,468.29998779296875,470.9599914550781,467.04998779296875,467.2799987792969,84232200,452.4728698730469
2024-01-05 09:30:00,467.489990234375,470.44000244140625,466.42999267578125,467.9200134277344,86118900,453.0926208496094
2024-01-08 09:30:00,468.42999267578125,474.75,468.29998779296875,474.6000061035156,74879100,459.5609436035156
2024-01-09 09:30:00,471.8699951171875,474.92999267578125,471.3500061035156,473.8800048828125,65931400,458.8637390136719
2024-01-10 09:30:00,474.1600036621094,477.45001220703125,473.8699951171875,476.55999755859375,67310600,461.45880126953125
2024-01-11 09:30:00,477.5899963378906,478.1199951171875,472.260009765625,476.3500061035156,77940700,461.2554931640625
2024-01-12 09:30:00,477.8399963378906,478.6000061035156,475.2300109863281,476.67999267578125,58026400,461.57501220703125
2024-01-16 09:30:00,475.260009765625,476.6099853515625,473.05999755859375,474.92999267578125,85014900,459.88043212890625
2024-01-17 09:30:00,471.82000732421875,472.7900085449219,469.8699951171875,472.2900085449219,68843900,457.3241882324219
2024-01-18 09:30:00,474.010009765625,477.05999755859375,472.4200134277344,476.489990234375,91856200,461.39105224609375
2024-01-19 09:30:00,477.6499938964844,482.7200012207031,476.5400085449219,482.42999267578125,110834500,467.142822265625
2024-01-22 09:30:00,484.010009765625,485.2200012207031,482.7799987792969,483.45001220703125,75844900,468.1305236816406
2024-01-23 09:30:00,484.010009765625,485.1099853515625,482.8900146484375,484.8599853515625,49945300,469.4957580566406
2024-01-24 09:30:00,487.80999755859375,488.7699890136719,484.8800048828125,485.3900146484375,81765000,470.0090637207031
2024-01-25 09:30:00,487.5799865722656,488.30999755859375,485.3900146484375,488.0299987792969,72525000,472.5653381347656
2024-01-26 09:30:00,487.5899963378906,489.1199951171875,486.5400085449219,487.4100036621094,76641600,471.9649963378906
2024-01-29 09:30:00,487.7300109863281,491.4200134277344,487.1700134277344,491.2699890136719,61322800,475.70269775390625
2024-01-30 09:30:00,490.55999755859375,491.6199951171875,490.1099853515625,490.8900146484375,58618400,475.3346862792969
2024-01-31 09:30:00,488.6199951171875,489.0799865722656,482.8599853515625,482.8800048828125,126011100,467.5785217285156
2024-02-01 09:30:00,484.6300048828125,489.2300109863281,483.79998779296875,489.20001220703125,91891600,473.6982727050781
2024-02-02 09:30:00,489.6499938964844,496.04998779296875,489.29998779296875,494.3500061035156,99228200,478.6850891113281
2024-02-05 09:30:00,493.70001220703125,494.3800048828125,490.2300109863281,492.54998779296875,75757100,476.9421081542969
2024-02-06 09:30:00,493.5199890136719,494.32000732421875,492.04998779296875,493.9800109863281,55918600,478.32684326171875
2024-02-07 09:30:00,496.2900085449219,498.5299987792969,495.3599853515625,498.1000061035156,70556500,482.3162841796875
2024-02-08 09:30:00,498.1000061035156,498.7099914550781,497.260009765625,498.32000732421875,52343600,482.529296875
2024-02-09 09:30:00,498.8399963378906,501.6499938964844,498.489990234375,501.20001220703125,63979400,485.3179626464844
2024-02-12 09:30:00,501.1700134277344,503.5,500.239990234375,500.9800109863281,56502300,485.1050109863281
2024-02-13 09:30:00,494.5299987792969,497.0899963378906,490.7200012207031,494.0799865722656,113099200,478.4236145019531
2024-02-14 09:30:00,496.7900085449219,499.07000732421875,494.3999938964844,498.57000732421875,68387800,482.77142333984375
2024-02-15 09:30:00,499.2900085449219,502.20001220703125,498.79998779296875,502.010009765625,61683000,486.1023864746094
2024-02-16 09:30:00,501.70001220703125,502.8699951171875,498.75,499.510009765625,75532900,483.6816101074219
2024-02-20 09:30:00,497.7200012207031,498.4100036621094,494.45001220703125,496.760009765625,71736700,481.0187072753906
2024-02-21 09:30:00,495.4200134277344,497.3699951171875,493.55999755859375,497.2099914550781,59293400,481.4544372558594
2024-02-22 09:30:00,504.010009765625,508.489990234375,503.0199890136719,507.5,76402500,491.41839599609375
2024-02-23 09:30:00,509.2699890136719,510.1300048828125,507.1000061035156,507.8500061035156,61321800,491.7572937011719
2024-02-26 09:30:00,508.29998779296875,508.75,505.8599853515625,505.989990234375,50386700,489.9562683105469
2024-02-27 09:30:00,506.70001220703125,507.1600036621094,504.75,506.92999267578125,48854500,490.8664245605469
2024-02-28 09:30:00,505.3299865722656,506.8599853515625,504.9599914550781,506.260009765625,56506600,490.2176513671875
2024-02-29 09:30:00,508.07000732421875,509.739990234375,505.3500061035156,508.0799865722656,83924800,491.9800109863281
2024-03-01 09:30:00,508.9800109863281,513.2899780273438,508.55999755859375,512.8499755859375,76844800,496.59881591796875
2024-03-04 09:30:00,512.030029296875,514.2000122070312,512.0,512.2999877929688,49799300,496.0663146972656
2024-03-05 09:30:00,510.239990234375,510.70001220703125,504.9100036621094,507.17999267578125,72855600,491.1085205078125
2024-03-06 09:30:00,510.54998779296875,512.0700073242188,508.4200134277344,509.75,68382400,493.59710693359375
2024-03-07 09:30:00,513.1400146484375,515.8900146484375,509.80999755859375,514.8099975585938,58652100,498.4967956542969
2024-03-08 09:30:00,515.4600219726562,518.219970703125,511.1300048828125,511.7200012207031,86532500,495.5046691894531
2024-03-11 09:30:00,510.4800109863281,511.8800048828125,508.5,511.2799987792969,62557200,495.0786437988281
2024-03-12 09:30:00,513.4500122070312,517.3800048828125,510.8599853515625,516.780029296875,73114400,500.4044494628906
2024-03-13 09:30:00,517.1099853515625,517.2899780273438,514.489990234375,515.969970703125,55104100,499.61993408203125
2024-03-14 09:30:00,516.969970703125,517.1300048828125,511.82000732421875,514.9500122070312,110171800,498.63232421875
2024-03-15 09:30:00,510.2099914550781,511.70001220703125,508.1199951171875,509.8299865722656,107646300,495.2084045410156
2024-03-18 09:30:00,514.0,515.47998046875,512.4400024414062,512.8599853515625,88893300,498.1514892578125
2024-03-19 09:30:00,512.1500244140625,516.0,511.1199951171875,515.7100219726562,60755300,500.9197692871094
2024-03-20 09:30:00,515.77001953125,520.6199951171875,515.0800170898438,520.47998046875,69594600,505.5529479980469
2024-03-21 09:30:00,523.3900146484375,524.1099853515625,521.9099731445312,522.2000122070312,60256100,507.2236328125
2024-03-22 09:30:00,522.1099853515625,522.6099853515625,520.969970703125,521.2100219726562,79070800,506.2621154785156
2024-03-25 09:30:00,519.7999877929688,520.9500122070312,519.6099853515625,519.77001953125,48512100,504.8634033203125
2024-03-26 09:30:00,521.22998046875,521.5800170898438,518.4000244140625,518.8099975585938,65463700,503.930908203125
2024-03-27 09:30:00,521.7100219726562,523.2100219726562,519.489990234375,523.1699829101562,82999800,508.1658020019531
2024-03-28 09:30:00,523.2100219726562,524.6099853515625,522.780029296875,523.0700073242188,96294900,508.06866455078125
2024-04-01 09:30:00,523.8300170898438,524.3800048828125,520.969970703125,522.1599731445312,62477500,507.1847839355469
2024-04-02 09:30:00,518.239990234375,518.97998046875,516.47998046875,518.8400268554688,74230300,503.96014404296875
2024-04-03 09:30:00,517.719970703125,520.9500122070312,517.6699829101562,519.4099731445312,59155800,504.5137634277344
2024-04-04 09:30:00,523.52001953125,523.8699951171875,512.760009765625,513.0700073242188,96858100,498.3555603027344
2024-04-05 09:30:00,514.4600219726562,520.4400024414062,514.010009765625,518.4299926757812,74546500,503.561767578125
2024-04-08 09:30:00,519.1500244140625,520.1799926757812,517.8900146484375,518.719970703125,48401800,503.84344482421875
2024-04-09 09:30:00,520.5,520.75,514.3499755859375,519.3200073242188,68049200,504.4263000488281
2024-04-10 09:30:00,513.47998046875,516.1599731445312,512.0900268554688,514.1199951171875,82652800,499.3753356933594
2024-04-11 09:30:00,515.6799926757812,519.47998046875,512.0800170898438,518.0,70099000,503.1441345214844
2024-04-12 09:30:00,514.3699951171875,515.8200073242188,509.0799865722656,510.8500061035156,92561100,496.19921875
2024-04-15 09:30:00,515.1300048828125,515.2999877929688,503.5799865722656,504.45001220703125,92101400,489.9827575683594
2024-04-16 09:30:00,504.94000244140625,506.5,502.2099914550781,503.5299987792969,73484000,489.0890808105469
2024-04-17 09:30:00,506.04998779296875,506.2200012207031,499.1199951171875,500.54998779296875,75910300,486.1946105957031
2024-04-18 09:30:00,501.9800109863281,504.1300048828125,498.55999755859375,499.5199890136719,74548100,485.19415283203125
2024-04-19 09:30:00,499.44000244140625,500.4599914550781,493.8599853515625,495.1600036621094,102212600,480.95916748046875
2024-04-22 09:30:00,497.8299865722656,502.3800048828125,495.42999267578125,499.7200012207031,67961000,485.38836669921875
2024-04-23 09:30:00,501.7799987792969,506.0899963378906,499.5299987792969,505.6499938964844,64633600,491.1483154296875
2024-04-24 09:30:00,506.55999755859375,507.3699951171875,503.1300048828125,505.4100036621094,55928100,490.9151611328125
2024-04-25 09:30:00,499.17999267578125,504.2699890136719,497.489990234375,503.489990234375,69122400,489.05029296875
2024-04-26 09:30:00,506.3500061035156,509.8800048828125,505.70001220703125,508.260009765625,64306100,493.6834411621094
2024-04-29 09:30:00,510.0899963378906,510.75,507.25,510.05999755859375,46415400,495.4317932128906
2024-04-30 09:30:00,508.55999755859375,509.55999755859375,501.9800109863281,501.9800109863281,77483600,487.58355712890625
2024-05-01 09:30:00,501.3800048828125,508.19000244140625,499.8699951171875,500.3500061035156,80242800,486.00030517578125
2024-05-02 09:30:00,504.1499938964844,505.8900146484375,499.54998779296875,505.0299987792969,62550200,490.54608154296875
2024-05-03 09:30:00,511.1600036621094,512.5499877929688,508.55999755859375,511.2900085449219,72756700,496.6265869140625
2024-05-06 09:30:00,513.75,516.6099853515625,513.2999877929688,516.5700073242188,47264700,501.75506591796875
2024-05-07 09:30:00,517.5599975585938,518.5700073242188,516.4500122070312,517.1400146484375,52561300,502.308837890625
2024-05-08 09:30:00,515.260009765625,517.739990234375,515.1400146484375,517.1900024414062,42047200,502.3572998046875
2024-05-09 09:30:00,517.3800048828125,520.2100219726562,516.7100219726562,520.1699829101562,43643700,505.2518615722656
2024-05-10 09:30:00,521.8099975585938,522.6400146484375,519.5900268554688,520.8400268554688,52233200,505.90264892578125
2024-05-13 09:30:00,522.5599975585938,522.6699829101562,519.739990234375,520.9099731445312,36716400,505.97052001953125
2024-05-14 09:30:00,521.1099853515625,523.8300170898438,520.5599975585938,523.2999877929688,57535900,508.2920837402344
2024-05-15 09:30:00,525.8300170898438,530.0800170898438,525.1799926757812,529.780029296875,59504900,514.5862426757812
2024-05-16 09:30:00,529.8800048828125,531.52001953125,528.5399780273438,528.6900024414062,50244800,513.5275268554688
2024-05-17 09:30:00,528.8099975585938,529.52001953125,527.3200073242188,529.4500122070312,59187600,514.2657470703125
2024-05-20 09:30:00,529.5700073242188,531.5599975585938,529.1699829101562,530.0599975585938,37764200,514.8582153320312
2024-05-21 09:30:00,529.280029296875,531.52001953125,529.0700073242188,531.3599853515625,33437000,516.1209716796875
2024-05-22 09:30:00,530.6500244140625,531.3800048828125,527.5999755859375,529.8300170898438,48390000,514.6348876953125
2024-05-23 09:30:00,532.9600219726562,533.0700073242188,524.719970703125,525.9600219726562,57211200,510.8758850097656
2024-05-24 09:30:00,527.8499755859375,530.27001953125,526.8800048828125,529.4400024414062,41291100,514.256103515625
2024-05-28 09:30:00,530.27001953125,530.510009765625,527.1099853515625,529.8099975585938,36269600,514.615478515625
2024-05-29 09:30:00,525.6799926757812,527.3099975585938,525.3699951171875,526.0999755859375,45190300,511.01190185546875
2024-05-30 09:30:00,524.52001953125,525.2000122070312,521.3300170898438,522.6099853515625,46377600,507.62188720703125
2024-05-31 09:30:00,523.5900268554688,527.5,518.3599853515625,527.3699951171875,90785800,512.245361328125
2024-06-03 09:30:00,529.02001953125,529.3099975585938,522.5999755859375,527.7999877929688,46835700,512.6630859375
2024-06-04 09:30:00,526.4600219726562,529.1500244140625,524.9600219726562,528.3900146484375,34632700,513.236083984375
2024-06-05 09:30:00,530.77001953125,534.6900024414062,528.72998046875,534.6699829101562,47610400,519.3359985351562
2024-06-06 09:30:00,534.97998046875,535.4199829101562,532.6799926757812,534.6599731445312,30808500,519.3263549804688
2024-06-07 09:30:00,533.6599731445312,536.8900146484375,532.5399780273438,534.010009765625,43224500,518.6950073242188
2024-06-10 09:30:00,533.1799926757812,535.989990234375,532.5700073242188,535.6599731445312,35686100,520.2975463867188
2024-06-11 09:30:00,534.0700073242188,537.010009765625,532.0499877929688,536.9500122070312,36383400,521.550537109375
2024-06-12 09:30:00,541.6300048828125,544.1199951171875,540.2999877929688,541.3599853515625,63251300,525.8341064453125
2024-06-13 09:30:00,543.1500244140625,543.3300170898438,539.5900268554688,542.4500122070312,44760900,526.8929443359375
2024-06-14 09:30:00,540.8800048828125,542.8099975585938,539.8499755859375,542.780029296875,40089900,527.2135620117188
2024-06-17 09:30:00,542.0800170898438,548.530029296875,541.6099853515625,547.0999755859375,55839500,531.4096069335938
2024-06-18 09:30:00,547.1599731445312,548.6199951171875,546.72998046875,548.489990234375,41376400,532.759765625
2024-06-20 09:30:00,549.4400024414062,550.1199951171875,545.1799926757812,547.0,70328200,531.3125
2024-06-21 09:30:00,544.4000244140625,545.6500244140625,543.02001953125,544.510009765625,64338600,530.60009765625
2024-06-24 09:30:00,544.3300170898438,546.9500122070312,542.6199951171875,542.739990234375,45528700,528.8753662109375
2024-06-25 09:30:00,543.989990234375,545.2000122070312,542.4400024414062,544.8300170898438,37936200,530.9119262695312
2024-06-26 09:30:00,543.6900024414062,546.239990234375,543.030029296875,545.510009765625,38550600,531.5745849609375
2024-06-27 09:30:00,545.3699951171875,546.9600219726562,544.6099853515625,546.3699951171875,35041500,532.4126586914062
2024-06-28 09:30:00,547.1599731445312,550.280029296875,542.9500122070312,544.219970703125,76144500,530.3174438476562
2024-07-01 09:30:00,545.6300048828125,545.8800048828125,542.52001953125,545.3400268554688,40297800,531.408935546875
2024-07-02 09:30:00,543.7000122070312,549.010009765625,543.6500244140625,549.010009765625,40434800,534.9850463867188
2024-07-03 09:30:00,548.6900024414062,551.8300170898438,548.6500244140625,551.4600219726562,32789900,537.3726806640625
2024-07-05 09:30:00,551.77001953125,555.0499877929688,551.1199951171875,554.6400146484375,41488400,540.4713134765625
2024-07-08 09:30:00,555.4400024414062,556.25,554.1900024414062,555.280029296875,36110500,541.094970703125
2024-07-09 09:30:00,556.260009765625,557.1799926757812,555.52001953125,555.8200073242188,27289700,541.6211547851562
2024-07-10 09:30:00,557.0700073242188,561.6699829101562,556.77001953125,561.3200073242188,38701200,546.9806518554688
2024-07-11 09:30:00,561.4400024414062,562.3300170898438,555.8300170898438,556.47998046875,53054200,542.2642822265625
2024-07-12 09:30:00,557.6300048828125,563.6699829101562,557.1500244140625,559.989990234375,53084400,545.6845703125
2024-07-15 09:30:00,562.030029296875,564.8400268554688,559.6300048828125,561.530029296875,40584300,547.1853637695312
2024-07-16 09:30:00,562.8699951171875,565.1599731445312,562.0999755859375,564.8599853515625,36475300,550.4302368164062
2024-07-17 09:30:00,558.7999877929688,560.510009765625,556.6099853515625,556.9400024414062,57119000,542.7125854492188
2024-07-18 09:30:00,558.510009765625,559.52001953125,550.4299926757812,552.6599731445312,56270400,538.5419921875
2024-07-19 09:30:00,552.4199829101562,554.0800170898438,547.9099731445312,548.989990234375,65509100,534.965576171875
2024-07-22 09:30:00,553.0,555.27001953125,551.02001953125,554.6500244140625,43346700,540.4810791015625
2024-07-23 09:30:00,554.5399780273438,556.739990234375,553.280029296875,553.780029296875,34439600,539.6334228515625
2024-07-24 09:30:00,548.8599853515625,549.1699829101562,540.2899780273438,541.22998046875,74515300,527.4039306640625
2024-07-25 09:30:00,541.3499755859375,547.4600219726562,537.4500122070312,538.4099731445312,61158300,524.6559448242188
2024-07-26 09:30:00,542.280029296875,547.1900024414062,541.489990234375,544.4400024414062,53763800,530.5319213867188
2024-07-29 09:30:00,546.02001953125,547.0499877929688,542.719970703125,544.760009765625,39515800,530.84375
2024-07-30 09:30:00,546.260009765625,547.3400268554688,538.52001953125,542.0,46853600,528.1541748046875
2024-07-31 09:30:00,548.97998046875,553.5,547.5800170898438,550.8099975585938,65663400,536.7391357421875
2024-08-01 09:30:00,552.5700073242188,554.8699951171875,539.4299926757812,543.010009765625,76428700,529.138427734375
2024-08-02 09:30:00,535.75,536.989990234375,528.5999755859375,532.9000244140625,82789100,519.2867431640625
2024-08-05 09:30:00,511.6400146484375,523.5800170898438,510.2699890136719,517.3800048828125,146267400,504.16314697265625
2024-08-06 09:30:00,519.219970703125,529.75,517.8699951171875,522.1500244140625,84826300,508.811279296875
2024-08-07 09:30:00,528.469970703125,531.5900268554688,518.0499877929688,518.6599731445312,70698300,505.41046142578125
2024-08-08 09:30:00,523.9099731445312,531.2899780273438,521.8400268554688,530.6500244140625,63276600,517.0941162109375
2024-08-09 09:30:00,529.8099975585938,534.510009765625,528.5599975585938,532.989990234375,45619600,519.3743286132812
2024-08-12 09:30:00,534.2100219726562,535.72998046875,530.9500122070312,533.27001953125,42542100,519.6472778320312
2024-08-13 09:30:00,536.530029296875,542.280029296875,536.280029296875,542.0399780273438,52333100,528.1932373046875
2024-08-14 09:30:00,542.8499755859375,544.9600219726562,540.1199951171875,543.75,42446900,529.8595581054688
2024-08-15 09:30:00,549.5,553.3599853515625,548.8800048828125,553.0700073242188,60846800,538.94140625
2024-08-16 09:30:00,551.4199829101562,555.02001953125,551.260009765625,554.3099975585938,44430700,540.1497192382812
2024-08-19 09:30:00,554.72998046875,559.6099853515625,553.8599853515625,559.6099853515625,39121800,545.3143310546875
2024-08-20 09:30:00,559.1500244140625,560.8400268554688,557.3300170898438,558.7000122070312,33732300,544.4276123046875
2024-08-21 09:30:00,559.77001953125,562.1099853515625,554.72998046875,560.6199951171875,41514600,546.2985229492188
2024-08-22 09:30:00,562.5599975585938,563.1799926757812,554.97998046875,556.219970703125,56121500,542.0109252929688
2024-08-23 09:30:00,559.530029296875,563.0900268554688,557.2899780273438,562.1300048828125,50639400,547.7699584960938
2024-08-26 09:30:00,563.1799926757812,563.9099731445312,559.0499877929688,560.7899780273438,35788600,546.4641723632812
2024-08-27 09:30:00,559.489990234375,562.0599975585938,558.3200073242188,561.5599975585938,32693900,547.2145385742188
2024-08-28 09:30:00,561.2100219726562,561.6500244140625,555.0399780273438,558.2999877929688,41066000,544.037841796875
2024-08-29 09:30:00,560.3099975585938,563.6799926757812,557.1799926757812,558.3499755859375,38715200,544.0865478515625
2024-08-30 09:30:00,560.77001953125,564.2000122070312,557.1400146484375,563.6799926757812,62700100,549.2804565429688
2024-09-03 09:30:00,560.469970703125,560.8099975585938,549.510009765625,552.0800170898438,60600100,537.9767456054688
2024-09-04 09:30:00,550.2000122070312,554.4299926757812,549.4600219726562,550.9500122070312,47224900,536.8756103515625
2024-09-05 09:30:00,550.8900146484375,553.7999877929688,547.0999755859375,549.6099853515625,44264300,535.5698852539062
2024-09-06 09:30:00,549.9400024414062,551.5999755859375,539.4400024414062,540.3599853515625,68493800,526.55615234375
2024-09-09 09:30:00,544.6500244140625,547.7100219726562,542.6799926757812,546.4099731445312,40445800,532.4515991210938
2024-09-10 09:30:00,548.3599853515625,549.1500244140625,543.3800048828125,548.7899780273438,36394600,534.770751953125
2024-09-11 09:30:00,548.7000122070312,555.3599853515625,539.9600219726562,554.4199829101562,75248600,540.2569580078125
2024-09-12 09:30:00,555.010009765625,559.4000244140625,552.739990234375,559.0900268554688,51819600,544.8076171875
2024-09-13 09:30:00,559.7100219726562,563.030029296875,559.4500122070312,562.010009765625,39310500,547.6530151367188
2024-09-16 09:30:00,561.739990234375,563.1099853515625,559.9000244140625,562.8400268554688,36656100,548.4619140625
2024-09-17 09:30:00,565.0999755859375,566.5800170898438,560.7899780273438,563.0700073242188,49321000,548.6859741210938
2024-09-18 09:30:00,563.739990234375,568.6900024414062,560.8300170898438,561.4000244140625,59044900,547.0586547851562
2024-09-19 09:30:00,571.010009765625,572.8800048828125,568.0800170898438,570.97998046875,75315500,556.3938598632812
2024-09-20 09:30:00,567.8400268554688,569.3099975585938,565.1699829101562,568.25,77503100,555.4320678710938
2024-09-23 09:30:00,569.3400268554688,570.3300170898438,568.0999755859375,569.6699829101562,44116900,556.8201293945312
2024-09-24 09:30:00,570.47998046875,571.3599853515625,567.5999755859375,571.2999877929688,46805700,558.413330078125
2024-09-25 09:30:00,571.1400146484375,571.8900146484375,568.9099731445312,570.0399780273438,38428600,557.1817016601562
2024-09-26 09:30:00,574.3800048828125,574.7100219726562,569.9000244140625,572.2999877929688,48336000,559.3906860351562
2024-09-27 09:30:00,573.3900146484375,574.219970703125,570.4199829101562,571.469970703125,42100900,558.5794067382812
2024-09-30 09:30:00,570.4199829101562,574.3800048828125,568.0800170898438,573.760009765625,63557400,560.8177490234375
2024-10-01 09:30:00,573.4000244140625,574.0599975585938,566.0,568.6199951171875,72668800,555.7938232421875
2024-10-02 09:30:00,567.7100219726562,569.9000244140625,565.27001953125,568.8599853515625,38097800,556.0283203125
2024-10-03 09:30:00,567.3599853515625,569.7999877929688,565.489990234375,567.8200073242188,40846500,555.0117797851562
2024-10-04 09:30:00,572.3499755859375,573.3599853515625,568.0999755859375,572.97998046875,42939100,560.0553588867188
2024-10-07 09:30:00,571.2999877929688,571.9600219726562,566.6300048828125,567.7999877929688,49964700,554.9922485351562
2024-10-08 09:30:00,570.4199829101562,573.780029296875,569.530029296875,573.1699829101562,37398700,560.2412109375
2024-10-09 09:30:00,573.1599731445312,577.7100219726562,572.5499877929688,577.1400146484375,37912200,564.1216430664062
2024-10-10 09:30:00,575.77001953125,577.5800170898438,574.489990234375,576.1300048828125,44138100,563.1343383789062
2024-10-11 09:30:00,576.0499877929688,580.3300170898438,575.9099731445312,579.5800170898438,42268000,566.5064697265625
2024-10-14 09:30:00,581.219970703125,585.27001953125,580.72998046875,584.3200073242188,36217200,571.1396484375
2024-10-15 09:30:00,584.5900268554688,584.9000244140625,578.5399780273438,579.780029296875,54203600,566.7019653320312
2024-10-16 09:30:00,579.780029296875,582.8300170898438,578.9600219726562,582.2999877929688,30725400,569.1651611328125
2024-10-17 09:30:00,585.9099731445312,586.1199951171875,582.1599731445312,582.3499755859375,34393700,569.2139892578125
2024-10-18 09:30:00,584.0700073242188,585.3900146484375,582.5800170898438,584.5900268554688,37416800,571.403564453125
2024-10-21 09:30:00,583.8499755859375,584.8499755859375,580.5999755859375,583.6300048828125,36439000,570.4652099609375
2024-10-22 09:30:00,581.0499877929688,584.5,580.3800048828125,583.3200073242188,34183800,570.162109375
2024-10-23 09:30:00,581.260009765625,581.7100219726562,574.4199829101562,577.989990234375,49314600,564.9523315429688
2024-10-24 09:30:00,579.97998046875,580.0599975585938,576.5700073242188,579.239990234375,34979900,566.1741333007812
2024-10-25 09:30:00,581.510009765625,584.4600219726562,578.0800170898438,579.0399780273438,47268200,565.9786376953125
2024-10-28 09:30:00,582.5800170898438,582.7100219726562,580.52001953125,580.8300170898438,30174700,567.7283935546875
2024-10-29 09:30:00,579.8499755859375,582.9099731445312,578.4299926757812,581.77001953125,42899700,568.6470947265625
2024-10-30 09:30:00,581.2899780273438,583.3200073242188,579.2899780273438,580.010009765625,41435800,566.9268188476562
2024-10-31 09:30:00,575.5599975585938,575.6300048828125,568.4400024414062,568.6400146484375,60182500,555.8133544921875
2024-11-01 09:30:00,571.3200073242188,575.5499877929688,570.6199951171875,571.0399780273438,45667500,558.1590576171875
2024-11-04 09:30:00,571.1799926757812,572.5,567.8900146484375,569.8099975585938,38217000,556.9569702148438
2024-11-05 09:30:00,570.739990234375,576.739990234375,570.52001953125,576.7000122070312,39478300,563.6915283203125
2024-11-06 09:30:00,589.2000122070312,591.9299926757812,585.3900146484375,591.0399780273438,68182000,577.7080688476562
2024-11-07 09:30:00,593.0800170898438,596.6500244140625,593.0,595.6099853515625,47233200,582.1749877929688
2024-11-08 09:30:00,596.1699829101562,599.6400146484375,596.1699829101562,598.1900024414062,46444900,584.69677734375
2024-11-11 09:30:00,599.8099975585938,600.1699829101562,597.0,598.760009765625,37586800,585.2539672851562
2024-11-12 09:30:00,598.6799926757812,599.2899780273438,594.3699951171875,596.9000244140625,43006100,583.435791015625
2024-11-13 09:30:00,597.3699951171875,599.22998046875,594.9600219726562,597.1900024414062,47388600,583.7192993164062
2024-11-14 09:30:00,597.3200073242188,597.8099975585938,592.6500244140625,593.3499755859375,38904100,579.9659423828125
2024-11-15 09:30:00,589.719970703125,590.2000122070312,583.8599853515625,585.75,75988800,572.537353515625
2024-11-18 09:30:00,586.219970703125,589.489990234375,585.3400268554688,588.1500244140625,37001700,574.88330078125
2024-11-19 09:30:00,584.7100219726562,591.0399780273438,584.030029296875,590.2999877929688,49412000,576.9846801757812
2024-11-20 09:30:00,590.3800048828125,590.7899780273438,584.6300048828125,590.5,50032600,577.1802368164062
2024-11-21 09:30:00,593.4000244140625,595.1199951171875,587.4500122070312,593.6699829101562,46750300,580.2786865234375
2024-11-22 09:30:00,593.6599731445312,596.1500244140625,593.1500244140625,595.510009765625,38226400,582.0772705078125
2024-11-25 09:30:00,599.52001953125,600.8599853515625,595.2000122070312,597.530029296875,42441400,584.0515747070312
2024-11-26 09:30:00,598.7999877929688,601.3300170898438,598.0700073242188,600.6500244140625,45621300,587.101318359375
2024-11-27 09:30:00,600.4600219726562,600.8499755859375,597.280029296875,598.8300170898438,34000200,585.322265625
2024-11-29 09:30:00,599.6599731445312,603.3499755859375,599.3800048828125,602.5499877929688,30177400,588.9583129882812
2024-12-02 09:30:00,602.969970703125,604.3200073242188,602.469970703125,603.6300048828125,31746000,590.0140991210938
2024-12-03 09:30:00,603.3900146484375,604.1599731445312,602.3400268554688,603.9099731445312,26906600,590.2877807617188
2024-12-04 09:30:00,605.6300048828125,607.9099731445312,604.9500122070312,607.6599731445312,42787600,593.953125
2024-12-05 09:30:00,607.6599731445312,608.47998046875,606.2999877929688,606.6599731445312,28762200,592.9757080078125
2024-12-06 09:30:00,607.4400024414062,609.0700073242188,607.02001953125,607.8099975585938,31241500,594.0997924804688
2024-12-09 09:30:00,607.6900024414062,607.8599853515625,604.0800170898438,604.6799926757812,34742700,591.0403442382812
2024-12-10 09:30:00,605.3699951171875,605.7999877929688,602.1300048828125,602.7999877929688,37234500,589.2026977539062
2024-12-11 09:30:00,605.780029296875,608.4299926757812,605.5,607.4600219726562,28677700,593.7577514648438
2024-12-12 09:30:00,606.5800170898438,607.1599731445312,604.3300170898438,604.3300170898438,31543800,590.6982421875
2024-12-13 09:30:00,606.4000244140625,607.1300048828125,602.8099975585938,604.2100219726562,35904700,590.5809936523438
2024-12-16 09:30:00,606.0,607.780029296875,605.2100219726562,606.7899780273438,43695200,593.1027221679688
2024-12-17 09:30:00,604.1900024414062,605.1699829101562,602.8900146484375,604.2899780273438,55773500,590.6591186523438
2024-12-18 09:30:00,603.97998046875,606.4099731445312,585.8900146484375,586.280029296875,108248700,573.055419921875
2024-12-19 09:30:00,591.3599853515625,593.0,585.8499755859375,586.0999755859375,85919500,572.8794555664062
2024-12-20 09:30:00,581.77001953125,595.75,580.9099731445312,591.1500244140625,125716700,579.76025390625
2024-12-23 09:30:00,590.8900146484375,595.2999877929688,587.6599731445312,594.6900024414062,57635800,583.2320556640625
2024-12-24 09:30:00,596.0599975585938,601.3400268554688,595.469970703125,601.2999877929688,33160100,589.7146606445312
2024-12-26 09:30:00,599.5,602.47998046875,598.0800170898438,601.3400268554688,41219100,589.75390625
2024-12-27 09:30:00,597.5399780273438,597.780029296875,590.760009765625,595.010009765625,64969300,583.5459594726562
2024-12-30 09:30:00,587.8900146484375,591.739990234375,584.4099731445312,588.219970703125,56578800,576.8866577148438
2024-12-31 09:30:00,589.9099731445312,590.6400146484375,584.4199829101562,586.0800170898438,57052700,574.7880249023438
2025-01-02 09:30:00,589.3900146484375,591.1300048828125,580.5,584.6400146484375,50204000,573.375732421875
2025-01-03 09:30:00,587.530029296875,592.5999755859375,586.4299926757812,591.9500122070312,37888500,580.544921875
2025-01-06 09:30:00,596.27001953125,599.7000122070312,593.5999755859375,595.3599853515625,47679400,583.8890991210938
2025-01-07 09:30:00,597.4199829101562,597.75,586.780029296875,588.6300048828125,60393100,577.2887573242188
2025-01-08 09:30:00,588.7000122070312,590.5800170898438,585.2000122070312,589.489990234375,47304700,578.1322021484375
2025-01-10 09:30:00,585.8800048828125,585.9500122070312,578.5499877929688,580.489990234375,73105000,569.3056030273438
2025-01-13 09:30:00,575.77001953125,581.75,575.3499755859375,581.3900146484375,47910100,570.1882934570312
2025-01-14 09:30:00,584.3599853515625,585.0,578.3499755859375,582.1900024414062,48420600,570.972900390625
2025-01-15 09:30:00,590.3300170898438,593.9400024414062,589.2000122070312,592.780029296875,56900200,581.3589477539062
2025-01-16 09:30:00,594.1699829101562,594.3499755859375,590.9299926757812,591.6400146484375,43319700,580.2408447265625
2025-01-17 09:30:00,596.9600219726562,599.3599853515625,595.6099853515625,597.5800170898438,58070600,586.0664672851562
2025-01-21 09:30:00,600.6699829101562,603.0599975585938,598.6699829101562,603.0499877929688,42532900,591.4309692382812
2025-01-22 09:30:00,605.9199829101562,607.8200073242188,605.3599853515625,606.4400024414062,48196000,594.7556762695312
2025-01-23 09:30:00,605.7999877929688,609.75,605.52001953125,609.75,41152100,598.0018920898438
2025-01-24 09:30:00,609.8099975585938,610.780029296875,606.7999877929688,607.969970703125,34604700,596.2561645507812
2025-01-27 09:30:00,594.8099975585938,599.6900024414062,594.6400146484375,599.3699951171875,70361100,587.8218383789062
2025-01-28 09:30:00,600.6199951171875,605.3699951171875,597.25,604.52001953125,44433300,592.8727416992188
2025-01-29 09:30:00,603.719970703125,604.1300048828125,599.219970703125,601.8099975585938,37177400,590.21484375
2025-01-30 09:30:00,603.9600219726562,606.5999755859375,600.719970703125,605.0399780273438,39281300,593.3826293945312
2025-01-31 09:30:00,607.5,609.9600219726562,601.0499877929688,601.8200073242188,66566900,590.2247314453125
2025-02-03 09:30:00,592.6699829101562,600.2899780273438,590.489990234375,597.77001953125,65857200,586.2527465820312
2025-02-04 09:30:00,597.8300170898438,602.2999877929688,597.280029296875,601.780029296875,33457800,590.185546875
2025-02-05 09:30:00,600.6400146484375,604.3699951171875,598.5800170898438,604.219970703125,30653100,592.578369140625
2025-02-06 09:30:00,605.989990234375,606.4500122070312,602.6300048828125,606.3200073242188,35771500,594.6380615234375
2025-02-07 09:30:00,606.8900146484375,608.1300048828125,600.0499877929688,600.77001953125,50788500,589.1949462890625
2025-02-10 09:30:00,604.030029296875,605.5,602.739990234375,604.8499755859375,26048700,593.1962890625
2025-02-11 09:30:00,602.5499877929688,605.8599853515625,602.4299926757812,605.3099975585938,30056700,593.6474609375
2025-02-12 09:30:00,599.2000122070312,604.5499877929688,598.510009765625,603.3599853515625,45076100,591.7349243164062
2025-02-13 09:30:00,604.47998046875,609.9400024414062,603.2000122070312,609.72998046875,40921300,597.9822998046875
2025-02-14 09:30:00,609.9400024414062,610.989990234375,609.0700073242188,609.7000122070312,26910400,597.952880859375
2025-02-18 09:30:00,610.8800048828125,611.489990234375,608.3800048828125,611.489990234375,26749000,599.7083740234375
2025-02-19 09:30:00,610.0800170898438,613.22998046875,609.5599975585938,612.9299926757812,31011100,601.12060546875
2025-02-20 09:30:00,611.5399780273438,611.6799926757812,607.02001953125,610.3800048828125,36554000,598.6198120117188
2025-02-21 09:30:00,610.1599731445312,610.2999877929688,599.469970703125,599.9400024414062,76519800,588.3809204101562
2025-02-24 09:30:00,602.02001953125,603.030029296875,596.489990234375,597.2100219726562,50737200,585.7035522460938
2025-02-25 09:30:00,597.1500244140625,597.8900146484375,589.5599975585938,594.239990234375,58266500,582.790771484375
2025-02-26 09:30:00,595.9299926757812,599.5800170898438,591.8599853515625,594.5399780273438,43321600,583.0850219726562
2025-02-27 09:30:00,596.8499755859375,598.02001953125,584.6500244140625,585.0499877929688,74196700,573.7777099609375
2025-02-28 09:30:00,585.5599975585938,594.719970703125,582.4400024414062,594.1799926757812,88744100,582.7318725585938
2025-03-03 09:30:00,596.1799926757812,597.3400268554688,579.9000244140625,583.77001953125,74249200,572.5224609375
2025-03-04 09:30:00,579.7100219726562,585.3900146484375,572.25,576.8599853515625,109648200,565.74560546875
2025-03-05 09:30:00,576.6900024414062,584.8800048828125,573.0800170898438,583.0599975585938,71230500,571.826171875
2025-03-06 09:30:00,575.47998046875,580.1699829101562,570.1199951171875,572.7100219726562,80094900,561.6757202148438
2025-03-07 09:30:00,570.9000244140625,577.3900146484375,565.6300048828125,575.9199829101562,81158800,564.82373046875
2025-03-10 09:30:00,567.5900268554688,569.5399780273438,555.5900268554688,560.5800170898438,99326600,549.7791748046875
2025-03-11 09:30:00,559.4000244140625,564.02001953125,552.02001953125,555.9199829101562,88102100,545.208984375
2025-03-12 09:30:00,562.1699829101562,563.1099853515625,553.6900024414062,558.8699951171875,69588200,548.1022338867188
2025-03-13 09:30:00,558.489990234375,559.1099853515625,549.6799926757812,551.4199829101562,74079400,540.7957153320312
2025-03-14 09:30:00,556.1099853515625,563.8300170898438,551.489990234375,562.8099975585938,62660300,551.9662475585938
2025-03-17 09:30:00,562.7899780273438,569.7100219726562,562.3499755859375,567.1500244140625,49008700,556.22265625
2025-03-18 09:30:00,564.7999877929688,565.02001953125,559.0599975585938,561.02001953125,66041400,550.2108764648438
2025-03-19 09:30:00,562.8300170898438,570.9500122070312,561.6300048828125,567.1300048828125,66556000,556.2030029296875
2025-03-20 09:30:00,563.3300170898438,570.5700073242188,562.5999755859375,565.489990234375,62958200,554.5946044921875
2025-03-21 09:30:00,559.280029296875,564.8900146484375,558.030029296875,563.97998046875,83763000,554.777587890625
2025-03-24 09:30:00,570.7999877929688,575.1500244140625,570.2000122070312,574.0800170898438,58766800,564.712890625
2025-03-25 09:30:00,575.2999877929688,576.4099731445312,573.6900024414062,575.4600219726562,38355700,566.0703735351562
2025-03-26 09:30:00,575.1900024414062,576.3300170898438,567.1900024414062,568.5900268554688,51848300,559.3124389648438
2025-03-27 09:30:00,567.1799926757812,570.9000244140625,564.9400024414062,567.0800170898438,42164200,557.8270874023438
2025-03-28 09:30:00,565.530029296875,566.27001953125,555.0700073242188,555.6599731445312,71662700,546.5933227539062
2025-03-31 09:30:00,549.8300170898438,560.7100219726562,546.8699951171875,559.3900146484375,95328200,550.2625122070312
2025-04-01 09:30:00,557.4500122070312,562.9400024414062,553.6799926757812,560.969970703125,54609600,551.8167724609375
2025-04-02 09:30:00,555.0499877929688,567.4199829101562,554.8099975585938,564.52001953125,76014500,555.308837890625
2025-04-03 09:30:00,545.1099853515625,547.969970703125,536.7000122070312,536.7000122070312,125986000,527.9427490234375
2025-04-04 09:30:00,523.6699829101562,525.8699951171875,505.05999755859375,505.2799987792969,217965100,497.03546142578125
2025-04-07 09:30:00,489.19000244140625,523.1699829101562,481.79998779296875,504.3800048828125,256611400,496.150146484375
2025-04-08 09:30:00,521.8599853515625,524.97998046875,489.1600036621094,496.4800109863281,165816600,488.3790588378906
2025-04-09 09:30:00,493.44000244140625,548.6199951171875,493.04998779296875,548.6199951171875,241867300,539.6682739257812
2025-04-10 09:30:00,532.1699829101562,533.5,509.32000732421875,524.5800170898438,162331200,516.0206298828125
2025-04-11 09:30:00,523.010009765625,536.4299926757812,520.0700073242188,533.9400024414062,97866300,525.227783203125
2025-04-14 09:30:00,544.0499877929688,544.280029296875,533.8599853515625,539.1199951171875,68034000,530.3233032226562
2025-04-15 09:30:00,539.6699829101562,543.22998046875,536.8099975585938,537.6099853515625,56892900,528.837890625
2025-04-16 09:30:00,531.6799926757812,537.8900146484375,520.2899780273438,525.6599731445312,83484800,517.0828247070312
2025-04-17 09:30:00,527.6400146484375,531.1699829101562,523.9099731445312,526.4099731445312,79868100,517.8206176757812
2025-04-21 09:30:00,521.1599731445312,521.7000122070312,508.4599914550781,513.8800048828125,69368100,505.4950866699219
2025-04-22 09:30:00,520.1400146484375,529.2999877929688,519.1900024414062,527.25,75948100,518.6469116210938
2025-04-23 09:30:00,540.4299926757812,545.4299926757812,533.8800048828125,535.4199829101562,90590700,526.6836547851562
2025-04-24 09:30:00,536.719970703125,547.4299926757812,535.4500122070312,546.6900024414062,64150400,537.769775390625
2025-04-25 09:30:00,546.6500244140625,551.0499877929688,543.6900024414062,550.6400146484375,61119600,541.6553344726562
2025-04-28 09:30:00,551.3900146484375,553.5499877929688,545.02001953125,550.8499755859375,47613800,541.8618774414062
2025-04-29 09:30:00,548.9099731445312,555.4500122070312,548.5499877929688,554.3200073242188,47775100,545.2752685546875
2025-04-30 09:30:00,547.5700073242188,556.52001953125,541.52001953125,554.5399780273438,93101500,545.49169921875
2025-05-01 09:30:00,560.3699951171875,564.0700073242188,557.8599853515625,558.469970703125,63186100,549.3574829101562
2025-05-02 09:30:00,564.72998046875,568.3800048828125,562.3800048828125,566.760009765625,60717300,557.5122680664062
2025-05-05 09:30:00,562.5700073242188,566.6500244140625,561.7000122070312,563.510009765625,38659200,554.3153076171875
2025-05-06 09:30:00,557.9299926757812,563.3499755859375,556.9600219726562,558.7999877929688,48264700,549.6821899414062
2025-05-07 09:30:00,560.1500244140625,563.8200073242188,556.0399780273438,561.1500244140625,55588000,551.9938354492188
2025-05-08 09:30:00,565.239990234375,570.3099975585938,561.7000122070312,565.0599975585938,65130800,555.8400268554688
2025-05-09 09:30:00,566.47998046875,567.5,562.760009765625,564.3400268554688,37603400,555.1317749023438
2025-05-12 09:30:00,581.469970703125,583.0,577.0399780273438,582.989990234375,78993600,573.4775390625
2025-05-13 09:30:00,583.4099731445312,589.0800170898438,582.8400268554688,586.8400268554688,67947200,577.2647705078125
2025-05-14 09:30:00,587.8099975585938,588.97998046875,585.5399780273438,587.5900268554688,66283500,578.00244140625
2025-05-15 09:30:00,585.5599975585938,590.969970703125,585.0999755859375,590.4600219726562,71268100,580.8256225585938
2025-05-16 09:30:00,591.25,594.5,589.280029296875,594.2000122070312,76052100,584.5045776367188
2025-05-19 09:30:00,588.0999755859375,595.5399780273438,588.0999755859375,594.8499755859375,68168500,585.1439208984375
2025-05-20 09:30:00,593.0900268554688,594.0499877929688,589.5999755859375,592.8499755859375,60614500,583.1765747070312
2025-05-21 09:30:00,588.4400024414062,592.5800170898438,581.8200073242188,582.8599853515625,95197700,573.3495483398438
2025-05-22 09:30:00,582.6599731445312,586.6199951171875,581.4099731445312,583.0900268554688,70860400,573.575927734375
2025-05-23 09:30:00,575.97998046875,581.8099975585938,575.5999755859375,579.1099853515625,76029000,569.6607666015625
2025-05-27 09:30:00,586.0700073242188,591.3099975585938,578.4299926757812,591.1500244140625,72588500,581.5043334960938
2025-05-28 09:30:00,591.5599975585938,592.77001953125,586.989990234375,587.72998046875,68445500,578.1400756835938
2025-05-29 09:30:00,593.0599975585938,593.2000122070312,586.0700073242188,590.0499877929688,69973300,580.4223022460938
2025-05-30 09:30:00,588.9299926757812,591.1300048828125,583.239990234375,589.3900146484375,90601200,579.7730102539062
2025-06-02 09:30:00,587.760009765625,592.7899780273438,585.0599975585938,592.7100219726562,61630500,583.038818359375
2025-06-03 09:30:00,592.3400268554688,597.0800170898438,591.8499755859375,596.0900268554688,63606200,586.36376953125
2025-06-04 09:30:00,596.9600219726562,597.9500122070312,595.489990234375,595.9299926757812,57314200,586.2062377929688
2025-06-05 09:30:00,597.6300048828125,599.0,591.0499877929688,593.0499877929688,92278700,583.373291015625
2025-06-06 09:30:00,598.6599731445312,600.8300170898438,596.8599853515625,599.1400146484375,66588700,589.3638916015625
2025-06-09 09:30:00,599.719970703125,601.25,598.489990234375,599.6799926757812,53016400,589.8951416015625
2025-06-10 09:30:00,600.219970703125,603.469970703125,599.0900268554688,603.0800170898438,66247000,593.2396850585938
2025-06-11 09:30:00,604.1900024414062,605.0599975585938,599.27001953125,601.3599853515625,73658200,591.547607421875
2025-06-12 09:30:00,600.010009765625,603.75,599.52001953125,603.75,64129000,593.8987426757812
2025-06-13 09:30:00,598.5,601.8499755859375,595.47998046875,597.0,89506000,587.2588500976562
2025-06-16 09:30:00,600.4000244140625,604.4500122070312,600.219970703125,602.6799926757812,79984100,592.84619140625
2025-06-17 09:30:00,600.2100219726562,601.75,596.760009765625,597.530029296875,82209400,587.7802734375
2025-06-18 09:30:00,598.4400024414062,601.219970703125,596.469970703125,597.4400024414062,76605000,587.6917114257812
2025-06-20 09:30:00,598.3800048828125,599.4600219726562,592.8599853515625,594.280029296875,94051400,586.3114624023438
2025-06-23 09:30:00,595.0399780273438,600.5399780273438,591.8900146484375,600.1500244140625,87426000,592.102783203125
2025-06-24 09:30:00,604.3300170898438,607.8499755859375,603.4099731445312,606.780029296875,67735300,598.6438598632812
2025-06-25 09:30:00,607.9099731445312,608.6099853515625,605.5399780273438,607.1199951171875,62114800,598.979248046875
2025-06-26 09:30:00,608.989990234375,612.3099975585938,608.3699951171875,611.8699951171875,78548400,603.6655883789062
2025-06-27 09:30:00,612.8800048828125,616.3900146484375,610.8300170898438,614.9099731445312,86258400,606.664794921875
2025-06-30 09:30:00,617.3800048828125,619.219970703125,615.0399780273438,617.8499755859375,92502500,609.5653076171875
2025-07-01 09:30:00,616.3599853515625,618.8300170898438,615.52001953125,617.6500244140625,70030100,609.3680419921875
2025-07-02 09:30:00,617.239990234375,620.489990234375,616.6099853515625,620.4500122070312,66510400,612.130615234375
2025-07-03 09:30:00,622.4500122070312,626.280029296875,622.4299926757812,625.3400268554688,51065800,616.9550170898438
2025-07-07 09:30:00,623.3599853515625,624.030029296875,617.8699951171875,620.6799926757812,74814500,612.3574829101562
2025-07-08 09:30:00,621.3499755859375,622.1099853515625,619.52001953125,620.3400268554688,59024600,612.0220336914062
2025-07-09 09:30:00,622.77001953125,624.719970703125,620.9099731445312,624.0599975585938,66113300,615.692138671875
2025-07-10 09:30:00,624.2000122070312,626.8699951171875,623.010009765625,625.8200073242188,57529000,617.4285278320312
2025-07-11 09:30:00,622.739990234375,624.8599853515625,621.530029296875,623.6199951171875,63670200,615.258056640625
2025-07-14 09:30:00,623.1599731445312,625.1599731445312,621.7999877929688,624.8099975585938,51898500,616.43212890625
2025-07-15 09:30:00,627.52001953125,627.8599853515625,622.0599975585938,622.1400146484375,74317300,613.7979736328125
2025-07-16 09:30:00,623.739990234375,624.72998046875,618.0499877929688,624.219970703125,88987500,615.8499755859375
2025-07-17 09:30:00,624.4000244140625,628.4000244140625,624.1799926757812,628.0399780273438,68885700,619.6187133789062
2025-07-18 09:30:00,629.2999877929688,629.469970703125,626.4600219726562,627.5800170898438,65621600,619.1649780273438
2025-07-21 09:30:00,628.77001953125,631.5399780273438,628.3400268554688,628.77001953125,63375000,620.3389282226562
2025-07-22 09:30:00,629.0999755859375,629.72998046875,626.1900024414062,628.8599853515625,60046300,620.427734375
2025-07-23 09:30:00,631.5499877929688,634.2100219726562,629.72998046875,634.2100219726562,70511000,625.7059936523438
2025-07-24 09:30:00,634.5999755859375,636.1500244140625,633.989990234375,634.4199829101562,71307100,625.9132080078125
2025-07-25 09:30:00,635.0900268554688,637.5800170898438,634.8400268554688,637.0999755859375,56865400,628.5572509765625
2025-07-28 09:30:00,637.47998046875,638.0399780273438,635.5399780273438,636.9400024414062,54917100,628.3994140625
2025-07-29 09:30:00,638.3499755859375,638.6699829101562,634.3400268554688,635.260009765625,60556300,626.741943359375
2025-07-30 09:30:00,635.9199829101562,637.6799926757812,631.5399780273438,634.4600219726562,80418900,625.9526977539062
2025-07-31 09:30:00,639.4600219726562,639.8499755859375,630.77001953125,632.0800170898438,103385200,623.6045532226562
2025-08-01 09:30:00,626.2999877929688,626.3400268554688,619.2899780273438,621.719970703125,140103600,613.3834228515625
2025-08-04 09:30:00,625.6699829101562,631.219970703125,625.5800170898438,631.1699829101562,73218000,622.706787109375
2025-08-05 09:30:00,631.7899780273438,632.6099853515625,627.0399780273438,627.969970703125,68051400,619.5496826171875
2025-08-06 09:30:00,629.0499877929688,633.4400024414062,628.1300048828125,632.780029296875,64357500,624.2952270507812
2025-08-07 09:30:00,636.239990234375,636.97998046875,629.1099853515625,632.25,74205800,623.7723388671875
2025-08-08 09:30:00,634.0599975585938,637.6500244140625,633.739990234375,637.1799926757812,64051600,628.6361694335938
2025-08-11 09:30:00,637.4600219726562,638.9500122070312,634.6599731445312,635.9199829101562,58742300,627.39306640625
2025-08-12 09:30:00,638.2899780273438,642.8499755859375,636.7899780273438,642.6900024414062,64730800,634.072265625
2025-08-13 09:30:00,644.9099731445312,646.1900024414062,642.6799926757812,644.8900146484375,60092800,636.2428588867188
2025-08-14 09:30:00,642.7899780273438,645.6199951171875,642.3400268554688,644.9500122070312,59327500,636.302001953125
2025-08-15 09:30:00,645.989990234375,646.0900268554688,642.52001953125,643.4400024414062,68592500,634.8123168945312
2025-08-18 09:30:00,642.8599853515625,644.0,642.1799926757812,643.2999877929688,43804900,634.6741943359375
2025-08-19 09:30:00,643.1199951171875,644.1099853515625,638.47998046875,639.8099975585938,69750700,631.2308959960938
2025-08-20 09:30:00,639.4000244140625,639.6599731445312,632.9500122070312,638.1099853515625,88890300,629.5537719726562
2025-08-21 09:30:00,636.280029296875,637.969970703125,633.8099975585938,635.5499877929688,54805800,627.028076171875
2025-08-22 09:30:00,637.760009765625,646.5,637.25,645.3099975585938,84083200,636.6571655273438
2025-08-25 09:30:00,644.0399780273438,645.2899780273438,642.3499755859375,642.469970703125,51274300,633.8552856445312
2025-08-26 09:30:00,642.2000122070312,645.510009765625,641.5700073242188,645.1599731445312,51581600,636.5091552734375
2025-08-27 09:30:00,644.5700073242188,647.3699951171875,644.4199829101562,646.6300048828125,48341100,637.9595336914062
2025-08-28 09:30:00,647.239990234375,649.47998046875,645.3400268554688,648.9199829101562,61519500,640.2188110351562
2025-08-29 09:30:00,647.469970703125,647.8400268554688,643.1400146484375,645.0499877929688,74522200,636.400634765625
2025-09-02 09:30:00,637.5,640.489990234375,634.9199829101562,640.27001953125,81983500,631.684814453125
2025-09-03 09:30:00,642.6699829101562,644.2100219726562,640.4600219726562,643.739990234375,70820900,635.1082153320312
2025-09-04 09:30:00,644.4199829101562,649.1500244140625,643.510009765625,649.1199951171875,65219200,640.4161376953125
2025-09-05 09:30:00,651.47998046875,652.2100219726562,643.3300170898438,647.239990234375,85178900,638.561279296875
2025-09-08 09:30:00,648.6199951171875,649.8400268554688,647.22998046875,648.8300170898438,63133100,640.1300048828125
2025-09-09 09:30:00,648.969970703125,650.8599853515625,647.219970703125,650.3300170898438,66133900,641.6099243164062
2025-09-10 09:30:00,653.6199951171875,654.5499877929688,650.6300048828125,652.2100219726562,78034500,643.4647216796875
2025-09-11 09:30:00,654.1799926757812,658.3300170898438,653.5900268554688,657.6300048828125,69934400,648.81201171875
2025-09-12 09:30:00,657.5999755859375,659.1099853515625,656.9000244140625,657.4099731445312,72780100,648.594970703125
2025-09-15 09:30:00,659.6400146484375,661.0399780273438,659.3400268554688,660.9099731445312,63772400,652.0479736328125
2025-09-16 09:30:00,661.469970703125,661.780029296875,659.2100219726562,660.0,61169000,651.1502685546875
2025-09-17 09:30:00,660.010009765625,661.719970703125,654.2999877929688,659.1799926757812,101952200,650.3411865234375
2025-09-18 09:30:00,661.8900146484375,664.8900146484375,660.27001953125,662.260009765625,90459200,653.3798828125
2025-09-19 09:30:00,662.3300170898438,664.5499877929688,660.3699951171875,663.7000122070312,97945600,656.6160278320312
2025-09-22 09:30:00,662.2000122070312,667.2899780273438,662.1699829101562,666.8400268554688,69452200,659.7224731445312
2025-09-23 09:30:00,666.719970703125,667.3400268554688,661.97998046875,663.2100219726562,81708900,656.1312255859375
2025-09-24 09:30:00,664.510009765625,664.6099853515625,659.6699829101562,661.0999755859375,68082200,654.043701171875
2025-09-25 09:30:00,657.9400024414062,659.4099731445312,654.4099731445312,658.0499877929688,89622100,651.0263061523438
2025-09-26 09:30:00,659.510009765625,662.3699951171875,657.8800048828125,661.8200073242188,69179200,654.7559814453125
2025-09-29 09:30:00,664.3599853515625,665.280029296875,661.8599853515625,663.6799926757812,73499000,656.5962524414062
2025-09-30 09:30:00,662.9299926757812,666.6500244140625,661.6099853515625,666.1799926757812,86288000,659.0694580078125
2025-10-01 09:30:00,663.1699829101562,669.3699951171875,663.0599975585938,668.4500122070312,72545400,661.3153076171875
2025-10-02 09:30:00,670.4500122070312,670.5700073242188,666.780029296875,669.219970703125,56896000,662.0770263671875
2025-10-03 09:30:00,669.989990234375,672.6799926757812,668.1599731445312,669.2100219726562,70494400,662.0672607421875
2025-10-06 09:30:00,671.6199951171875,672.510009765625,669.4600219726562,671.6099853515625,54623300,664.4415283203125
2025-10-07 09:30:00,672.5399780273438,672.989990234375,667.6699829101562,669.1199951171875,72020100,661.9782104492188
2025-10-08 09:30:00,670.25,673.2100219726562,669.4199829101562,673.1099853515625,60702200,665.925537109375
2025-10-09 09:30:00,673.530029296875,673.9400024414062,669.2100219726562,671.1599731445312,66501900,663.996337890625
2025-10-10 09:30:00,672.1300048828125,673.9500122070312,652.8400268554688,653.02001953125,159422600,646.0499877929688
2025-10-13 09:30:00,660.6500244140625,665.1300048828125,659.77001953125,663.0399780273438,79560500,655.9630126953125
2025-10-14 09:30:00,657.1699829101562,665.8300170898438,653.1699829101562,662.22998046875,88779600,655.1616821289062
2025-10-15 09:30:00,666.8200073242188,670.22998046875,658.9299926757812,665.1699829101562,81702600,658.0703125
2025-10-16 09:30:00,666.8200073242188,668.7100219726562,657.1099853515625,660.6400146484375,110563300,653.5886840820312
2025-10-17 09:30:00,659.5,665.760009765625,658.1400146484375,664.3900146484375,96500900,657.2986450195312
2025-10-20 09:30:00,667.3200073242188,672.2100219726562,667.27001953125,671.2999877929688,60493400,664.1348876953125
2025-10-21 09:30:00,671.4400024414062,672.989990234375,669.97998046875,671.2899780273438,56249000,664.1249389648438
2025-10-22 09:30:00,672.0,672.0,663.2999877929688,667.7999877929688,80564000,660.6721801757812
2025-10-23 09:30:00,668.1199951171875,672.7100219726562,667.7999877929688,671.760009765625,65604500,664.5899658203125
2025-10-24 09:30:00,676.4600219726562,678.469970703125,675.6500244140625,677.25,74356500,670.0213623046875
2025-10-27 09:30:00,682.72998046875,685.5399780273438,682.1199951171875,685.239990234375,63339800,677.9260864257812
2025-10-28 09:30:00,687.0499877929688,688.9099731445312,684.8300170898438,687.0599975585938,61738100,679.7266235351562
2025-10-29 09:30:00,688.719970703125,689.7000122070312,682.8699951171875,687.3900146484375,85657100,680.0531005859375
2025-10-30 09:30:00,683.9000244140625,685.9400024414062,679.8300170898438,679.8300170898438,76335800,672.5738525390625
2025-10-31 09:30:00,685.0399780273438,685.0800170898438,679.239990234375,682.0599975585938,87164100,674.7800903320312
2025-11-03 09:30:00,685.6699829101562,685.7999877929688,679.9400024414062,683.3400268554688,57315000,676.04638671875
2025-11-04 09:30:00,676.1099853515625,679.9600219726562,674.5800170898438,675.239990234375,78427000,668.0327758789062
2025-11-05 09:30:00,674.97998046875,680.8599853515625,674.1699829101562,677.5800170898438,74402400,670.3478393554688
2025-11-06 09:30:00,676.469970703125,677.3800048828125,668.719970703125,670.3099975585938,85035300,663.155517578125
2025-11-07 09:30:00,667.9099731445312,671.0800170898438,661.2100219726562,670.969970703125,100592400,663.808349609375
2025-11-10 09:30:00,677.239990234375,682.1799926757812,675.030029296875,681.4400024414062,75842900,674.1666259765625
2025-11-11 09:30:00,679.9500122070312,683.5700073242188,678.72998046875,683.0,58953400,675.7100219726562
2025-11-12 09:30:00,684.7899780273438,684.9600219726562,680.9500122070312,683.3800048828125,62312500,676.0859375
2025-11-13 09:30:00,680.5,680.8599853515625,670.52001953125,672.0399780273438,103457800,664.8670043945312
2025-11-14 09:30:00,665.3800048828125,675.6599731445312,663.27001953125,671.9299926757812,96846700,664.758056640625
2025-11-17 09:30:00,669.7000122070312,673.7100219726562,662.1699829101562,665.6699829101562,90456100,658.56494140625
2025-11-18 09:30:00,662.0999755859375,665.1199951171875,655.8599853515625,660.0800170898438,114467500,653.0346069335938
2025-11-19 09:30:00,660.780029296875,667.3400268554688,658.75,662.6300048828125,94703000,655.5574340820312
2025-11-20 09:30:00,672.9099731445312,675.5599975585938,651.8900146484375,652.530029296875,165293500,645.5652465820312
2025-11-21 09:30:00,655.0499877929688,664.5499877929688,650.8499755859375,659.030029296875,123956200,651.995849609375
2025-11-24 09:30:00,662.6900024414062,670.0599975585938,661.5900268554688,668.72998046875,80437900,661.59228515625
2025-11-25 09:30:00,668.6300048828125,676.2100219726562,664.47998046875,675.02001953125,81077100,667.815185546875
2025-11-26 09:30:00,677.6300048828125,681.7000122070312,676.719970703125,679.6799926757812,71879600,672.4254760742188
2025-11-28 09:30:00,680.8599853515625,683.6699829101562,680.5,683.3900146484375,49212000,676.0958251953125
2025-12-01 09:30:00,678.8099975585938,682.989990234375,678.739990234375,680.27001953125,61201200,673.0091552734375
2025-12-02 09:30:00,681.9199829101562,683.8200073242188,679.3300170898438,681.530029296875,62953800,674.2556762695312
2025-12-03 09:30:00,680.5700073242188,684.9099731445312,679.6900024414062,683.8900146484375,57238500,676.5905151367188
2025-12-04 09:30:00,685.2999877929688,685.3699951171875,681.3400268554688,684.3900146484375,61970300,677.085205078125
2025-12-05 09:30:00,685.469970703125,688.3900146484375,684.5800170898438,685.6900024414062,79241000,678.3712768554688
2025-12-08 09:30:00,686.5900268554688,686.6400146484375,681.5700073242188,683.6300048828125,55231500,676.3333129882812
2025-12-09 09:30:00,683.1500244140625,685.3900146484375,682.5900268554688,683.0399780273438,58310100,675.7495727539062
2025-12-10 09:30:00,682.5599975585938,688.969970703125,681.3099975585938,687.5700073242188,85671300,680.231201171875
2025-12-11 09:30:00,685.1400146484375,689.25,682.1699829101562,689.1699829101562,86173700,681.8141479492188
2025-12-12 09:30:00,688.1699829101562,688.8800048828125,679.1699829101562,681.760009765625,113160300,674.4832763671875
2025-12-15 09:30:00,685.739990234375,685.760009765625,679.25,680.72998046875,90811000,673.4642333984375
2025-12-16 09:30:00,679.22998046875,681.0800170898438,674.97998046875,678.8699951171875,122030600,671.6240844726562
2025-12-17 09:30:00,679.8900146484375,680.4400024414062,671.2000122070312,671.4000244140625,110625200,664.2338256835938
2025-12-18 09:30:00,677.5999755859375,680.739990234375,674.9000244140625,676.469970703125,108650100,669.2496337890625
2025-12-19 09:30:00,676.5900268554688,681.0900268554688,676.469970703125,680.5900268554688,103599500,675.3153686523438
2025-12-22 09:30:00,683.9400024414062,685.3599853515625,680.5900268554688,684.8300170898438,69556700,679.5224609375
2025-12-23 09:30:00,683.9199829101562,688.2000122070312,683.8699951171875,687.9600219726562,64840000,682.628173828125
2025-12-24 09:30:00,687.9500122070312,690.8300170898438,687.7999877929688,690.3800048828125,39445600,685.0294799804688
2025-12-26 09:30:00,690.6400146484375,691.6599731445312,689.27001953125,690.3099975585938,41613300,684.9600219726562
2025-12-29 09:30:00,687.5399780273438,689.2000122070312,686.0700073242188,687.8499755859375,62559500,682.51904296875
2025-12-30 09:30:00,687.4500122070312,688.5599975585938,686.5800170898438,687.010009765625,47160700,681.685546875
2025-12-31 09:30:00,687.1400146484375,687.3599853515625,681.7100219726562,681.9199829101562,74144800,676.635009765625
2026-01-02 09:30:00,685.7100219726562,686.8699951171875,679.8200073242188,683.1699829101562,89377200,677.8753051757812
2026-01-05 09:30:00,686.5399780273438,689.4299926757812,686.3800048828125,687.719970703125,71927200,682.3900756835938
2026-01-06 09:30:00,687.9299926757812,692.3200073242188,687.780029296875,691.8099975585938,69273800,686.4483642578125
2026-01-07 09:30:00,692.1900024414062,693.9600219726562,689.3200073242188,689.5800170898438,75588300,684.2356567382812
2026-01-08 09:30:00,688.8200073242188,690.6199951171875,687.489990234375,689.510009765625,64019200,684.1661987304688
2026-01-09 09:30:00,690.6300048828125,695.3099975585938,689.1799926757812,694.0700073242188,80125500,688.6908569335938
2026-01-12 09:30:00,690.6799926757812,696.0900268554688,690.6300048828125,695.1599731445312,63976000,689.7723999023438
2026-01-13 09:30:00,695.489990234375,696.0900268554688,691.3499755859375,693.77001953125,78309700,688.3931884765625
2026-01-14 09:30:00,691.0,691.719970703125,686.0399780273438,690.3599853515625,94676700,685.0095825195312
2026-01-15 09:30:00,694.5700073242188,695.4500122070312,691.25,692.239990234375,77862000,686.8750610351562
2026-01-16 09:30:00,693.6599731445312,694.25,690.0999755859375,691.6599731445312,79289200,686.2994995117188
2026-01-20 09:30:00,681.489990234375,684.77001953125,676.5700073242188,677.5800170898438,111623300,672.32861328125
2026-01-21 09:30:00,679.6500244140625,688.739990234375,678.1300048828125,685.4000244140625,127844500,680.0880737304688
2026-01-22 09:30:00,689.8499755859375,691.1300048828125,686.9199829101562,688.97998046875,77112200,683.6403198242188
2026-01-23 09:30:00,688.1500244140625,690.9600219726562,687.1599731445312,689.22998046875,63059600,683.8883056640625
2026-01-26 09:30:00,690.489990234375,694.1300048828125,689.9199829101562,692.72998046875,60473800,687.3612670898438
2026-01-27 09:30:00,694.1799926757812,696.530029296875,693.5700073242188,695.489990234375,55506100,690.0997924804688
2026-01-28 09:30:00,697.0499877929688,697.8400268554688,693.9400024414062,695.4199829101562,61172200,690.0303344726562
2026-01-29 09:30:00,696.3900146484375,697.0599975585938,684.8300170898438,694.0399780273438,97486200,688.6610717773438
2026-01-30 09:30:00,691.7899780273438,694.2100219726562,687.1199951171875,691.969970703125,101835100,686.607177734375
2026-02-02 09:30:00,689.5800170898438,696.9299926757812,689.4199829101562,695.4099731445312,79286500,690.0204467773438
2026-02-03 09:30:00,696.2100219726562,696.9600219726562,684.030029296875,689.530029296875,107904600,684.18603515625
2026-02-04 09:30:00,690.3499755859375,691.4500122070312,681.760009765625,686.1900024414062,105204600,680.8719482421875
2026-02-05 09:30:00,680.9400024414062,683.6900024414062,675.7899780273438,677.6199951171875,113610800,672.3683471679688
2026-02-06 09:30:00,681.4600219726562,692.3099975585938,680.8499755859375,690.6199951171875,89127600,685.267578125
2026-02-09 09:30:00,689.4199829101562,695.8699951171875,688.3400268554688,693.9500122070312,73885200,688.57177734375
2026-02-10 09:30:00,694.9500122070312,696.5399780273438,691.6599731445312,692.1199951171875,65185700,686.7559204101562
2026-02-11 09:30:00,696.3900146484375,697.1400146484375,689.1799926757812,691.9600219726562,76353900,686.5972290039062
2026-02-12 09:30:00,694.239990234375,695.3499755859375,680.3699951171875,681.27001953125,118829000,675.9901123046875
2026-02-13 09:30:00,681.6900024414062,686.280029296875,677.52001953125,681.75,96267500,676.46630859375
2026-02-17 09:30:00,680.1400146484375,684.9400024414062,675.780029296875,682.8499755859375,81354700,677.5578002929688
2026-02-18 09:30:00,684.02001953125,689.1500244140625,682.8300170898438,686.2899780273438,73570300,680.9711303710938
2026-02-19 09:30:00,683.8400268554688,686.1799926757812,681.5499877929688,684.47998046875,58649400,679.1751708984375
2026-02-20 09:30:00,682.3200073242188,690.0599975585938,681.72998046875,689.4299926757812,100034000,684.0868530273438
2026-02-23 09:30:00,687.8300170898438,690.0,680.3699951171875,682.3900146484375,90558100,677.1013793945312
2026-02-24 09:30:00,681.9000244140625,688.3499755859375,680.0,687.3499755859375,73798700,682.0228881835938
2026-02-25 09:30:00,690.1799926757812,693.6799926757812,690.0999755859375,693.1500244140625,56369500,687.7780151367188
2026-02-26 09:30:00,693.280029296875,693.2999877929688,684.3499755859375,689.2999877929688,71671000,683.957763671875
2026-02-27 09:30:00,683.0900268554688,686.8599853515625,681.6400146484375,685.989990234375,83308900,680.6734619140625
2026-03-02 09:30:00,678.7000122070312,688.6199951171875,678.02001953125,686.3800048828125,87477200,681.0604248046875
2026-03-03 09:30:00,675.0599975585938,682.6099853515625,669.6599731445312,680.3300170898438,105003100,675.057373046875
2026-03-04 09:30:00,681.6300048828125,687.0900268554688,679.6199951171875,685.1300048828125,79182200,679.8201904296875
2026-03-05 09:30:00,682.0800170898438,685.530029296875,675.6099853515625,681.3099975585938,106606500,676.0297241210938
2026-03-06 09:30:00,673.4099731445312,676.1099853515625,669.760009765625,672.3800048828125,100687000,667.1688842773438
2026-03-09 09:30:00,666.3900146484375,679.9199829101562,662.3900146484375,678.27001953125,102667700,673.0133056640625
2026-03-10 09:30:00,677.719970703125,683.3599853515625,674.760009765625,677.1799926757812,81505300,671.9317626953125
2026-03-11 09:30:00,677.5800170898438,680.0800170898438,673.3400268554688,676.3300170898438,68441700,671.08837890625
2026-03-12 09:30:00,671.1599731445312,671.6500244140625,665.8699951171875,666.0599975585938,108882200,660.89794921875
2026-03-13 09:30:00,669.27001953125,672.3400268554688,661.3599853515625,662.2899780273438,97200200,657.1571655273438
2026-03-16 09:30:00,668.3800048828125,672.0700073242188,667.1199951171875,669.030029296875,82023100,663.844970703125
2026-03-17 09:30:00,672.3900146484375,674.4400024414062,669.7000122070312,670.7899780273438,87128000,665.5912475585938
2026-03-18 09:30:00,668.3599853515625,669.719970703125,661.1900024414062,661.4299926757812,82062600,656.3037719726562
2026-03-19 09:30:00,656.969970703125,662.97998046875,655.1699829101562,659.7999877929688,111272500,654.6864013671875
2026-03-20 09:30:00,656.510009765625,656.6900024414062,644.719970703125,648.5700073242188,163617500,645.301025390625
2026-03-23 09:30:00,658.0700073242188,662.6199951171875,653.9400024414062,655.3800048828125,134802700,652.07666015625
2026-03-24 09:30:00,651.3200073242188,657.030029296875,649.8800048828125,653.1799926757812,96457500,649.8877563476562
2026-03-25 09:30:00,658.6699829101562,660.8900146484375,654.239990234375,656.8200073242188,90653800,653.5093994140625
2026-03-26 09:30:00,652.0599975585938,654.8499755859375,644.8200073242188,645.0900268554688,96494400,641.8385620117188
2026-03-27 09:30:00,642.5,642.6599731445312,633.1099853515625,634.0900268554688,103649400,630.8939819335938
2026-03-30 09:30:00,640.1099853515625,640.3699951171875,629.280029296875,631.969970703125,99275900,628.78466796875
2026-03-31 09:30:00,638.9400024414062,651.5399780273438,637.97998046875,650.3400268554688,152534100,647.0620727539062
2026-04-01 09:30:00,653.9000244140625,658.52001953125,653.0,655.239990234375,97841500,651.9373779296875
2026-04-02 09:30:00,646.4199829101562,658.2000122070312,645.1099853515625,655.8300170898438,68358700,652.5244140625
2026-04-06 09:30:00,655.8599853515625,659.719970703125,655.52001953125,658.9299926757812,39105800,655.6088256835938
2026-04-07 09:30:00,656.6500244140625,659.6099853515625,651.0599975585938,659.219970703125,69980400,655.8972778320312
2026-04-08 09:30:00,676.3900146484375,677.0800170898438,671.4600219726562,676.010009765625,93606100,672.6027221679688
2026-04-09 09:30:00,674.8400268554688,681.1599731445312,673.77001953125,679.9099731445312,57134400,676.4829711914062
2026-04-10 09:30:00,681.3200073242188,682.030029296875,678.4500122070312,679.4600219726562,42253500,676.0353393554688
2026-04-13 09:30:00,677.4099731445312,686.2999877929688,676.5800170898438,686.0999755859375,54185800,682.641845703125
2026-04-14 09:30:00,687.6900024414062,694.5800170898438,687.6599731445312,694.4600219726562,63480500,690.959716796875
2026-04-15 09:30:00,695.260009765625,700.280029296875,694.2000122070312,699.9400024414062,58240400,696.412109375
2026-04-16 09:30:00,701.0599975585938,702.780029296875,698.530029296875,701.6599731445312,49972400,698.1234130859375
2026-04-17 09:30:00,706.1400146484375,712.3900146484375,705.760009765625,710.1400146484375,70661900,706.5607299804688
2026-04-20 09:30:00,708.780029296875,709.9099731445312,706.1400146484375,708.719970703125,43546800,705.1477661132812
2026-04-21 09:30:00,710.280029296875,711.280029296875,702.6400146484375,704.0800170898438,58941400,700.53125
2026-04-22 09:30:00,709.1500244140625,711.4500122070312,708.219970703125,711.2100219726562,42518500,707.6253051757812
2026-04-23 09:30:00,709.5,712.3599853515625,702.280029296875,708.4500122070312,56174000,704.8792114257812
2026-04-24 09:30:00,710.75,714.469970703125,709.010009765625,713.9400024414062,45182000,710.341552734375
2026-04-27 09:30:00,713.1699829101562,715.6300048828125,712.2999877929688,715.1699829101562,33135900,711.5653076171875
2026-04-28 09:30:00,711.8200073242188,712.8800048828125,709.25,711.6900024414062,43117400,708.1028442382812
2026-04-29 09:30:00,711.0,712.2000122070312,708.3699951171875,711.5800170898438,41859200,707.993408203125
2026-04-30 09:30:00,714.6300048828125,719.7899780273438,710.4500122070312,718.6599731445312,67240900,715.0377197265625
2026-05-01 09:30:00,721.25,724.8699951171875,720.469970703125,720.6500244140625,43049800,717.0177001953125
2026-05-04 09:30:00,720.0700073242188,722.1199951171875,714.989990234375,718.010009765625,51950600,714.3909912109375
2026-05-05 09:30:00,721.77001953125,725.0399780273438,721.489990234375,723.77001953125,36933200,720.1220092773438
2026-05-06 09:30:00,728.1599731445312,734.5900268554688,727.8200073242188,733.8300170898438,53288900,730.1312866210938
2026-05-07 09:30:00,735.0499877929688,736.1300048828125,729.75,731.5800170898438,51724600,727.8926391601562
2026-05-08 09:30:00,734.9299926757812,738.0800170898438,734.5700073242188,737.6199951171875,47227100,733.9021606445312
2026-05-11 09:30:00,736.4500122070312,740.7899780273438,736.4500122070312,739.2999877929688,44024000,735.5736694335938
2026-05-12 09:30:00,736.8900146484375,738.8400268554688,731.8300170898438,738.1799926757812,54185300,734.4593505859375
2026-05-13 09:30:00,738.469970703125,743.9099731445312,735.469970703125,742.3099975585938,44200200,738.5685424804688
2026-05-14 09:30:00,743.6500244140625,749.530029296875,743.5599975585938,748.1699829101562,45307600,744.3989868164062
2026-05-15 09:30:00,741.7899780273438,743.4600219726562,737.9600219726562,739.1699829101562,60410800,735.4443969726562
2026-05-18 09:30:00,739.8300170898438,741.4199829101562,733.3900146484375,738.6500244140625,47843900,734.927001953125
2026-05-19 09:30:00,734.780029296875,737.6500244140625,731.530029296875,733.72998046875,54255900,730.0317993164062
2026-05-20 09:30:00,735.7100219726562,741.8699951171875,733.8900146484375,741.25,45768000,737.5138549804688
2026-05-21 09:30:00,738.6400146484375,744.8699951171875,737.030029296875,742.719970703125,43332200,738.9764404296875
2026-05-22 09:30:00,746.239990234375,748.9400024414062,744.47998046875,745.6400146484375,41762000,741.8817749023438
2026-05-26 09:30:00,750.010009765625,752.1300048828125,748.3699951171875,750.5900268554688,41123600,746.8068237304688
2026-05-27 09:30:00,750.8800048828125,751.3800048828125,748.219970703125,750.4600219726562,42106300,746.677490234375
2026-05-28 09:30:00,750.25,755.1500244140625,749.22998046875,754.5999755859375,41562600,750.7965698242188
2026-05-29 09:30:00,755.9000244140625,758.0800170898438,754.6900024414062,756.47998046875,55075700,752.6671142578125
2026-06-01 09:30:00,755.3599853515625,760.280029296875,754.6900024414062,758.5399780273438,43634900,754.7167358398438
2026-06-02 09:30:00,757.030029296875,760.4000244140625,756.75,759.5700073242188,31581900,755.7415771484375
2026-06-03 09:30:00,758.1500244140625,758.7999877929688,753.5700073242188,754.239990234375,51402500,750.4384155273438
2026-06-04 09:30:00,752.0999755859375,758.3099975585938,751.469970703125,757.0900268554688,49923000,753.2740478515625
2026-06-05 09:30:00,752.3099975585938,752.8200073242188,735.530029296875,737.5499877929688,93989400,733.83251953125
2026-06-08 09:30:00,743.3599853515625,745.3400268554688,738.1900024414062,739.219970703125,49319100,735.4940795898438
2026-06-09 09:30:00,743.6300048828125,746.9000244140625,722.5900268554688,737.0499877929688,87683500,733.3350219726562
2026-06-10 09:30:00,733.3900146484375,738.3800048828125,725.3300170898438,725.4299926757812,60341300,721.7736206054688
2026-06-11 09:30:00,728.760009765625,740.0,724.4099731445312,737.760009765625,86330500,734.04150390625
2026-06-12 09:30:00,740.7100219726562,744.4400024414062,735.030029296875,741.75,57079500,738.0113525390625
2026-06-15 09:30:00,751.8499755859375,756.6799926757812,751.760009765625,754.8300170898438,60176400,751.0254516601562
2026-06-16 09:30:00,754.5499877929688,755.4400024414062,749.8800048828125,750.3300170898438,67093100,746.5481567382812
2026-06-17 09:30:00,751.2899780273438,752.1500244140625,739.219970703125,740.9600219726562,85945200,737.225341796875
2026-06-18 09:30:00,747.760009765625,748.22998046875,743.8599853515625,746.739990234375,80875700,744.8902587890625
2026-06-22 09:30:00,747.7000122070312,750.1799926757812,743.1300048828125,744.3900146484375,46628100,742.546142578125
2026-06-23 09:30:00,733.8099975585938,739.6300048828125,732.2999877929688,733.5800170898438,66846800,731.7628784179688
2026-06-24 09:30:00,735.1699829101562,739.9500122070312,730.8400268554688,733.239990234375,57439500,731.4237060546875
2026-06-25 09:30:00,738.9099731445312,739.3699951171875,729.5999755859375,734.2999877929688,53934400,732.4810791015625
2026-06-26 09:30:00,728.9500122070312,736.530029296875,716.5800170898438,728.989990234375,71034000,727.1842651367188
2026-06-29 09:30:00,736.530029296875,741.5599975585938,732.0900268554688,741.0,58035200,739.1644897460938
2026-06-30 09:30:00,741.2899780273438,748.02001953125,740.8900146484375,746.77001953125,55626000,744.9202270507812
2026-07-01 09:30:00,745.0,749.4400024414062,742.3800048828125,745.760009765625,47100900,743.9127197265625
2026-07-02 09:30:00,747.4000244140625,751.3099975585938,740.030029296875,744.780029296875,57447800,742.9351806640625
2026-07-06 09:30:00,748.739990234375,752.4099731445312,747.4099731445312,751.280029296875,50673300,749.4190673828125
2026-07-07 09:30:00,750.219970703125,750.9600219726562,745.2100219726562,747.7100219726562,43721500,745.85791015625
2026-07-08 09:30:00,743.1599731445312,746.1500244140625,739.510009765625,745.4000244140625,43767400,743.5536499023438
2026-07-09 09:30:00,747.3499755859375,751.969970703125,745.5900268554688,751.7100219726562,41441700,749.8480224609375
2026-07-10 09:30:00,752.0499877929688,755.4199829101562,748.0999755859375,754.9500122070312,42191300,753.0799560546875
2026-07-13 09:30:00,752.469970703125,753.9099731445312,748.0,749.1699829101562,44013600,747.3142700195312
2026-07-14 09:30:00,750.9099731445312,753.3400268554688,748.6599731445312,751.8300170898438,35143100,749.9677124023438
2026-07-15 09:30:00,754.239990234375,755.5800170898438,750.2000122070312,754.8099975585938,43844800,752.9403076171875
2026-07-16 09:30:00,752.760009765625,754.5700073242188,747.8800048828125,750.719970703125,46409800,748.8604125976562
2026-07-17 09:30:00,742.0800170898438,747.2899780273438,740.7999877929688,743.2899780273438,62651000,741.4487915039062
2026-07-20 09:30:00,747.0599975585938,748.72998046875,741.510009765625,742.0900268554688,50422300,740.2518310546875
2026-07-21 09:30:00,746.2899780273438,749.0399780273438,744.1799926757812,748.280029296875,34324300,746.426513671875
2026-07-22 09:30:00,746.6199951171875,750.02001953125,746.3699951171875,747.4099731445312,32836200,745.55859375
2026-07-23 09:30:00,739.3699951171875,742.5599975585938,735.2100219726562,738.1799926757812,55437300,736.3515014648438
2026-07-24 09:30:00,738.510009765625,743.719970703125,737.2899780273438,738.9299926757812,44782000,737.099609375
2026-07-27 09:30:00,744.9099731445312,745.530029296875,735.8699951171875,739.0900268554688,41461200,737.25927734375
2026-07-28 09:30:00,739.1900024414062,742.7899780273438,735.97998046875,740.8599853515625,47322200,739.0248413085938
2026-07-29 09:30:00,739.969970703125,742.6799926757812,729.0999755859375,729.4600219726562,70697200,727.6531372070312
2026-07-30 09:30:00,736.0499877929688,742.4500122070312,734.5900268554688,741.6900024414062,66811300,739.852783203125
2026-07-31 09:30:00,744.6799926757812,748.9000244140625,737.6799926757812,747.030029296875,62445900,745.1796264648438
2026-08-03 09:30:00,749.4400024414062,758.5800170898438,748.7999877929688,757.6699829101562,59927500,755.793212890625
2026-08-04 09:30:00,760.6300048828125,773.4099731445312,760.52001953125,771.3300170898438,69154800,769.4193725585938
2026-08-05 09:30:00,775.8499755859375,776.8499755859375,769.510009765625,769.7899780273438,44689100,767.8831787109375
2026-08-06 09:30:00,770.2100219726562,771.8200073242188,767.4600219726562,768.5599975585938,38416900,766.65625
2026-08-07 09:30:00,771.02001953125,773.9199829101562,769.6099853515625,773.260009765625,43586300,771.3446044921875
2026-08-10 09:30:00,772.5999755859375,775.0499877929688,771.6199951171875,773.030029296875,39249500,771.1151733398438
2026-08-11 09:30:00,774.530029296875,774.6099853515625,769.2000122070312,770.5599975585938,36740600,768.6513061523438
2026-08-12 09:30:00,774.7100219726562,774.9000244140625,771.280029296875,772.489990234375,33179100,770.5764770507812
2026-08-13 09:30:00,774.8699951171875,779.3699951171875,774.1099853515625,777.8800048828125,35634500,775.9531860351562
2026-08-14 09:30:00,778.5399780273438,778.7999877929688,775.4299926757812,776.3400268554688,31367900,774.4169921875
2026-08-17 09:30:00,776.1799926757812,776.780029296875,772.510009765625,772.6699829101562,34356600,770.7560424804688
2026-08-18 09:30:00,768.7000122070312,769.5,766.9199829101562,767.4500122070312,43920900,765.5490112304688
2026-08-19 09:30:00,770.3599853515625,772.469970703125,768.0999755859375,769.0599975585938,40306000,767.1549682617188
2026-08-20 09:30:00,765.9600219726562,768.1500244140625,762.0399780273438,762.5999755859375,45520300,760.7109985351562
2026-08-21 09:30:00,766.0499877929688,767.8499755859375,764.1699829101562,765.719970703125,39188700,763.8232421875
2026-08-24 09:30:00,764.780029296875,765.219970703125,762.0800170898438,763.469970703125,32430900,761.5787963867188
2026-08-25 09:30:00,766.1599731445312,766.780029296875,763.0499877929688,765.9099731445312,27422300,764.0127563476562
2026-08-26 09:30:00,764.72998046875,767.3499755859375,763.9299926757812,766.0800170898438,28751600,764.182373046875
2026-08-27 09:30:00,768.5,772.3599853515625,767.1599731445312,771.0999755859375,34557100,769.18994140625
2026-08-28 09:30:00,771.760009765625,775.2999877929688,768.3099975585938,769.3499755859375,36744300,767.4442749023438
2026-08-31 09:30:00,767.3300170898438,768.0,764.719970703125,767.0499877929688,38810800,765.1499633789062
2026-09-01 09:30:00,762.010009765625,764.6699829101562,759.47998046875,761.780029296875,41126300,759.89306640625
2026-09-02 09:30:00,762.4500122070312,766.4299926757812,761.72998046875,765.1599731445312,29566200,763.2646484375
2026-09-03 09:30:00,767.9000244140625,774.030029296875,767.4500122070312,773.1699829101562,43531600,771.2548217773438
2026-09-04 09:30:00,772.010009765625,772.8699951171875,769.0,770.1900024414062,34054200,768.2822265625
2026-09-08 09:30:00,769.0700073242188,769.7000122070312,765.1400146484375,765.9600219726562,44746100,764.0626831054688
2026-09-09 09:30:00,764.0800170898438,764.469970703125,760.9400024414062,762.4000244140625,32812400,760.5115356445312
2026-09-10 09:30:00,758.030029296875,760.1099853515625,756.6400146484375,757.8300170898438,42740400,755.9528198242188
2026-09-11 09:30:00,764.719970703125,766.3800048828125,763.5999755859375,764.2899780273438,45512700,762.3967895507812
2026-09-14 09:30:00,759.0,763.52001953125,757.9299926757812,760.8800048828125,43992400,758.9952392578125
2026-09-15 09:30:00,760.1199951171875,760.3499755859375,756.1500244140625,757.3900146484375,46195000,755.513916015625
2026-09-16 09:30:00,759.5,761.6699829101562,749.5999755859375,754.0499877929688,59217700,752.1821899414062
2026-09-17 09:30:00,763.1500244140625,763.5700073242188,759.9600219726562,762.5999755859375,49652800,760.7109985351562
2026-09-18 09:30:00,761.3099975585938,762.0,757.969970703125,761.6900024414062,65395100,761.6900024414062
2026-09-21 09:30:00,766.25,774.8900146484375,766.030029296875,773.5,50484700,773.5
2026-09-22 09:30:00,774.030029296875,775.1400146484375,772.5700073242188,773.3800048828125,34802300,773.3800048828125
2026-09-23 09:30:00,772.7899780273438,773.0499877929688,766.5,767.8099975585938,54931700,767.8099975585938
2026-09-24 09:30:00,764.0700073242188,768.9500122070312,763.25,767.1799926757812,43983700,767.1799926757812
2026-09-25 09:30:00,768.780029296875,772.280029296875,766.2899780273438,771.3499755859375,36666700,771.3499755859375
2026-09-28 09:30:00,768.3499755859375,769.5399780273438,763.719970703125,765.6099853515625,42694500,765.6099853515625
2026-09-29 09:30:00,766.8300170898438,766.97998046875,762.3499755859375,764.2000122070312,36910500,764.2000122070312
2026-09-30 09:30:00,766.4500122070312,769.4099731445312,762.1799926757812,762.6300048828125,62110000,762.6300048828125
2026-10-01 09:30:00,764.3599853515625,765.6500244140625,758.7899780273438,763.989990234375,47708100,763.989990234375
2026-10-02 09:30:00,770.5800170898438,772.6500244140625,767.1500244140625,769.6400146484375,46335300,769.6400146484375
2026-10-05 09:30:00,769.6900024414062,776.6099853515625,769.6300048828125,774.8300170898438,44840200,774.8300170898438
2026-10-06 09:30:00,778.1500244140625,781.6199951171875,777.9600219726562,779.0900268554688,36006700,779.0900268554688
